NOTE: PROCEDURE PRINTTO used (Total process time):
      real time           0.19 seconds
      user cpu time       0.00 seconds
      system cpu time     0.02 seconds
      memory              113.12k
      OS Memory           21920.00k
      Timestamp           08/26/2026 06:53:48 PM
      Step Count                        26  Switch Count  0
      Page Faults                       0
      Page Reclaims                     16
      Page Swaps                        0
      Voluntary Context Switches        8
      Involuntary Context Switches      0
      Block Input Operations            0
      Block Output Operations           0
      

NOTE: ===== create_ADaM_pva_oda starting (Part B) =====
NOTE: CREATE_PVA_STAMP=20260825M ADEG_BUILDER=mirror ADVS_BUILDER=mirror ADLB_BUILDER=mirror
NOTE: m_adsl_pva - BRTHDTC/BIRTHDTC not on raw.dm - omitted from ADSL.

NOTE: There were 306 observations read from the data set RAW.DM.
NOTE: The data set WORK._ADSL2_0 has 306 observations and 27 variables.
7                                                          The SAS System                     Wednesday, August 26, 2026 11:53:49 AM

NOTE: DATA statement used (Total process time):
      real time           0.27 seconds
      user cpu time       0.00 seconds
      system cpu time     0.02 seconds
      memory              961.71k
      OS Memory           22696.00k
      Timestamp           08/26/2026 06:53:49 PM
      Step Count                        27  Switch Count  2
      Page Faults                       0
      Page Reclaims                     184
      Page Swaps                        0
      Voluntary Context Switches        20
      Involuntary Context Switches      0
      Block Input Operations            0
      Block Output Operations           520
      


NOTE: There were 591 observations read from the data set RAW.EX.
NOTE: The data set WORK._MDTM_DATE has 591 observations and 18 variables.
NOTE: DATA statement used (Total process time):
      real time           0.19 seconds
      user cpu time       0.01 seconds
      system cpu time     0.01 seconds
      memory              942.15k
      OS Memory           22696.00k
      Timestamp           08/26/2026 06:53:49 PM
      Step Count                        28  Switch Count  2
      Page Faults                       1
      Page Reclaims                     152
      Page Swaps                        0
      Voluntary Context Switches        21
      Involuntary Context Switches      0
      Block Input Operations            104
      Block Output Operations           264
      

NOTE: work._mdtm_date has 591 observations.

NOTE: There were 591 observations read from the data set WORK._MDTM_DATE.
NOTE: The data set WORK._EX_ST has 591 observations and 19 variables.
NOTE: DATA statement used (Total process time):
      real time           0.00 seconds
      user cpu time       0.00 seconds
      system cpu time     0.00 seconds
      memory              910.71k
      OS Memory           22696.00k
      Timestamp           08/26/2026 06:53:49 PM
      Step Count                        29  Switch Count  2
      Page Faults                       0
      Page Reclaims                     102
      Page Swaps                        0
      Voluntary Context Switches        10
      Involuntary Context Switches      0
      Block Input Operations            0
      Block Output Operations           272
      

8                                                          The SAS System                     Wednesday, August 26, 2026 11:53:49 AM


NOTE: Deleting WORK._MDTM_DATE (memtype=DATA).
NOTE: PROCEDURE DATASETS used (Total process time):
      real time           0.00 seconds
      user cpu time       0.00 seconds
      system cpu time     0.00 seconds
      memory              368.43k
      OS Memory           22692.00k
      Timestamp           08/26/2026 06:53:49 PM
      Step Count                        30  Switch Count  2
      Page Faults                       0
      Page Reclaims                     67
      Page Swaps                        0
      Voluntary Context Switches        9
      Involuntary Context Switches      0
      Block Input Operations            0
      Block Output Operations           8
      

NOTE: work._ex_st has 591 observations.

NOTE: There were 591 observations read from the data set WORK._EX_ST.
NOTE: The data set WORK._MDTM_DATE has 591 observations and 20 variables.
NOTE: DATA statement used (Total process time):
      real time           0.00 seconds
      user cpu time       0.01 seconds
      system cpu time     0.00 seconds
      memory              968.15k
      OS Memory           22952.00k
      Timestamp           08/26/2026 06:53:49 PM
      Step Count                        31  Switch Count  2
      Page Faults                       0
      Page Reclaims                     100
      Page Swaps                        0
      Voluntary Context Switches        10
      Involuntary Context Switches      0
      Block Input Operations            0
      Block Output Operations           264
      

NOTE: work._mdtm_date has 591 observations.

NOTE: There were 591 observations read from the data set WORK._MDTM_DATE.
NOTE: The data set WORK._EX_EXT has 591 observations and 21 variables.
NOTE: DATA statement used (Total process time):
      real time           0.00 seconds
      user cpu time       0.00 seconds
      system cpu time     0.00 seconds
      memory              942.50k
      OS Memory           22952.00k
      Timestamp           08/26/2026 06:53:49 PM
      Step Count                        32  Switch Count  2
      Page Faults                       0
      Page Reclaims                     99
      Page Swaps                        0
      Voluntary Context Switches        11
      Involuntary Context Switches      0
      Block Input Operations            0
9                                                          The SAS System                     Wednesday, August 26, 2026 11:53:49 AM

      Block Output Operations           264
      


NOTE: Deleting WORK._MDTM_DATE (memtype=DATA).
NOTE: PROCEDURE DATASETS used (Total process time):
      real time           0.00 seconds
      user cpu time       0.00 seconds
      system cpu time     0.00 seconds
      memory              347.15k
      OS Memory           22692.00k
      Timestamp           08/26/2026 06:53:49 PM
      Step Count                        33  Switch Count  2
      Page Faults                       0
      Page Reclaims                     48
      Page Swaps                        0
      Voluntary Context Switches        9
      Involuntary Context Switches      0
      Block Input Operations            0
      Block Output Operations           8
      

NOTE: work._ex_ext has 591 observations.

NOTE: There were 591 observations read from the data set WORK._EX_EXT.
      WHERE ((EXDOSE>0) or ((EXDOSE=0) and (INDEX(UPCASE(EXTRT), 'PLACEBO')>0))) and (not MISSING(EXSTDTM));
NOTE: The data set WORK._DVJ_ADD has 591 observations and 21 variables.
NOTE: DATA statement used (Total process time):
      real time           0.00 seconds
      user cpu time       0.00 seconds
      system cpu time     0.00 seconds
      memory              887.71k
      OS Memory           22952.00k
      Timestamp           08/26/2026 06:53:49 PM
      Step Count                        34  Switch Count  2
      Page Faults                       0
      Page Reclaims                     116
      Page Swaps                        0
      Voluntary Context Switches        11
      Involuntary Context Switches      0
      Block Input Operations            0
      Block Output Operations           264
      


NOTE: There were 306 observations read from the data set WORK._ADSL2_0.
NOTE: The data set WORK._DVJ_BASE has 306 observations and 28 variables.
NOTE: DATA statement used (Total process time):
      real time           0.00 seconds
      user cpu time       0.00 seconds
      system cpu time     0.00 seconds
      memory              1107.25k
      OS Memory           23208.00k
      Timestamp           08/26/2026 06:53:49 PM
      Step Count                        35  Switch Count  2
      Page Faults                       0
      Page Reclaims                     155
      Page Swaps                        0
10                                                         The SAS System                     Wednesday, August 26, 2026 11:53:49 AM

      Voluntary Context Switches        10
      Involuntary Context Switches      0
      Block Input Operations            0
      Block Output Operations           520
      

NOTE: Table WORK._DVJ_JOINED created, with 643 rows and 33 columns.

NOTE: PROCEDURE SQL used (Total process time):
      real time           0.00 seconds
      user cpu time       0.00 seconds
      system cpu time     0.00 seconds
      memory              5983.59k
      OS Memory           28332.00k
      Timestamp           08/26/2026 06:53:49 PM
      Step Count                        36  Switch Count  2
      Page Faults                       0
      Page Reclaims                     394
      Page Swaps                        0
      Voluntary Context Switches        12
      Involuntary Context Switches      0
      Block Input Operations            0
      Block Output Operations           800
      


NOTE: There were 643 observations read from the data set WORK._DVJ_JOINED.
NOTE: The data set WORK._DVJ_JOINED has 643 observations and 33 variables.
NOTE: PROCEDURE SORT used (Total process time):
      real time           0.00 seconds
      user cpu time       0.00 seconds
      system cpu time     0.01 seconds
      memory              1659.62k
      OS Memory           24368.00k
      Timestamp           08/26/2026 06:53:49 PM
      Step Count                        37  Switch Count  2
      Page Faults                       0
      Page Reclaims                     172
      Page Swaps                        0
      Voluntary Context Switches        12
      Involuntary Context Switches      0
      Block Input Operations            0
      Block Output Operations           776
      


NOTE: There were 643 observations read from the data set WORK._DVJ_JOINED.
NOTE: The data set WORK._DVJ_OUT has 306 observations and 33 variables.
NOTE: DATA statement used (Total process time):
      real time           0.00 seconds
      user cpu time       0.01 seconds
      system cpu time     0.00 seconds
      memory              1316.78k
      OS Memory           23848.00k
      Timestamp           08/26/2026 06:53:49 PM
      Step Count                        38  Switch Count  2
      Page Faults                       0
      Page Reclaims                     123
11                                                         The SAS System                     Wednesday, August 26, 2026 11:53:49 AM

      Page Swaps                        0
      Voluntary Context Switches        12
      Involuntary Context Switches      0
      Block Input Operations            0
      Block Output Operations           520
      


NOTE: There were 306 observations read from the data set WORK._DVJ_OUT.
NOTE: The data set WORK._ADSL2_1 has 306 observations and 29 variables.
NOTE: DATA statement used (Total process time):
      real time           0.00 seconds
      user cpu time       0.00 seconds
      system cpu time     0.00 seconds
      memory              1115.43k
      OS Memory           23720.00k
      Timestamp           08/26/2026 06:53:49 PM
      Step Count                        39  Switch Count  2
      Page Faults                       0
      Page Reclaims                     91
      Page Swaps                        0
      Voluntary Context Switches        11
      Involuntary Context Switches      0
      Block Input Operations            0
      Block Output Operations           520
      


NOTE: The data set WORK._DVJ_IN_LBL has 27 observations and 41 variables.
NOTE: PROCEDURE CONTENTS used (Total process time):
      real time           0.00 seconds
      user cpu time       0.00 seconds
      system cpu time     0.00 seconds
      memory              1197.21k
      OS Memory           23980.00k
      Timestamp           08/26/2026 06:53:49 PM
      Step Count                        40  Switch Count  2
      Page Faults                       0
      Page Reclaims                     144
      Page Swaps                        0
      Voluntary Context Switches        10
      Involuntary Context Switches      0
      Block Input Operations            0
      Block Output Operations           272
      


NOTE: The data set WORK._DVJ_OUT_LBL has 29 observations and 41 variables.
NOTE: PROCEDURE CONTENTS used (Total process time):
      real time           0.00 seconds
      user cpu time       0.00 seconds
      system cpu time     0.00 seconds
      memory              1197.21k
      OS Memory           23980.00k
      Timestamp           08/26/2026 06:53:49 PM
      Step Count                        41  Switch Count  2
      Page Faults                       0
      Page Reclaims                     144
12                                                         The SAS System                     Wednesday, August 26, 2026 11:53:49 AM

      Page Swaps                        0
      Voluntary Context Switches        10
      Involuntary Context Switches      0
      Block Input Operations            0
      Block Output Operations           272
      

NOTE: There were 27 observations read from the data set WORK._DVJ_IN_LBL.
NOTE: The data set WORK._DVJ_IN_LBL has 27 observations and 41 variables.
NOTE: DATA statement used (Total process time):
      real time           0.00 seconds
      user cpu time       0.00 seconds
      system cpu time     0.00 seconds
      memory              913.81k
      OS Memory           23720.00k
      Timestamp           08/26/2026 06:53:49 PM
      Step Count                        42  Switch Count  2
      Page Faults                       0
      Page Reclaims                     114
      Page Swaps                        0
      Voluntary Context Switches        12
      Involuntary Context Switches      0
      Block Input Operations            0
      Block Output Operations           264
      


NOTE: There were 29 observations read from the data set WORK._DVJ_OUT_LBL.
NOTE: The data set WORK._DVJ_OUT_LBL has 29 observations and 41 variables.
NOTE: DATA statement used (Total process time):
      real time           0.00 seconds
      user cpu time       0.00 seconds
      system cpu time     0.00 seconds
      memory              909.78k
      OS Memory           23720.00k
      Timestamp           08/26/2026 06:53:49 PM
      Step Count                        43  Switch Count  2
      Page Faults                       0
      Page Reclaims                     114
      Page Swaps                        0
      Voluntary Context Switches        12
      Involuntary Context Switches      1
      Block Input Operations            0
      Block Output Operations           264
      


NOTE: There were 27 observations read from the data set WORK._DVJ_IN_LBL.
NOTE: The data set WORK._DVJ_IN_LBL has 27 observations and 41 variables.
NOTE: PROCEDURE SORT used (Total process time):
      real time           0.00 seconds
      user cpu time       0.00 seconds
      system cpu time     0.00 seconds
      memory              849.37k
      OS Memory           23720.00k
      Timestamp           08/26/2026 06:53:49 PM
      Step Count                        44  Switch Count  2
      Page Faults                       0
13                                                         The SAS System                     Wednesday, August 26, 2026 11:53:49 AM

      Page Reclaims                     106
      Page Swaps                        0
      Voluntary Context Switches        12
      Involuntary Context Switches      0
      Block Input Operations            0
      Block Output Operations           264
      


NOTE: There were 29 observations read from the data set WORK._DVJ_OUT_LBL.
NOTE: The data set WORK._DVJ_OUT_LBL has 29 observations and 41 variables.
NOTE: PROCEDURE SORT used (Total process time):
      real time           0.00 seconds
      user cpu time       0.01 seconds
      system cpu time     0.00 seconds
      memory              849.50k
      OS Memory           23720.00k
      Timestamp           08/26/2026 06:53:49 PM
      Step Count                        45  Switch Count  2
      Page Faults                       0
      Page Reclaims                     106
      Page Swaps                        0
      Voluntary Context Switches        12
      Involuntary Context Switches      1
      Block Input Operations            0
      Block Output Operations           264
      


NOTE: There were 29 observations read from the data set WORK._DVJ_OUT_LBL.
NOTE: There were 27 observations read from the data set WORK._DVJ_IN_LBL.
NOTE: The data set WORK._DVJ_RELABEL has 25 observations and 2 variables.
NOTE: DATA statement used (Total process time):
      real time           0.00 seconds
      user cpu time       0.00 seconds
      system cpu time     0.00 seconds
      memory              1246.46k
      OS Memory           23980.00k
      Timestamp           08/26/2026 06:53:49 PM
      Step Count                        46  Switch Count  2
      Page Faults                       0
      Page Reclaims                     155
      Page Swaps                        0
      Voluntary Context Switches        12
      Involuntary Context Switches      0
      Block Input Operations            0
      Block Output Operations           264
      

NOTE: PROCEDURE SQL used (Total process time):
      real time           0.00 seconds
      user cpu time       0.00 seconds
      system cpu time     0.00 seconds
      memory              5455.56k
      OS Memory           28584.00k
      Timestamp           08/26/2026 06:53:49 PM
      Step Count                        47  Switch Count  0
      Page Faults                       0
14                                                         The SAS System                     Wednesday, August 26, 2026 11:53:49 AM

      Page Reclaims                     52
      Page Swaps                        0
      Voluntary Context Switches        0
      Involuntary Context Switches      0
      Block Input Operations            0
      Block Output Operations           0
      


NOTE: There were 25 observations read from the data set WORK._DVJ_RELABEL.
NOTE: DATA statement used (Total process time):
      real time           0.00 seconds
      user cpu time       0.00 seconds
      system cpu time     0.00 seconds
      memory              615.37k
      OS Memory           23460.00k
      Timestamp           08/26/2026 06:53:49 PM
      Step Count                        48  Switch Count  0
      Page Faults                       0
      Page Reclaims                     80
      Page Swaps                        0
      Voluntary Context Switches        0
      Involuntary Context Switches      0
      Block Input Operations            0
      Block Output Operations           0
      

NOTE: CALL EXECUTE generated line.
1         + proc datasets lib=WORK nolist; modify _ADSL2_1;
2         + label ACTARM='Description of Actual Arm
3         +                ';
4         + label ACTARMCD='Actual Arm Code
5         +                  ';
6         + label AGE='Age
7         +             ';
8         + label AGEU='Age Units
9         +              ';
10        + label ARM='Description of Planned Arm
11        +             ';
12        + label ARMCD='Planned Arm Code
13        +               ';
14        + label COUNTRY='Country
15        +                 ';
16        + label DMDTC='Date/Time of Collection
17        +               ';
18        + label DMDY='Study Day of Collection
19        +              ';
20        + label DOMAIN='Domain Abbreviation
21        +                ';
22        + label DTHDTC='Date/Time of Death
23        +                ';
24        + label DTHFL='Subject Death Flag
25        +               ';
26        + label ETHNIC='Ethnicity
27        +                ';
28        + label RACE='Race
29        +              ';
30        + label RFENDTC='Subject Reference End Date/Time
15                                                         The SAS System                     Wednesday, August 26, 2026 11:53:49 AM

31        +                 ';
32        + label RFICDTC='Date/Time of Informed Consent
33        +                 ';
34        + label RFPENDTC='Date/Time of End of Participation
35        +                  ';
36        + label RFSTDTC='Subject Reference Start Date/Time
37        +                 ';
38        + label RFXENDTC='Date/Time of Last Study Treatment
39        +                  ';
40        + label RFXSTDTC='Date/Time of First Study Treatment
41        +                  ';
42        + label SEX='Sex
43        +             ';
44        + label SITEID='Study Site Identifier
45        +                ';
46        + label STUDYID='Study Identifier
47        +                 ';
48        + label SUBJID='Subject Identifier for the Study
49        +                ';
50        + label USUBJID='Unique Subject Identifier
51        +                 ';
52        + quit;

NOTE: MODIFY was successful for WORK._ADSL2_1.DATA.
NOTE: PROCEDURE DATASETS used (Total process time):
      real time           0.00 seconds
      user cpu time       0.00 seconds
      system cpu time     0.00 seconds
      memory              574.75k
      OS Memory           23460.00k
      Timestamp           08/26/2026 06:53:49 PM
      Step Count                        49  Switch Count  0
      Page Faults                       0
      Page Reclaims                     93
      Page Swaps                        0
      Voluntary Context Switches        0
      Involuntary Context Switches      0
      Block Input Operations            0
      Block Output Operations           16
      

NOTE: m_derive_vars_joined restored 25 label(s) on WORK._ADSL2_1

NOTE: Deleting WORK._DVJ_ADD (memtype=DATA).
NOTE: Deleting WORK._DVJ_BASE (memtype=DATA).
NOTE: Deleting WORK._DVJ_JOINED (memtype=DATA).
NOTE: Deleting WORK._DVJ_OUT (memtype=DATA).
NOTE: Deleting WORK._DVJ_IN_LBL (memtype=DATA).
NOTE: Deleting WORK._DVJ_OUT_LBL (memtype=DATA).
NOTE: Deleting WORK._DVJ_RELABEL (memtype=DATA).
NOTE: PROCEDURE DATASETS used (Total process time):
      real time           0.00 seconds
      user cpu time       0.01 seconds
      system cpu time     0.00 seconds
      memory              349.15k
      OS Memory           23460.00k
      Timestamp           08/26/2026 06:53:49 PM
      Step Count                        50  Switch Count  14
16                                                         The SAS System                     Wednesday, August 26, 2026 11:53:49 AM

      Page Faults                       0
      Page Reclaims                     48
      Page Swaps                        0
      Voluntary Context Switches        65
      Involuntary Context Switches      0
      Block Input Operations            0
      Block Output Operations           8
      

NOTE: work._adsl2_1 has 306 observations.

NOTE: There were 585 observations read from the data set WORK._EX_EXT.
      WHERE ((EXDOSE>0) or ((EXDOSE=0) and (INDEX(UPCASE(EXTRT), 'PLACEBO')>0))) and (not MISSING(EXENDTM));
NOTE: The data set WORK._DVJ_ADD has 585 observations and 21 variables.
NOTE: DATA statement used (Total process time):
      real time           0.00 seconds
      user cpu time       0.00 seconds
      system cpu time     0.00 seconds
      memory              887.81k
      OS Memory           23720.00k
      Timestamp           08/26/2026 06:53:49 PM
      Step Count                        51  Switch Count  2
      Page Faults                       0
      Page Reclaims                     100
      Page Swaps                        0
      Voluntary Context Switches        12
      Involuntary Context Switches      0
      Block Input Operations            0
      Block Output Operations           264
      


NOTE: There were 306 observations read from the data set WORK._ADSL2_1.
NOTE: The data set WORK._DVJ_BASE has 306 observations and 30 variables.
NOTE: DATA statement used (Total process time):
      real time           0.00 seconds
      user cpu time       0.00 seconds
      system cpu time     0.00 seconds
      memory              1115.46k
      OS Memory           23720.00k
      Timestamp           08/26/2026 06:53:49 PM
      Step Count                        52  Switch Count  2
      Page Faults                       0
      Page Reclaims                     95
      Page Swaps                        0
      Voluntary Context Switches        12
      Involuntary Context Switches      0
      Block Input Operations            0
      Block Output Operations           520
      

NOTE: Table WORK._DVJ_JOINED created, with 639 rows and 35 columns.

NOTE: PROCEDURE SQL used (Total process time):
      real time           0.00 seconds
      user cpu time       0.01 seconds
      system cpu time     0.00 seconds
      memory              5985.37k
17                                                         The SAS System                     Wednesday, August 26, 2026 11:53:49 AM

      OS Memory           28844.00k
      Timestamp           08/26/2026 06:53:49 PM
      Step Count                        53  Switch Count  2
      Page Faults                       0
      Page Reclaims                     243
      Page Swaps                        0
      Voluntary Context Switches        12
      Involuntary Context Switches      2
      Block Input Operations            0
      Block Output Operations           800
      


NOTE: There were 639 observations read from the data set WORK._DVJ_JOINED.
NOTE: The data set WORK._DVJ_JOINED has 639 observations and 35 variables.
NOTE: PROCEDURE SORT used (Total process time):
      real time           0.00 seconds
      user cpu time       0.00 seconds
      system cpu time     0.00 seconds
      memory              1670.59k
      OS Memory           24624.00k
      Timestamp           08/26/2026 06:53:49 PM
      Step Count                        54  Switch Count  2
      Page Faults                       0
      Page Reclaims                     173
      Page Swaps                        0
      Voluntary Context Switches        12
      Involuntary Context Switches      0
      Block Input Operations            0
      Block Output Operations           776
      


NOTE: There were 639 observations read from the data set WORK._DVJ_JOINED.
NOTE: The data set WORK._DVJ_OUT has 306 observations and 35 variables.
NOTE: DATA statement used (Total process time):
      real time           0.00 seconds
      user cpu time       0.00 seconds
      system cpu time     0.00 seconds
      memory              1327.12k
      OS Memory           24104.00k
      Timestamp           08/26/2026 06:53:49 PM
      Step Count                        55  Switch Count  2
      Page Faults                       0
      Page Reclaims                     123
      Page Swaps                        0
      Voluntary Context Switches        11
      Involuntary Context Switches      1
      Block Input Operations            0
      Block Output Operations           520
      


NOTE: There were 306 observations read from the data set WORK._DVJ_OUT.
NOTE: The data set WORK._ADSL2_2 has 306 observations and 31 variables.
NOTE: DATA statement used (Total process time):
      real time           0.00 seconds
      user cpu time       0.00 seconds
18                                                         The SAS System                     Wednesday, August 26, 2026 11:53:49 AM

      system cpu time     0.00 seconds
      memory              1123.09k
      OS Memory           23976.00k
      Timestamp           08/26/2026 06:53:49 PM
      Step Count                        56  Switch Count  2
      Page Faults                       0
      Page Reclaims                     91
      Page Swaps                        0
      Voluntary Context Switches        11
      Involuntary Context Switches      1
      Block Input Operations            0
      Block Output Operations           520
      


NOTE: The data set WORK._DVJ_IN_LBL has 29 observations and 41 variables.
NOTE: PROCEDURE CONTENTS used (Total process time):
      real time           0.00 seconds
      user cpu time       0.01 seconds
      system cpu time     0.00 seconds
      memory              1197.21k
      OS Memory           24236.00k
      Timestamp           08/26/2026 06:53:49 PM
      Step Count                        57  Switch Count  2
      Page Faults                       0
      Page Reclaims                     142
      Page Swaps                        0
      Voluntary Context Switches        11
      Involuntary Context Switches      0
      Block Input Operations            0
      Block Output Operations           272
      


NOTE: The data set WORK._DVJ_OUT_LBL has 31 observations and 41 variables.
NOTE: PROCEDURE CONTENTS used (Total process time):
      real time           0.00 seconds
      user cpu time       0.00 seconds
      system cpu time     0.00 seconds
      memory              1198.21k
      OS Memory           24236.00k
      Timestamp           08/26/2026 06:53:49 PM
      Step Count                        58  Switch Count  2
      Page Faults                       0
      Page Reclaims                     141
      Page Swaps                        0
      Voluntary Context Switches        9
      Involuntary Context Switches      0
      Block Input Operations            0
      Block Output Operations           272
      

NOTE: There were 29 observations read from the data set WORK._DVJ_IN_LBL.
NOTE: The data set WORK._DVJ_IN_LBL has 29 observations and 41 variables.
NOTE: DATA statement used (Total process time):
      real time           0.00 seconds
      user cpu time       0.00 seconds
      system cpu time     0.00 seconds
19                                                         The SAS System                     Wednesday, August 26, 2026 11:53:49 AM

      memory              909.68k
      OS Memory           23976.00k
      Timestamp           08/26/2026 06:53:49 PM
      Step Count                        59  Switch Count  2
      Page Faults                       0
      Page Reclaims                     114
      Page Swaps                        0
      Voluntary Context Switches        10
      Involuntary Context Switches      0
      Block Input Operations            0
      Block Output Operations           264
      


NOTE: There were 31 observations read from the data set WORK._DVJ_OUT_LBL.
NOTE: The data set WORK._DVJ_OUT_LBL has 31 observations and 41 variables.
NOTE: DATA statement used (Total process time):
      real time           0.00 seconds
      user cpu time       0.00 seconds
      system cpu time     0.00 seconds
      memory              910.93k
      OS Memory           23976.00k
      Timestamp           08/26/2026 06:53:49 PM
      Step Count                        60  Switch Count  2
      Page Faults                       0
      Page Reclaims                     113
      Page Swaps                        0
      Voluntary Context Switches        10
      Involuntary Context Switches      0
      Block Input Operations            0
      Block Output Operations           272
      


NOTE: There were 29 observations read from the data set WORK._DVJ_IN_LBL.
NOTE: The data set WORK._DVJ_IN_LBL has 29 observations and 41 variables.
NOTE: PROCEDURE SORT used (Total process time):
      real time           0.00 seconds
      user cpu time       0.00 seconds
      system cpu time     0.00 seconds
      memory              849.37k
      OS Memory           23976.00k
      Timestamp           08/26/2026 06:53:49 PM
      Step Count                        61  Switch Count  2
      Page Faults                       0
      Page Reclaims                     106
      Page Swaps                        0
      Voluntary Context Switches        11
      Involuntary Context Switches      0
      Block Input Operations            0
      Block Output Operations           264
      


NOTE: There were 31 observations read from the data set WORK._DVJ_OUT_LBL.
NOTE: The data set WORK._DVJ_OUT_LBL has 31 observations and 41 variables.
NOTE: PROCEDURE SORT used (Total process time):
      real time           0.00 seconds
20                                                         The SAS System                     Wednesday, August 26, 2026 11:53:49 AM

      user cpu time       0.00 seconds
      system cpu time     0.00 seconds
      memory              849.50k
      OS Memory           23976.00k
      Timestamp           08/26/2026 06:53:49 PM
      Step Count                        62  Switch Count  2
      Page Faults                       0
      Page Reclaims                     105
      Page Swaps                        0
      Voluntary Context Switches        11
      Involuntary Context Switches      0
      Block Input Operations            0
      Block Output Operations           264
      


NOTE: There were 31 observations read from the data set WORK._DVJ_OUT_LBL.
NOTE: There were 29 observations read from the data set WORK._DVJ_IN_LBL.
NOTE: The data set WORK._DVJ_RELABEL has 25 observations and 2 variables.
NOTE: DATA statement used (Total process time):
      real time           0.00 seconds
      user cpu time       0.01 seconds
      system cpu time     0.00 seconds
      memory              1246.46k
      OS Memory           24236.00k
      Timestamp           08/26/2026 06:53:49 PM
      Step Count                        63  Switch Count  2
      Page Faults                       0
      Page Reclaims                     154
      Page Swaps                        0
      Voluntary Context Switches        10
      Involuntary Context Switches      0
      Block Input Operations            0
      Block Output Operations           264
      

NOTE: PROCEDURE SQL used (Total process time):
      real time           0.00 seconds
      user cpu time       0.00 seconds
      system cpu time     0.00 seconds
      memory              5455.56k
      OS Memory           28840.00k
      Timestamp           08/26/2026 06:53:49 PM
      Step Count                        64  Switch Count  0
      Page Faults                       0
      Page Reclaims                     52
      Page Swaps                        0
      Voluntary Context Switches        0
      Involuntary Context Switches      0
      Block Input Operations            0
      Block Output Operations           0
      


NOTE: There were 25 observations read from the data set WORK._DVJ_RELABEL.
NOTE: DATA statement used (Total process time):
      real time           0.00 seconds
      user cpu time       0.00 seconds
21                                                         The SAS System                     Wednesday, August 26, 2026 11:53:49 AM

      system cpu time     0.00 seconds
      memory              615.37k
      OS Memory           23716.00k
      Timestamp           08/26/2026 06:53:49 PM
      Step Count                        65  Switch Count  0
      Page Faults                       0
      Page Reclaims                     57
      Page Swaps                        0
      Voluntary Context Switches        0
      Involuntary Context Switches      1
      Block Input Operations            0
      Block Output Operations           0
      

NOTE: CALL EXECUTE generated line.
1         + proc datasets lib=WORK nolist; modify _ADSL2_2;
2         + label ACTARM='Description of Actual Arm
3         +                ';
4         + label ACTARMCD='Actual Arm Code
5         +                  ';
6         + label AGE='Age
7         +             ';
8         + label AGEU='Age Units
9         +              ';
10        + label ARM='Description of Planned Arm
11        +             ';
12        + label ARMCD='Planned Arm Code
13        +               ';
14        + label COUNTRY='Country
15        +                 ';
16        + label DMDTC='Date/Time of Collection
17        +               ';
18        + label DMDY='Study Day of Collection
19        +              ';
20        + label DOMAIN='Domain Abbreviation
21        +                ';
22        + label DTHDTC='Date/Time of Death
23        +                ';
24        + label DTHFL='Subject Death Flag
25        +               ';
26        + label ETHNIC='Ethnicity
27        +                ';
28        + label RACE='Race
29        +              ';
30        + label RFENDTC='Subject Reference End Date/Time
31        +                 ';
32        + label RFICDTC='Date/Time of Informed Consent
33        +                 ';
34        + label RFPENDTC='Date/Time of End of Participation
35        +                  ';
36        + label RFSTDTC='Subject Reference Start Date/Time
37        +                 ';
38        + label RFXENDTC='Date/Time of Last Study Treatment
39        +                  ';
40        + label RFXSTDTC='Date/Time of First Study Treatment
41        +                  ';
42        + label SEX='Sex
43        +             ';
22                                                         The SAS System                     Wednesday, August 26, 2026 11:53:49 AM

44        + label SITEID='Study Site Identifier
45        +                ';
46        + label STUDYID='Study Identifier
47        +                 ';
48        + label SUBJID='Subject Identifier for the Study
49        +                ';
50        + label USUBJID='Unique Subject Identifier
51        +                 ';
52        + quit;

NOTE: MODIFY was successful for WORK._ADSL2_2.DATA.
NOTE: PROCEDURE DATASETS used (Total process time):
      real time           0.00 seconds
      user cpu time       0.00 seconds
      system cpu time     0.00 seconds
      memory              575.75k
      OS Memory           23716.00k
      Timestamp           08/26/2026 06:53:49 PM
      Step Count                        66  Switch Count  0
      Page Faults                       0
      Page Reclaims                     82
      Page Swaps                        0
      Voluntary Context Switches        0
      Involuntary Context Switches      0
      Block Input Operations            0
      Block Output Operations           16
      

NOTE: m_derive_vars_joined restored 25 label(s) on WORK._ADSL2_2

NOTE: Deleting WORK._DVJ_ADD (memtype=DATA).
NOTE: Deleting WORK._DVJ_BASE (memtype=DATA).
NOTE: Deleting WORK._DVJ_JOINED (memtype=DATA).
NOTE: Deleting WORK._DVJ_OUT (memtype=DATA).
NOTE: Deleting WORK._DVJ_IN_LBL (memtype=DATA).
NOTE: Deleting WORK._DVJ_OUT_LBL (memtype=DATA).
NOTE: Deleting WORK._DVJ_RELABEL (memtype=DATA).
NOTE: PROCEDURE DATASETS used (Total process time):
      real time           0.00 seconds
      user cpu time       0.00 seconds
      system cpu time     0.00 seconds
      memory              349.18k
      OS Memory           23716.00k
      Timestamp           08/26/2026 06:53:49 PM
      Step Count                        67  Switch Count  14
      Page Faults                       0
      Page Reclaims                     48
      Page Swaps                        0
      Voluntary Context Switches        63
      Involuntary Context Switches      0
      Block Input Operations            0
      Block Output Operations           8
      

NOTE: work._adsl2_2 has 306 observations.

NOTE: There were 306 observations read from the data set WORK._ADSL2_2.
NOTE: The data set WORK._ADSL2_4 has 306 observations and 33 variables.
23                                                         The SAS System                     Wednesday, August 26, 2026 11:53:49 AM

NOTE: DATA statement used (Total process time):
      real time           0.00 seconds
      user cpu time       0.00 seconds
      system cpu time     0.00 seconds
      memory              1134.43k
      OS Memory           23976.00k
      Timestamp           08/26/2026 06:53:49 PM
      Step Count                        68  Switch Count  2
      Page Faults                       0
      Page Reclaims                     136
      Page Swaps                        0
      Voluntary Context Switches        11
      Involuntary Context Switches      0
      Block Input Operations            0
      Block Output Operations           520
      

NOTE: work._adsl2_4 has 306 observations.

NOTE: There were 306 observations read from the data set WORK._ADSL2_4.
NOTE: The data set WORK._ADSL2_4B has 306 observations and 33 variables.
NOTE: DATA statement used (Total process time):
      real time           0.00 seconds
      user cpu time       0.00 seconds
      system cpu time     0.01 seconds
      memory              1127.90k
      OS Memory           23976.00k
      Timestamp           08/26/2026 06:53:49 PM
      Step Count                        69  Switch Count  2
      Page Faults                       0
      Page Reclaims                     91
      Page Swaps                        0
      Voluntary Context Switches        10
      Involuntary Context Switches      0
      Block Input Operations            0
      Block Output Operations           520
      


NOTE: There were 306 observations read from the data set WORK._ADSL2_4B.
NOTE: The data set WORK._ADSL2_5 has 306 observations and 34 variables.
NOTE: DATA statement used (Total process time):
      real time           0.00 seconds
      user cpu time       0.00 seconds
      system cpu time     0.00 seconds
      memory              1136.78k
      OS Memory           23976.00k
      Timestamp           08/26/2026 06:53:49 PM
      Step Count                        70  Switch Count  2
      Page Faults                       0
      Page Reclaims                     91
      Page Swaps                        0
      Voluntary Context Switches        10
      Involuntary Context Switches      0
      Block Input Operations            0
      Block Output Operations           520
      

24                                                         The SAS System                     Wednesday, August 26, 2026 11:53:49 AM

NOTE: work._adsl2_5 has 306 observations.

NOTE: There were 306 observations read from the data set WORK._ADSL2_5.
NOTE: The data set WORK._ADSL2_6 has 306 observations and 36 variables.
NOTE: DATA statement used (Total process time):
      real time           0.00 seconds
      user cpu time       0.00 seconds
      system cpu time     0.00 seconds
      memory              1242.28k
      OS Memory           23976.00k
      Timestamp           08/26/2026 06:53:49 PM
      Step Count                        71  Switch Count  2
      Page Faults                       0
      Page Reclaims                     91
      Page Swaps                        0
      Voluntary Context Switches        10
      Involuntary Context Switches      0
      Block Input Operations            0
      Block Output Operations           520
      

NOTE: work._adsl2_6 has 306 observations.

NOTE: There were 306 observations read from the data set WORK._ADSL2_6.
NOTE: The data set WORK._ADSL2_7 has 306 observations and 37 variables.
NOTE: DATA statement used (Total process time):
      real time           0.00 seconds
      user cpu time       0.01 seconds
      system cpu time     0.00 seconds
      memory              1139.65k
      OS Memory           23976.00k
      Timestamp           08/26/2026 06:53:49 PM
      Step Count                        72  Switch Count  2
      Page Faults                       0
      Page Reclaims                     91
      Page Swaps                        0
      Voluntary Context Switches        10
      Involuntary Context Switches      0
      Block Input Operations            0
      Block Output Operations           520
      

NOTE: work._adsl2_7 has 306 observations.

NOTE: There were 306 observations read from the data set WORK._ADSL2_7.
NOTE: The data set WORK._ADSL2_8 has 306 observations and 38 variables.
NOTE: DATA statement used (Total process time):
      real time           0.00 seconds
      user cpu time       0.00 seconds
      system cpu time     0.00 seconds
      memory              1142.71k
      OS Memory           23976.00k
      Timestamp           08/26/2026 06:53:49 PM
      Step Count                        73  Switch Count  2
      Page Faults                       0
      Page Reclaims                     91
      Page Swaps                        0
      Voluntary Context Switches        10
25                                                         The SAS System                     Wednesday, August 26, 2026 11:53:49 AM

      Involuntary Context Switches      0
      Block Input Operations            0
      Block Output Operations           520
      

NOTE: work._adsl2_8 has 306 observations.

NOTE: There were 850 observations read from the data set RAW.DS.
NOTE: The data set WORK._DS_EXT has 850 observations and 14 variables.
NOTE: DATA statement used (Total process time):
      real time           0.20 seconds
      user cpu time       0.01 seconds
      system cpu time     0.02 seconds
      memory              1177.81k
      OS Memory           23976.00k
      Timestamp           08/26/2026 06:53:49 PM
      Step Count                        74  Switch Count  2
      Page Faults                       0
      Page Reclaims                     91
      Page Swaps                        0
      Voluntary Context Switches        21
      Involuntary Context Switches      0
      Block Input Operations            0
      Block Output Operations           520
      

NOTE: work._ds_ext has 850 observations.

NOTE: There were 254 observations read from the data set WORK._DS_EXT.
      WHERE (UPCASE(DSCAT)='DISPOSITION EVENT') and (UPCASE(DSDECOD) not = 'SCREEN FAILURE');
NOTE: The data set WORK._DVJ_ADD has 254 observations and 14 variables.
NOTE: DATA statement used (Total process time):
      real time           0.00 seconds
      user cpu time       0.00 seconds
      system cpu time     0.00 seconds
      memory              973.15k
      OS Memory           23976.00k
      Timestamp           08/26/2026 06:53:49 PM
      Step Count                        75  Switch Count  2
      Page Faults                       0
      Page Reclaims                     108
      Page Swaps                        0
      Voluntary Context Switches        10
      Involuntary Context Switches      0
      Block Input Operations            0
      Block Output Operations           264
      


NOTE: There were 306 observations read from the data set WORK._ADSL2_8.
NOTE: The data set WORK._DVJ_BASE has 306 observations and 39 variables.
NOTE: DATA statement used (Total process time):
      real time           0.00 seconds
      user cpu time       0.00 seconds
      system cpu time     0.00 seconds
      memory              1138.59k
      OS Memory           23976.00k
      Timestamp           08/26/2026 06:53:49 PM
26                                                         The SAS System                     Wednesday, August 26, 2026 11:53:49 AM

      Step Count                        76  Switch Count  2
      Page Faults                       0
      Page Reclaims                     91
      Page Swaps                        0
      Voluntary Context Switches        10
      Involuntary Context Switches      0
      Block Input Operations            0
      Block Output Operations           520
      

NOTE: Table WORK._DVJ_JOINED created, with 306 rows and 42 columns.

NOTE: PROCEDURE SQL used (Total process time):
      real time           0.00 seconds
      user cpu time       0.00 seconds
      system cpu time     0.00 seconds
      memory              5986.84k
      OS Memory           29100.00k
      Timestamp           08/26/2026 06:53:49 PM
      Step Count                        77  Switch Count  2
      Page Faults                       0
      Page Reclaims                     248
      Page Swaps                        0
      Voluntary Context Switches        10
      Involuntary Context Switches      0
      Block Input Operations            0
      Block Output Operations           544
      


NOTE: There were 306 observations read from the data set WORK._DVJ_JOINED.
NOTE: The data set WORK._DVJ_JOINED has 306 observations and 42 variables.
NOTE: PROCEDURE SORT used (Total process time):
      real time           0.00 seconds
      user cpu time       0.01 seconds
      system cpu time     0.00 seconds
      memory              1550.40k
      OS Memory           24496.00k
      Timestamp           08/26/2026 06:53:49 PM
      Step Count                        78  Switch Count  2
      Page Faults                       0
      Page Reclaims                     99
      Page Swaps                        0
      Voluntary Context Switches        10
      Involuntary Context Switches      0
      Block Input Operations            0
      Block Output Operations           520
      


NOTE: There were 306 observations read from the data set WORK._DVJ_JOINED.
NOTE: The data set WORK._DVJ_OUT has 306 observations and 42 variables.
NOTE: DATA statement used (Total process time):
      real time           0.00 seconds
      user cpu time       0.00 seconds
      system cpu time     0.00 seconds
      memory              1211.34k
      OS Memory           23976.00k
27                                                         The SAS System                     Wednesday, August 26, 2026 11:53:49 AM

      Timestamp           08/26/2026 06:53:49 PM
      Step Count                        79  Switch Count  2
      Page Faults                       0
      Page Reclaims                     91
      Page Swaps                        0
      Voluntary Context Switches        10
      Involuntary Context Switches      0
      Block Input Operations            0
      Block Output Operations           528
      


NOTE: There were 306 observations read from the data set WORK._DVJ_OUT.
NOTE: The data set WORK._ADSL2_9 has 306 observations and 39 variables.
NOTE: DATA statement used (Total process time):
      real time           0.00 seconds
      user cpu time       0.00 seconds
      system cpu time     0.00 seconds
      memory              1142.34k
      OS Memory           23976.00k
      Timestamp           08/26/2026 06:53:49 PM
      Step Count                        80  Switch Count  2
      Page Faults                       0
      Page Reclaims                     91
      Page Swaps                        0
      Voluntary Context Switches        10
      Involuntary Context Switches      0
      Block Input Operations            0
      Block Output Operations           520
      


NOTE: The data set WORK._DVJ_IN_LBL has 38 observations and 41 variables.
NOTE: PROCEDURE CONTENTS used (Total process time):
      real time           0.00 seconds
      user cpu time       0.00 seconds
      system cpu time     0.00 seconds
      memory              1201.00k
      OS Memory           24236.00k
      Timestamp           08/26/2026 06:53:49 PM
      Step Count                        81  Switch Count  2
      Page Faults                       0
      Page Reclaims                     141
      Page Swaps                        0
      Voluntary Context Switches        9
      Involuntary Context Switches      0
      Block Input Operations            0
      Block Output Operations           272
      


NOTE: The data set WORK._DVJ_OUT_LBL has 39 observations and 41 variables.
NOTE: PROCEDURE CONTENTS used (Total process time):
      real time           0.00 seconds
      user cpu time       0.01 seconds
      system cpu time     0.00 seconds
      memory              1201.00k
      OS Memory           24236.00k
28                                                         The SAS System                     Wednesday, August 26, 2026 11:53:49 AM

      Timestamp           08/26/2026 06:53:49 PM
      Step Count                        82  Switch Count  2
      Page Faults                       0
      Page Reclaims                     140
      Page Swaps                        0
      Voluntary Context Switches        9
      Involuntary Context Switches      0
      Block Input Operations            0
      Block Output Operations           272
      

NOTE: There were 38 observations read from the data set WORK._DVJ_IN_LBL.
NOTE: The data set WORK._DVJ_IN_LBL has 38 observations and 41 variables.
NOTE: DATA statement used (Total process time):
      real time           0.00 seconds
      user cpu time       0.00 seconds
      system cpu time     0.00 seconds
      memory              909.81k
      OS Memory           23976.00k
      Timestamp           08/26/2026 06:53:49 PM
      Step Count                        83  Switch Count  2
      Page Faults                       0
      Page Reclaims                     112
      Page Swaps                        0
      Voluntary Context Switches        11
      Involuntary Context Switches      0
      Block Input Operations            0
      Block Output Operations           264
      


NOTE: There were 39 observations read from the data set WORK._DVJ_OUT_LBL.
NOTE: The data set WORK._DVJ_OUT_LBL has 39 observations and 41 variables.
NOTE: DATA statement used (Total process time):
      real time           0.00 seconds
      user cpu time       0.00 seconds
      system cpu time     0.00 seconds
      memory              910.06k
      OS Memory           23976.00k
      Timestamp           08/26/2026 06:53:49 PM
      Step Count                        84  Switch Count  2
      Page Faults                       0
      Page Reclaims                     112
      Page Swaps                        0
      Voluntary Context Switches        10
      Involuntary Context Switches      0
      Block Input Operations            0
      Block Output Operations           272
      


NOTE: There were 38 observations read from the data set WORK._DVJ_IN_LBL.
NOTE: The data set WORK._DVJ_IN_LBL has 38 observations and 41 variables.
NOTE: PROCEDURE SORT used (Total process time):
      real time           0.00 seconds
      user cpu time       0.00 seconds
      system cpu time     0.00 seconds
      memory              849.59k
29                                                         The SAS System                     Wednesday, August 26, 2026 11:53:49 AM

      OS Memory           23976.00k
      Timestamp           08/26/2026 06:53:49 PM
      Step Count                        85  Switch Count  2
      Page Faults                       0
      Page Reclaims                     104
      Page Swaps                        0
      Voluntary Context Switches        10
      Involuntary Context Switches      1
      Block Input Operations            0
      Block Output Operations           264
      


NOTE: There were 39 observations read from the data set WORK._DVJ_OUT_LBL.
NOTE: The data set WORK._DVJ_OUT_LBL has 39 observations and 41 variables.
NOTE: PROCEDURE SORT used (Total process time):
      real time           0.00 seconds
      user cpu time       0.00 seconds
      system cpu time     0.00 seconds
      memory              848.96k
      OS Memory           23976.00k
      Timestamp           08/26/2026 06:53:49 PM
      Step Count                        86  Switch Count  2
      Page Faults                       0
      Page Reclaims                     104
      Page Swaps                        0
      Voluntary Context Switches        11
      Involuntary Context Switches      0
      Block Input Operations            0
      Block Output Operations           264
      


NOTE: There were 39 observations read from the data set WORK._DVJ_OUT_LBL.
NOTE: There were 38 observations read from the data set WORK._DVJ_IN_LBL.
NOTE: The data set WORK._DVJ_RELABEL has 25 observations and 2 variables.
NOTE: DATA statement used (Total process time):
      real time           0.00 seconds
      user cpu time       0.00 seconds
      system cpu time     0.00 seconds
      memory              1246.59k
      OS Memory           24236.00k
      Timestamp           08/26/2026 06:53:49 PM
      Step Count                        87  Switch Count  2
      Page Faults                       0
      Page Reclaims                     154
      Page Swaps                        0
      Voluntary Context Switches        11
      Involuntary Context Switches      0
      Block Input Operations            0
      Block Output Operations           264
      

NOTE: PROCEDURE SQL used (Total process time):
      real time           0.00 seconds
      user cpu time       0.01 seconds
      system cpu time     0.00 seconds
      memory              5455.56k
30                                                         The SAS System                     Wednesday, August 26, 2026 11:53:49 AM

      OS Memory           28840.00k
      Timestamp           08/26/2026 06:53:49 PM
      Step Count                        88  Switch Count  0
      Page Faults                       0
      Page Reclaims                     54
      Page Swaps                        0
      Voluntary Context Switches        0
      Involuntary Context Switches      0
      Block Input Operations            0
      Block Output Operations           0
      


NOTE: There were 25 observations read from the data set WORK._DVJ_RELABEL.
NOTE: DATA statement used (Total process time):
      real time           0.00 seconds
      user cpu time       0.00 seconds
      system cpu time     0.00 seconds
      memory              615.37k
      OS Memory           23716.00k
      Timestamp           08/26/2026 06:53:49 PM
      Step Count                        89  Switch Count  0
      Page Faults                       0
      Page Reclaims                     57
      Page Swaps                        0
      Voluntary Context Switches        0
      Involuntary Context Switches      0
      Block Input Operations            0
      Block Output Operations           0
      

NOTE: CALL EXECUTE generated line.
1         + proc datasets lib=WORK nolist; modify _ADSL2_9;
2         + label ACTARM='Description of Actual Arm
3         +                ';
4         + label ACTARMCD='Actual Arm Code
5         +                  ';
6         + label AGE='Age
7         +             ';
8         + label AGEU='Age Units
9         +              ';
10        + label ARM='Description of Planned Arm
11        +             ';
12        + label ARMCD='Planned Arm Code
13        +               ';
14        + label COUNTRY='Country
15        +                 ';
16        + label DMDTC='Date/Time of Collection
17        +               ';
18        + label DMDY='Study Day of Collection
19        +              ';
20        + label DOMAIN='Domain Abbreviation
21        +                ';
22        + label DTHDTC='Date/Time of Death
23        +                ';
24        + label DTHFL='Subject Death Flag
25        +               ';
26        + label ETHNIC='Ethnicity
31                                                         The SAS System                     Wednesday, August 26, 2026 11:53:49 AM

27        +                ';
28        + label RACE='Race
29        +              ';
30        + label RFENDTC='Subject Reference End Date/Time
31        +                 ';
32        + label RFICDTC='Date/Time of Informed Consent
33        +                 ';
34        + label RFPENDTC='Date/Time of End of Participation
35        +                  ';
36        + label RFSTDTC='Subject Reference Start Date/Time
37        +                 ';
38        + label RFXENDTC='Date/Time of Last Study Treatment
39        +                  ';
40        + label RFXSTDTC='Date/Time of First Study Treatment
41        +                  ';
42        + label SEX='Sex
43        +             ';
44        + label SITEID='Study Site Identifier
45        +                ';
46        + label STUDYID='Study Identifier
47        +                 ';
48        + label SUBJID='Subject Identifier for the Study
49        +                ';
50        + label USUBJID='Unique Subject Identifier
51        +                 ';
52        + quit;

NOTE: MODIFY was successful for WORK._ADSL2_9.DATA.
NOTE: PROCEDURE DATASETS used (Total process time):
      real time           0.00 seconds
      user cpu time       0.00 seconds
      system cpu time     0.00 seconds
      memory              584.50k
      OS Memory           23716.00k
      Timestamp           08/26/2026 06:53:49 PM
      Step Count                        90  Switch Count  0
      Page Faults                       0
      Page Reclaims                     83
      Page Swaps                        0
      Voluntary Context Switches        0
      Involuntary Context Switches      1
      Block Input Operations            0
      Block Output Operations           8
      

NOTE: m_derive_vars_joined restored 25 label(s) on WORK._ADSL2_9

NOTE: Deleting WORK._DVJ_ADD (memtype=DATA).
NOTE: Deleting WORK._DVJ_BASE (memtype=DATA).
NOTE: Deleting WORK._DVJ_JOINED (memtype=DATA).
NOTE: Deleting WORK._DVJ_OUT (memtype=DATA).
NOTE: Deleting WORK._DVJ_IN_LBL (memtype=DATA).
NOTE: Deleting WORK._DVJ_OUT_LBL (memtype=DATA).
NOTE: Deleting WORK._DVJ_RELABEL (memtype=DATA).
NOTE: PROCEDURE DATASETS used (Total process time):
      real time           0.00 seconds
      user cpu time       0.00 seconds
      system cpu time     0.00 seconds
32                                                         The SAS System                     Wednesday, August 26, 2026 11:53:49 AM

      memory              349.03k
      OS Memory           23716.00k
      Timestamp           08/26/2026 06:53:49 PM
      Step Count                        91  Switch Count  14
      Page Faults                       0
      Page Reclaims                     48
      Page Swaps                        0
      Voluntary Context Switches        63
      Involuntary Context Switches      0
      Block Input Operations            0
      Block Output Operations           8
      

NOTE: work._adsl2_9 has 306 observations.

NOTE: There were 254 observations read from the data set WORK._DS_EXT.
      WHERE UPCASE(DSDECOD)='RANDOMIZED';
NOTE: The data set WORK._DVJ_ADD has 254 observations and 14 variables.
NOTE: DATA statement used (Total process time):
      real time           0.00 seconds
      user cpu time       0.01 seconds
      system cpu time     0.00 seconds
      memory              973.62k
      OS Memory           23976.00k
      Timestamp           08/26/2026 06:53:49 PM
      Step Count                        92  Switch Count  2
      Page Faults                       0
      Page Reclaims                     108
      Page Swaps                        0
      Voluntary Context Switches        10
      Involuntary Context Switches      0
      Block Input Operations            0
      Block Output Operations           264
      


NOTE: There were 306 observations read from the data set WORK._ADSL2_9.
NOTE: The data set WORK._DVJ_BASE has 306 observations and 40 variables.
NOTE: DATA statement used (Total process time):
      real time           0.00 seconds
      user cpu time       0.00 seconds
      system cpu time     0.00 seconds
      memory              1139.75k
      OS Memory           23976.00k
      Timestamp           08/26/2026 06:53:49 PM
      Step Count                        93  Switch Count  2
      Page Faults                       0
      Page Reclaims                     91
      Page Swaps                        0
      Voluntary Context Switches        10
      Involuntary Context Switches      0
      Block Input Operations            0
      Block Output Operations           520
      

NOTE: Table WORK._DVJ_JOINED created, with 306 rows and 43 columns.

NOTE: PROCEDURE SQL used (Total process time):
33                                                         The SAS System                     Wednesday, August 26, 2026 11:53:49 AM

      real time           0.00 seconds
      user cpu time       0.00 seconds
      system cpu time     0.00 seconds
      memory              5986.71k
      OS Memory           29100.00k
      Timestamp           08/26/2026 06:53:49 PM
      Step Count                        94  Switch Count  2
      Page Faults                       0
      Page Reclaims                     246
      Page Swaps                        0
      Voluntary Context Switches        10
      Involuntary Context Switches      0
      Block Input Operations            0
      Block Output Operations           544
      


NOTE: There were 306 observations read from the data set WORK._DVJ_JOINED.
NOTE: The data set WORK._DVJ_JOINED has 306 observations and 43 variables.
NOTE: PROCEDURE SORT used (Total process time):
      real time           0.00 seconds
      user cpu time       0.00 seconds
      system cpu time     0.00 seconds
      memory              1550.21k
      OS Memory           24496.00k
      Timestamp           08/26/2026 06:53:49 PM
      Step Count                        95  Switch Count  2
      Page Faults                       0
      Page Reclaims                     99
      Page Swaps                        0
      Voluntary Context Switches        11
      Involuntary Context Switches      0
      Block Input Operations            0
      Block Output Operations           520
      


NOTE: There were 306 observations read from the data set WORK._DVJ_JOINED.
NOTE: The data set WORK._DVJ_OUT has 306 observations and 43 variables.
NOTE: DATA statement used (Total process time):
      real time           0.00 seconds
      user cpu time       0.00 seconds
      system cpu time     0.01 seconds
      memory              1211.18k
      OS Memory           23976.00k
      Timestamp           08/26/2026 06:53:49 PM
      Step Count                        96  Switch Count  2
      Page Faults                       0
      Page Reclaims                     91
      Page Swaps                        0
      Voluntary Context Switches        10
      Involuntary Context Switches      0
      Block Input Operations            0
      Block Output Operations           528
      


NOTE: There were 306 observations read from the data set WORK._DVJ_OUT.
34                                                         The SAS System                     Wednesday, August 26, 2026 11:53:49 AM

NOTE: The data set WORK._ADSL2_10 has 306 observations and 40 variables.
NOTE: DATA statement used (Total process time):
      real time           0.00 seconds
      user cpu time       0.00 seconds
      system cpu time     0.00 seconds
      memory              1144.65k
      OS Memory           23976.00k
      Timestamp           08/26/2026 06:53:49 PM
      Step Count                        97  Switch Count  2
      Page Faults                       0
      Page Reclaims                     91
      Page Swaps                        0
      Voluntary Context Switches        10
      Involuntary Context Switches      0
      Block Input Operations            0
      Block Output Operations           520
      


NOTE: The data set WORK._DVJ_IN_LBL has 39 observations and 41 variables.
NOTE: PROCEDURE CONTENTS used (Total process time):
      real time           0.00 seconds
      user cpu time       0.01 seconds
      system cpu time     0.00 seconds
      memory              1200.71k
      OS Memory           24236.00k
      Timestamp           08/26/2026 06:53:49 PM
      Step Count                        98  Switch Count  2
      Page Faults                       0
      Page Reclaims                     142
      Page Swaps                        0
      Voluntary Context Switches        9
      Involuntary Context Switches      0
      Block Input Operations            0
      Block Output Operations           272
      


NOTE: The data set WORK._DVJ_OUT_LBL has 40 observations and 41 variables.
NOTE: PROCEDURE CONTENTS used (Total process time):
      real time           0.00 seconds
      user cpu time       0.00 seconds
      system cpu time     0.00 seconds
      memory              1200.71k
      OS Memory           24236.00k
      Timestamp           08/26/2026 06:53:49 PM
      Step Count                        99  Switch Count  2
      Page Faults                       0
      Page Reclaims                     139
      Page Swaps                        0
      Voluntary Context Switches        9
      Involuntary Context Switches      0
      Block Input Operations            0
      Block Output Operations           272
      

NOTE: There were 39 observations read from the data set WORK._DVJ_IN_LBL.
NOTE: The data set WORK._DVJ_IN_LBL has 39 observations and 41 variables.
35                                                         The SAS System                     Wednesday, August 26, 2026 11:53:49 AM

NOTE: DATA statement used (Total process time):
      real time           0.00 seconds
      user cpu time       0.00 seconds
      system cpu time     0.00 seconds
      memory              909.93k
      OS Memory           23976.00k
      Timestamp           08/26/2026 06:53:49 PM
      Step Count                        100  Switch Count  2
      Page Faults                       0
      Page Reclaims                     112
      Page Swaps                        0
      Voluntary Context Switches        10
      Involuntary Context Switches      0
      Block Input Operations            0
      Block Output Operations           264
      


NOTE: There were 40 observations read from the data set WORK._DVJ_OUT_LBL.
NOTE: The data set WORK._DVJ_OUT_LBL has 40 observations and 41 variables.
NOTE: DATA statement used (Total process time):
      real time           0.00 seconds
      user cpu time       0.00 seconds
      system cpu time     0.00 seconds
      memory              909.93k
      OS Memory           23976.00k
      Timestamp           08/26/2026 06:53:49 PM
      Step Count                        101  Switch Count  2
      Page Faults                       0
      Page Reclaims                     111
      Page Swaps                        0
      Voluntary Context Switches        10
      Involuntary Context Switches      1
      Block Input Operations            0
      Block Output Operations           272
      


NOTE: There were 39 observations read from the data set WORK._DVJ_IN_LBL.
NOTE: The data set WORK._DVJ_IN_LBL has 39 observations and 41 variables.
NOTE: PROCEDURE SORT used (Total process time):
      real time           0.00 seconds
      user cpu time       0.00 seconds
      system cpu time     0.00 seconds
      memory              849.37k
      OS Memory           23976.00k
      Timestamp           08/26/2026 06:53:49 PM
      Step Count                        102  Switch Count  2
      Page Faults                       0
      Page Reclaims                     104
      Page Swaps                        0
      Voluntary Context Switches        10
      Involuntary Context Switches      0
      Block Input Operations            0
      Block Output Operations           264
      


36                                                         The SAS System                     Wednesday, August 26, 2026 11:53:49 AM

NOTE: There were 40 observations read from the data set WORK._DVJ_OUT_LBL.
NOTE: The data set WORK._DVJ_OUT_LBL has 40 observations and 41 variables.
NOTE: PROCEDURE SORT used (Total process time):
      real time           0.00 seconds
      user cpu time       0.00 seconds
      system cpu time     0.00 seconds
      memory              848.96k
      OS Memory           23976.00k
      Timestamp           08/26/2026 06:53:49 PM
      Step Count                        103  Switch Count  2
      Page Faults                       0
      Page Reclaims                     103
      Page Swaps                        0
      Voluntary Context Switches        10
      Involuntary Context Switches      0
      Block Input Operations            0
      Block Output Operations           264
      


NOTE: There were 40 observations read from the data set WORK._DVJ_OUT_LBL.
NOTE: There were 39 observations read from the data set WORK._DVJ_IN_LBL.
NOTE: The data set WORK._DVJ_RELABEL has 25 observations and 2 variables.
NOTE: DATA statement used (Total process time):
      real time           0.00 seconds
      user cpu time       0.01 seconds
      system cpu time     0.00 seconds
      memory              1246.65k
      OS Memory           24236.00k
      Timestamp           08/26/2026 06:53:49 PM
      Step Count                        104  Switch Count  2
      Page Faults                       0
      Page Reclaims                     154
      Page Swaps                        0
      Voluntary Context Switches        10
      Involuntary Context Switches      0
      Block Input Operations            0
      Block Output Operations           264
      

NOTE: PROCEDURE SQL used (Total process time):
      real time           0.00 seconds
      user cpu time       0.00 seconds
      system cpu time     0.00 seconds
      memory              5455.56k
      OS Memory           28840.00k
      Timestamp           08/26/2026 06:53:49 PM
      Step Count                        105  Switch Count  0
      Page Faults                       0
      Page Reclaims                     53
      Page Swaps                        0
      Voluntary Context Switches        0
      Involuntary Context Switches      0
      Block Input Operations            0
      Block Output Operations           0
      


37                                                         The SAS System                     Wednesday, August 26, 2026 11:53:49 AM

NOTE: There were 25 observations read from the data set WORK._DVJ_RELABEL.
NOTE: DATA statement used (Total process time):
      real time           0.00 seconds
      user cpu time       0.00 seconds
      system cpu time     0.00 seconds
      memory              615.37k
      OS Memory           23716.00k
      Timestamp           08/26/2026 06:53:49 PM
      Step Count                        106  Switch Count  0
      Page Faults                       0
      Page Reclaims                     57
      Page Swaps                        0
      Voluntary Context Switches        0
      Involuntary Context Switches      0
      Block Input Operations            0
      Block Output Operations           8
      

NOTE: CALL EXECUTE generated line.
1         + proc datasets lib=WORK nolist; modify _ADSL2_10;
2         + label ACTARM='Description of Actual Arm
3         +                ';
4         + label ACTARMCD='Actual Arm Code
5         +                  ';
6         + label AGE='Age
7         +             ';
8         + label AGEU='Age Units
9         +              ';
10        + label ARM='Description of Planned Arm
11        +             ';
12        + label ARMCD='Planned Arm Code
13        +               ';
14        + label COUNTRY='Country
15        +                 ';
16        + label DMDTC='Date/Time of Collection
17        +               ';
18        + label DMDY='Study Day of Collection
19        +              ';
20        + label DOMAIN='Domain Abbreviation
21        +                ';
22        + label DTHDTC='Date/Time of Death
23        +                ';
24        + label DTHFL='Subject Death Flag
25        +               ';
26        + label ETHNIC='Ethnicity
27        +                ';
28        + label RACE='Race
29        +              ';
30        + label RFENDTC='Subject Reference End Date/Time
31        +                 ';
32        + label RFICDTC='Date/Time of Informed Consent
33        +                 ';
34        + label RFPENDTC='Date/Time of End of Participation
35        +                  ';
36        + label RFSTDTC='Subject Reference Start Date/Time
37        +                 ';
38        + label RFXENDTC='Date/Time of Last Study Treatment
39        +                  ';
38                                                         The SAS System                     Wednesday, August 26, 2026 11:53:49 AM

40        + label RFXSTDTC='Date/Time of First Study Treatment
41        +                  ';
42        + label SEX='Sex
43        +             ';
44        + label SITEID='Study Site Identifier
45        +                ';
46        + label STUDYID='Study Identifier
47        +                 ';
48        + label SUBJID='Subject Identifier for the Study
49        +                ';
50        + label USUBJID='Unique Subject Identifier
51        +                 ';
52        + quit;

NOTE: MODIFY was successful for WORK._ADSL2_10.DATA.
NOTE: PROCEDURE DATASETS used (Total process time):
      real time           0.00 seconds
      user cpu time       0.00 seconds
      system cpu time     0.00 seconds
      memory              582.75k
      OS Memory           23716.00k
      Timestamp           08/26/2026 06:53:49 PM
      Step Count                        107  Switch Count  0
      Page Faults                       0
      Page Reclaims                     82
      Page Swaps                        0
      Voluntary Context Switches        0
      Involuntary Context Switches      0
      Block Input Operations            0
      Block Output Operations           8
      

NOTE: m_derive_vars_joined restored 25 label(s) on WORK._ADSL2_10

NOTE: Deleting WORK._DVJ_ADD (memtype=DATA).
NOTE: Deleting WORK._DVJ_BASE (memtype=DATA).
NOTE: Deleting WORK._DVJ_JOINED (memtype=DATA).
NOTE: Deleting WORK._DVJ_OUT (memtype=DATA).
NOTE: Deleting WORK._DVJ_IN_LBL (memtype=DATA).
NOTE: Deleting WORK._DVJ_OUT_LBL (memtype=DATA).
NOTE: Deleting WORK._DVJ_RELABEL (memtype=DATA).
NOTE: PROCEDURE DATASETS used (Total process time):
      real time           0.00 seconds
      user cpu time       0.00 seconds
      system cpu time     0.00 seconds
      memory              350.18k
      OS Memory           23716.00k
      Timestamp           08/26/2026 06:53:49 PM
      Step Count                        108  Switch Count  14
      Page Faults                       0
      Page Reclaims                     48
      Page Swaps                        0
      Voluntary Context Switches        63
      Involuntary Context Switches      0
      Block Input Operations            0
      Block Output Operations           16
      

39                                                         The SAS System                     Wednesday, August 26, 2026 11:53:49 AM

NOTE: work._adsl2_10 has 306 observations.

NOTE: There were 52 observations read from the data set WORK._DS_EXT.
      WHERE (UPCASE(DSCAT)='DISPOSITION EVENT') and (UPCASE(DSDECOD)='SCREEN FAILURE');
NOTE: The data set WORK._DVJ_ADD has 52 observations and 14 variables.
NOTE: DATA statement used (Total process time):
      real time           0.00 seconds
      user cpu time       0.01 seconds
      system cpu time     0.00 seconds
      memory              973.25k
      OS Memory           23976.00k
      Timestamp           08/26/2026 06:53:49 PM
      Step Count                        109  Switch Count  2
      Page Faults                       0
      Page Reclaims                     119
      Page Swaps                        0
      Voluntary Context Switches        10
      Involuntary Context Switches      1
      Block Input Operations            0
      Block Output Operations           264
      


NOTE: There were 306 observations read from the data set WORK._ADSL2_10.
NOTE: The data set WORK._DVJ_BASE has 306 observations and 41 variables.
NOTE: DATA statement used (Total process time):
      real time           0.00 seconds
      user cpu time       0.00 seconds
      system cpu time     0.00 seconds
      memory              1145.96k
      OS Memory           23976.00k
      Timestamp           08/26/2026 06:53:49 PM
      Step Count                        110  Switch Count  2
      Page Faults                       0
      Page Reclaims                     91
      Page Swaps                        0
      Voluntary Context Switches        10
      Involuntary Context Switches      0
      Block Input Operations            0
      Block Output Operations           520
      

NOTE: Table WORK._DVJ_JOINED created, with 306 rows and 44 columns.

NOTE: PROCEDURE SQL used (Total process time):
      real time           0.00 seconds
      user cpu time       0.00 seconds
      system cpu time     0.00 seconds
      memory              6082.75k
      OS Memory           29100.00k
      Timestamp           08/26/2026 06:53:49 PM
      Step Count                        111  Switch Count  2
      Page Faults                       0
      Page Reclaims                     244
      Page Swaps                        0
      Voluntary Context Switches        10
      Involuntary Context Switches      0
      Block Input Operations            0
40                                                         The SAS System                     Wednesday, August 26, 2026 11:53:49 AM

      Block Output Operations           544
      


NOTE: There were 306 observations read from the data set WORK._DVJ_JOINED.
NOTE: The data set WORK._DVJ_JOINED has 306 observations and 44 variables.
NOTE: PROCEDURE SORT used (Total process time):
      real time           0.00 seconds
      user cpu time       0.00 seconds
      system cpu time     0.00 seconds
      memory              1551.31k
      OS Memory           24496.00k
      Timestamp           08/26/2026 06:53:49 PM
      Step Count                        112  Switch Count  2
      Page Faults                       0
      Page Reclaims                     100
      Page Swaps                        0
      Voluntary Context Switches        10
      Involuntary Context Switches      1
      Block Input Operations            0
      Block Output Operations           520
      


NOTE: There were 306 observations read from the data set WORK._DVJ_JOINED.
NOTE: The data set WORK._DVJ_OUT has 306 observations and 44 variables.
NOTE: DATA statement used (Total process time):
      real time           0.00 seconds
      user cpu time       0.00 seconds
      system cpu time     0.00 seconds
      memory              1213.96k
      OS Memory           23976.00k
      Timestamp           08/26/2026 06:53:49 PM
      Step Count                        113  Switch Count  2
      Page Faults                       0
      Page Reclaims                     91
      Page Swaps                        0
      Voluntary Context Switches        10
      Involuntary Context Switches      0
      Block Input Operations            0
      Block Output Operations           520
      


NOTE: There were 306 observations read from the data set WORK._DVJ_OUT.
NOTE: The data set WORK._ADSL2_10B has 306 observations and 41 variables.
NOTE: DATA statement used (Total process time):
      real time           0.00 seconds
      user cpu time       0.00 seconds
      system cpu time     0.00 seconds
      memory              1150.65k
      OS Memory           23976.00k
      Timestamp           08/26/2026 06:53:49 PM
      Step Count                        114  Switch Count  2
      Page Faults                       0
      Page Reclaims                     91
      Page Swaps                        0
      Voluntary Context Switches        10
41                                                         The SAS System                     Wednesday, August 26, 2026 11:53:49 AM

      Involuntary Context Switches      0
      Block Input Operations            0
      Block Output Operations           520
      


NOTE: The data set WORK._DVJ_IN_LBL has 40 observations and 41 variables.
NOTE: PROCEDURE CONTENTS used (Total process time):
      real time           0.00 seconds
      user cpu time       0.00 seconds
      system cpu time     0.00 seconds
      memory              1201.00k
      OS Memory           24236.00k
      Timestamp           08/26/2026 06:53:49 PM
      Step Count                        115  Switch Count  2
      Page Faults                       0
      Page Reclaims                     139
      Page Swaps                        0
      Voluntary Context Switches        9
      Involuntary Context Switches      1
      Block Input Operations            0
      Block Output Operations           272
      


NOTE: The data set WORK._DVJ_OUT_LBL has 41 observations and 41 variables.
NOTE: PROCEDURE CONTENTS used (Total process time):
      real time           0.00 seconds
      user cpu time       0.00 seconds
      system cpu time     0.00 seconds
      memory              1201.00k
      OS Memory           24236.00k
      Timestamp           08/26/2026 06:53:49 PM
      Step Count                        116  Switch Count  2
      Page Faults                       0
      Page Reclaims                     139
      Page Swaps                        0
      Voluntary Context Switches        9
      Involuntary Context Switches      1
      Block Input Operations            0
      Block Output Operations           272
      

NOTE: There were 40 observations read from the data set WORK._DVJ_IN_LBL.
NOTE: The data set WORK._DVJ_IN_LBL has 40 observations and 41 variables.
NOTE: DATA statement used (Total process time):
      real time           0.00 seconds
      user cpu time       0.00 seconds
      system cpu time     0.00 seconds
      memory              909.84k
      OS Memory           23976.00k
      Timestamp           08/26/2026 06:53:49 PM
      Step Count                        117  Switch Count  2
      Page Faults                       0
      Page Reclaims                     111
      Page Swaps                        0
      Voluntary Context Switches        10
      Involuntary Context Switches      0
42                                                         The SAS System                     Wednesday, August 26, 2026 11:53:49 AM

      Block Input Operations            0
      Block Output Operations           264
      


NOTE: There were 41 observations read from the data set WORK._DVJ_OUT_LBL.
NOTE: The data set WORK._DVJ_OUT_LBL has 41 observations and 41 variables.
NOTE: DATA statement used (Total process time):
      real time           0.00 seconds
      user cpu time       0.01 seconds
      system cpu time     0.00 seconds
      memory              910.03k
      OS Memory           23976.00k
      Timestamp           08/26/2026 06:53:49 PM
      Step Count                        118  Switch Count  2
      Page Faults                       0
      Page Reclaims                     111
      Page Swaps                        0
      Voluntary Context Switches        10
      Involuntary Context Switches      0
      Block Input Operations            0
      Block Output Operations           264
      


NOTE: There were 40 observations read from the data set WORK._DVJ_IN_LBL.
NOTE: The data set WORK._DVJ_IN_LBL has 40 observations and 41 variables.
NOTE: PROCEDURE SORT used (Total process time):
      real time           0.00 seconds
      user cpu time       0.00 seconds
      system cpu time     0.00 seconds
      memory              849.59k
      OS Memory           23976.00k
      Timestamp           08/26/2026 06:53:49 PM
      Step Count                        119  Switch Count  2
      Page Faults                       0
      Page Reclaims                     103
      Page Swaps                        0
      Voluntary Context Switches        10
      Involuntary Context Switches      1
      Block Input Operations            0
      Block Output Operations           264
      


NOTE: There were 41 observations read from the data set WORK._DVJ_OUT_LBL.
NOTE: The data set WORK._DVJ_OUT_LBL has 41 observations and 41 variables.
NOTE: PROCEDURE SORT used (Total process time):
      real time           0.00 seconds
      user cpu time       0.00 seconds
      system cpu time     0.01 seconds
      memory              848.96k
      OS Memory           23976.00k
      Timestamp           08/26/2026 06:53:49 PM
      Step Count                        120  Switch Count  2
      Page Faults                       0
      Page Reclaims                     103
      Page Swaps                        0
43                                                         The SAS System                     Wednesday, August 26, 2026 11:53:49 AM

      Voluntary Context Switches        11
      Involuntary Context Switches      0
      Block Input Operations            0
      Block Output Operations           264
      


NOTE: There were 41 observations read from the data set WORK._DVJ_OUT_LBL.
NOTE: There were 40 observations read from the data set WORK._DVJ_IN_LBL.
NOTE: The data set WORK._DVJ_RELABEL has 25 observations and 2 variables.
NOTE: DATA statement used (Total process time):
      real time           0.00 seconds
      user cpu time       0.00 seconds
      system cpu time     0.00 seconds
      memory              1246.65k
      OS Memory           24236.00k
      Timestamp           08/26/2026 06:53:49 PM
      Step Count                        121  Switch Count  2
      Page Faults                       0
      Page Reclaims                     154
      Page Swaps                        0
      Voluntary Context Switches        10
      Involuntary Context Switches      0
      Block Input Operations            0
      Block Output Operations           264
      

NOTE: PROCEDURE SQL used (Total process time):
      real time           0.00 seconds
      user cpu time       0.00 seconds
      system cpu time     0.00 seconds
      memory              5455.56k
      OS Memory           28840.00k
      Timestamp           08/26/2026 06:53:49 PM
      Step Count                        122  Switch Count  0
      Page Faults                       0
      Page Reclaims                     53
      Page Swaps                        0
      Voluntary Context Switches        0
      Involuntary Context Switches      0
      Block Input Operations            0
      Block Output Operations           8
      


NOTE: There were 25 observations read from the data set WORK._DVJ_RELABEL.
NOTE: DATA statement used (Total process time):
      real time           0.00 seconds
      user cpu time       0.00 seconds
      system cpu time     0.00 seconds
      memory              615.37k
      OS Memory           23716.00k
      Timestamp           08/26/2026 06:53:49 PM
      Step Count                        123  Switch Count  0
      Page Faults                       0
      Page Reclaims                     57
      Page Swaps                        0
      Voluntary Context Switches        0
44                                                         The SAS System                     Wednesday, August 26, 2026 11:53:49 AM

      Involuntary Context Switches      1
      Block Input Operations            0
      Block Output Operations           0
      

NOTE: CALL EXECUTE generated line.
1         + proc datasets lib=WORK nolist; modify _ADSL2_10B;
2         + label ACTARM='Description of Actual Arm
3         +                ';
4         + label ACTARMCD='Actual Arm Code
5         +                  ';
6         + label AGE='Age
7         +             ';
8         + label AGEU='Age Units
9         +              ';
10        + label ARM='Description of Planned Arm
11        +             ';
12        + label ARMCD='Planned Arm Code
13        +               ';
14        + label COUNTRY='Country
15        +                 ';
16        + label DMDTC='Date/Time of Collection
17        +               ';
18        + label DMDY='Study Day of Collection
19        +              ';
20        + label DOMAIN='Domain Abbreviation
21        +                ';
22        + label DTHDTC='Date/Time of Death
23        +                ';
24        + label DTHFL='Subject Death Flag
25        +               ';
26        + label ETHNIC='Ethnicity
27        +                ';
28        + label RACE='Race
29        +              ';
30        + label RFENDTC='Subject Reference End Date/Time
31        +                 ';
32        + label RFICDTC='Date/Time of Informed Consent
33        +                 ';
34        + label RFPENDTC='Date/Time of End of Participation
35        +                  ';
36        + label RFSTDTC='Subject Reference Start Date/Time
37        +                 ';
38        + label RFXENDTC='Date/Time of Last Study Treatment
39        +                  ';
40        + label RFXSTDTC='Date/Time of First Study Treatment
41        +                  ';
42        + label SEX='Sex
43        +             ';
44        + label SITEID='Study Site Identifier
45        +                ';
46        + label STUDYID='Study Identifier
47        +                 ';
48        + label SUBJID='Subject Identifier for the Study
49        +                ';
50        + label USUBJID='Unique Subject Identifier
51        +                 ';
52        + quit;
45                                                         The SAS System                     Wednesday, August 26, 2026 11:53:49 AM


NOTE: MODIFY was successful for WORK._ADSL2_10B.DATA.
NOTE: PROCEDURE DATASETS used (Total process time):
      real time           0.00 seconds
      user cpu time       0.01 seconds
      system cpu time     0.00 seconds
      memory              583.65k
      OS Memory           23716.00k
      Timestamp           08/26/2026 06:53:49 PM
      Step Count                        124  Switch Count  0
      Page Faults                       0
      Page Reclaims                     83
      Page Swaps                        0
      Voluntary Context Switches        0
      Involuntary Context Switches      0
      Block Input Operations            0
      Block Output Operations           8
      

NOTE: m_derive_vars_joined restored 25 label(s) on WORK._ADSL2_10B

NOTE: Deleting WORK._DVJ_ADD (memtype=DATA).
NOTE: Deleting WORK._DVJ_BASE (memtype=DATA).
NOTE: Deleting WORK._DVJ_JOINED (memtype=DATA).
NOTE: Deleting WORK._DVJ_OUT (memtype=DATA).
NOTE: Deleting WORK._DVJ_IN_LBL (memtype=DATA).
NOTE: Deleting WORK._DVJ_OUT_LBL (memtype=DATA).
NOTE: Deleting WORK._DVJ_RELABEL (memtype=DATA).
NOTE: PROCEDURE DATASETS used (Total process time):
      real time           0.00 seconds
      user cpu time       0.00 seconds
      system cpu time     0.00 seconds
      memory              351.15k
      OS Memory           23716.00k
      Timestamp           08/26/2026 06:53:49 PM
      Step Count                        125  Switch Count  14
      Page Faults                       0
      Page Reclaims                     48
      Page Swaps                        0
      Voluntary Context Switches        63
      Involuntary Context Switches      0
      Block Input Operations            0
      Block Output Operations           16
      

NOTE: work._adsl2_10b has 306 observations.

NOTE: There were 306 observations read from the data set WORK._DS_EXT.
      WHERE UPCASE(DSCAT)='DISPOSITION EVENT';
NOTE: The data set WORK._DS_EOSSTT has 306 observations and 15 variables.
NOTE: DATA statement used (Total process time):
      real time           0.00 seconds
      user cpu time       0.00 seconds
      system cpu time     0.00 seconds
      memory              989.84k
      OS Memory           23976.00k
      Timestamp           08/26/2026 06:53:49 PM
      Step Count                        126  Switch Count  2
46                                                         The SAS System                     Wednesday, August 26, 2026 11:53:49 AM

      Page Faults                       0
      Page Reclaims                     104
      Page Swaps                        0
      Voluntary Context Switches        10
      Involuntary Context Switches      0
      Block Input Operations            0
      Block Output Operations           264
      


NOTE: There were 306 observations read from the data set WORK._DS_EOSSTT.
      WHERE 1 /* an obviously TRUE WHERE clause */ ;
NOTE: The data set WORK._DVJ_ADD has 306 observations and 15 variables.
NOTE: DATA statement used (Total process time):
      real time           0.00 seconds
      user cpu time       0.00 seconds
      system cpu time     0.00 seconds
      memory              817.31k
      OS Memory           23976.00k
      Timestamp           08/26/2026 06:53:49 PM
      Step Count                        127  Switch Count  2
      Page Faults                       0
      Page Reclaims                     104
      Page Swaps                        0
      Voluntary Context Switches        10
      Involuntary Context Switches      1
      Block Input Operations            0
      Block Output Operations           264
      


NOTE: There were 306 observations read from the data set WORK._ADSL2_10B.
NOTE: The data set WORK._DVJ_BASE has 306 observations and 42 variables.
NOTE: DATA statement used (Total process time):
      real time           0.00 seconds
      user cpu time       0.00 seconds
      system cpu time     0.00 seconds
      memory              1145.53k
      OS Memory           23976.00k
      Timestamp           08/26/2026 06:53:49 PM
      Step Count                        128  Switch Count  2
      Page Faults                       0
      Page Reclaims                     91
      Page Swaps                        0
      Voluntary Context Switches        10
      Involuntary Context Switches      0
      Block Input Operations            0
      Block Output Operations           520
      

NOTE: Table WORK._DVJ_JOINED created, with 306 rows and 45 columns.

NOTE: PROCEDURE SQL used (Total process time):
      real time           0.00 seconds
      user cpu time       0.00 seconds
      system cpu time     0.00 seconds
      memory              6086.75k
      OS Memory           29100.00k
47                                                         The SAS System                     Wednesday, August 26, 2026 11:53:49 AM

      Timestamp           08/26/2026 06:53:49 PM
      Step Count                        129  Switch Count  2
      Page Faults                       0
      Page Reclaims                     248
      Page Swaps                        0
      Voluntary Context Switches        10
      Involuntary Context Switches      0
      Block Input Operations            0
      Block Output Operations           544
      


NOTE: There were 306 observations read from the data set WORK._DVJ_JOINED.
NOTE: The data set WORK._DVJ_JOINED has 306 observations and 45 variables.
NOTE: PROCEDURE SORT used (Total process time):
      real time           0.00 seconds
      user cpu time       0.00 seconds
      system cpu time     0.00 seconds
      memory              1551.96k
      OS Memory           24496.00k
      Timestamp           08/26/2026 06:53:49 PM
      Step Count                        130  Switch Count  2
      Page Faults                       0
      Page Reclaims                     102
      Page Swaps                        0
      Voluntary Context Switches        10
      Involuntary Context Switches      1
      Block Input Operations            0
      Block Output Operations           520
      


NOTE: There were 306 observations read from the data set WORK._DVJ_JOINED.
NOTE: The data set WORK._DVJ_OUT has 306 observations and 45 variables.
NOTE: DATA statement used (Total process time):
      real time           0.00 seconds
      user cpu time       0.00 seconds
      system cpu time     0.01 seconds
      memory              1215.46k
      OS Memory           23976.00k
      Timestamp           08/26/2026 06:53:49 PM
      Step Count                        131  Switch Count  2
      Page Faults                       0
      Page Reclaims                     91
      Page Swaps                        0
      Voluntary Context Switches        10
      Involuntary Context Switches      0
      Block Input Operations            0
      Block Output Operations           520
      


NOTE: There were 306 observations read from the data set WORK._DVJ_OUT.
NOTE: The data set WORK._ADSL2_10C has 306 observations and 43 variables.
NOTE: DATA statement used (Total process time):
      real time           0.00 seconds
      user cpu time       0.01 seconds
      system cpu time     0.00 seconds
48                                                         The SAS System                     Wednesday, August 26, 2026 11:53:49 AM

      memory              1155.93k
      OS Memory           23976.00k
      Timestamp           08/26/2026 06:53:49 PM
      Step Count                        132  Switch Count  2
      Page Faults                       0
      Page Reclaims                     91
      Page Swaps                        0
      Voluntary Context Switches        10
      Involuntary Context Switches      0
      Block Input Operations            0
      Block Output Operations           520
      


NOTE: The data set WORK._DVJ_IN_LBL has 41 observations and 41 variables.
NOTE: PROCEDURE CONTENTS used (Total process time):
      real time           0.00 seconds
      user cpu time       0.00 seconds
      system cpu time     0.00 seconds
      memory              1201.00k
      OS Memory           24236.00k
      Timestamp           08/26/2026 06:53:49 PM
      Step Count                        133  Switch Count  2
      Page Faults                       0
      Page Reclaims                     139
      Page Swaps                        0
      Voluntary Context Switches        9
      Involuntary Context Switches      0
      Block Input Operations            0
      Block Output Operations           272
      


NOTE: The data set WORK._DVJ_OUT_LBL has 43 observations and 41 variables.
NOTE: PROCEDURE CONTENTS used (Total process time):
      real time           0.00 seconds
      user cpu time       0.00 seconds
      system cpu time     0.00 seconds
      memory              1202.00k
      OS Memory           24236.00k
      Timestamp           08/26/2026 06:53:49 PM
      Step Count                        134  Switch Count  2
      Page Faults                       0
      Page Reclaims                     139
      Page Swaps                        0
      Voluntary Context Switches        9
      Involuntary Context Switches      0
      Block Input Operations            0
      Block Output Operations           272
      

NOTE: There were 41 observations read from the data set WORK._DVJ_IN_LBL.
NOTE: The data set WORK._DVJ_IN_LBL has 41 observations and 41 variables.
NOTE: DATA statement used (Total process time):
      real time           0.00 seconds
      user cpu time       0.00 seconds
      system cpu time     0.00 seconds
      memory              909.84k
49                                                         The SAS System                     Wednesday, August 26, 2026 11:53:49 AM

      OS Memory           23976.00k
      Timestamp           08/26/2026 06:53:49 PM
      Step Count                        135  Switch Count  2
      Page Faults                       0
      Page Reclaims                     111
      Page Swaps                        0
      Voluntary Context Switches        10
      Involuntary Context Switches      0
      Block Input Operations            0
      Block Output Operations           264
      


NOTE: There were 43 observations read from the data set WORK._DVJ_OUT_LBL.
NOTE: The data set WORK._DVJ_OUT_LBL has 43 observations and 41 variables.
NOTE: DATA statement used (Total process time):
      real time           0.00 seconds
      user cpu time       0.00 seconds
      system cpu time     0.00 seconds
      memory              910.03k
      OS Memory           23976.00k
      Timestamp           08/26/2026 06:53:49 PM
      Step Count                        136  Switch Count  2
      Page Faults                       0
      Page Reclaims                     111
      Page Swaps                        0
      Voluntary Context Switches        10
      Involuntary Context Switches      0
      Block Input Operations            0
      Block Output Operations           264
      


NOTE: There were 41 observations read from the data set WORK._DVJ_IN_LBL.
NOTE: The data set WORK._DVJ_IN_LBL has 41 observations and 41 variables.
NOTE: PROCEDURE SORT used (Total process time):
      real time           0.00 seconds
      user cpu time       0.00 seconds
      system cpu time     0.00 seconds
      memory              849.59k
      OS Memory           23976.00k
      Timestamp           08/26/2026 06:53:49 PM
      Step Count                        137  Switch Count  2
      Page Faults                       0
      Page Reclaims                     103
      Page Swaps                        0
      Voluntary Context Switches        11
      Involuntary Context Switches      1
      Block Input Operations            0
      Block Output Operations           264
      


NOTE: There were 43 observations read from the data set WORK._DVJ_OUT_LBL.
NOTE: The data set WORK._DVJ_OUT_LBL has 43 observations and 41 variables.
NOTE: PROCEDURE SORT used (Total process time):
      real time           0.00 seconds
      user cpu time       0.00 seconds
50                                                         The SAS System                     Wednesday, August 26, 2026 11:53:49 AM

      system cpu time     0.00 seconds
      memory              848.96k
      OS Memory           23976.00k
      Timestamp           08/26/2026 06:53:49 PM
      Step Count                        138  Switch Count  2
      Page Faults                       0
      Page Reclaims                     103
      Page Swaps                        0
      Voluntary Context Switches        10
      Involuntary Context Switches      0
      Block Input Operations            0
      Block Output Operations           264
      


NOTE: There were 43 observations read from the data set WORK._DVJ_OUT_LBL.
NOTE: There were 41 observations read from the data set WORK._DVJ_IN_LBL.
NOTE: The data set WORK._DVJ_RELABEL has 25 observations and 2 variables.
NOTE: DATA statement used (Total process time):
      real time           0.00 seconds
      user cpu time       0.00 seconds
      system cpu time     0.00 seconds
      memory              1246.65k
      OS Memory           24236.00k
      Timestamp           08/26/2026 06:53:50 PM
      Step Count                        139  Switch Count  2
      Page Faults                       0
      Page Reclaims                     154
      Page Swaps                        0
      Voluntary Context Switches        10
      Involuntary Context Switches      0
      Block Input Operations            0
      Block Output Operations           264
      

NOTE: PROCEDURE SQL used (Total process time):
      real time           0.00 seconds
      user cpu time       0.00 seconds
      system cpu time     0.00 seconds
      memory              5455.56k
      OS Memory           28840.00k
      Timestamp           08/26/2026 06:53:50 PM
      Step Count                        140  Switch Count  0
      Page Faults                       0
      Page Reclaims                     52
      Page Swaps                        0
      Voluntary Context Switches        0
      Involuntary Context Switches      0
      Block Input Operations            0
      Block Output Operations           0
      


NOTE: There were 25 observations read from the data set WORK._DVJ_RELABEL.
NOTE: DATA statement used (Total process time):
      real time           0.00 seconds
      user cpu time       0.00 seconds
      system cpu time     0.00 seconds
51                                                         The SAS System                     Wednesday, August 26, 2026 11:53:50 AM

      memory              615.37k
      OS Memory           23716.00k
      Timestamp           08/26/2026 06:53:50 PM
      Step Count                        141  Switch Count  0
      Page Faults                       0
      Page Reclaims                     57
      Page Swaps                        0
      Voluntary Context Switches        0
      Involuntary Context Switches      0
      Block Input Operations            0
      Block Output Operations           0
      

NOTE: CALL EXECUTE generated line.
1         + proc datasets lib=WORK nolist; modify _ADSL2_10C;
2         + label ACTARM='Description of Actual Arm
3         +                ';
4         + label ACTARMCD='Actual Arm Code
5         +                  ';
6         + label AGE='Age
7         +             ';
8         + label AGEU='Age Units
9         +              ';
10        + label ARM='Description of Planned Arm
11        +             ';
12        + label ARMCD='Planned Arm Code
13        +               ';
14        + label COUNTRY='Country
15        +                 ';
16        + label DMDTC='Date/Time of Collection
17        +               ';
18        + label DMDY='Study Day of Collection
19        +              ';
20        + label DOMAIN='Domain Abbreviation
21        +                ';
22        + label DTHDTC='Date/Time of Death
23        +                ';
24        + label DTHFL='Subject Death Flag
25        +               ';
26        + label ETHNIC='Ethnicity
27        +                ';
28        + label RACE='Race
29        +              ';
30        + label RFENDTC='Subject Reference End Date/Time
31        +                 ';
32        + label RFICDTC='Date/Time of Informed Consent
33        +                 ';
34        + label RFPENDTC='Date/Time of End of Participation
35        +                  ';
36        + label RFSTDTC='Subject Reference Start Date/Time
37        +                 ';
38        + label RFXENDTC='Date/Time of Last Study Treatment
39        +                  ';
40        + label RFXSTDTC='Date/Time of First Study Treatment
41        +                  ';
42        + label SEX='Sex
43        +             ';
44        + label SITEID='Study Site Identifier
52                                                         The SAS System                     Wednesday, August 26, 2026 11:53:50 AM

45        +                ';
46        + label STUDYID='Study Identifier
47        +                 ';
48        + label SUBJID='Subject Identifier for the Study
49        +                ';
50        + label USUBJID='Unique Subject Identifier
51        +                 ';
52        + quit;

NOTE: MODIFY was successful for WORK._ADSL2_10C.DATA.
NOTE: PROCEDURE DATASETS used (Total process time):
      real time           0.00 seconds
      user cpu time       0.01 seconds
      system cpu time     0.00 seconds
      memory              585.59k
      OS Memory           23716.00k
      Timestamp           08/26/2026 06:53:50 PM
      Step Count                        142  Switch Count  0
      Page Faults                       0
      Page Reclaims                     82
      Page Swaps                        0
      Voluntary Context Switches        0
      Involuntary Context Switches      1
      Block Input Operations            0
      Block Output Operations           16
      

NOTE: m_derive_vars_joined restored 25 label(s) on WORK._ADSL2_10C

NOTE: Deleting WORK._DVJ_ADD (memtype=DATA).
NOTE: Deleting WORK._DVJ_BASE (memtype=DATA).
NOTE: Deleting WORK._DVJ_JOINED (memtype=DATA).
NOTE: Deleting WORK._DVJ_OUT (memtype=DATA).
NOTE: Deleting WORK._DVJ_IN_LBL (memtype=DATA).
NOTE: Deleting WORK._DVJ_OUT_LBL (memtype=DATA).
NOTE: Deleting WORK._DVJ_RELABEL (memtype=DATA).
NOTE: PROCEDURE DATASETS used (Total process time):
      real time           0.00 seconds
      user cpu time       0.00 seconds
      system cpu time     0.00 seconds
      memory              351.00k
      OS Memory           23716.00k
      Timestamp           08/26/2026 06:53:50 PM
      Step Count                        143  Switch Count  14
      Page Faults                       0
      Page Reclaims                     48
      Page Swaps                        0
      Voluntary Context Switches        63
      Involuntary Context Switches      0
      Block Input Operations            0
      Block Output Operations           8
      

NOTE: work._adsl2_10c has 306 observations.

NOTE: There were 306 observations read from the data set WORK._ADSL2_10C.
NOTE: The data set WORK._ADSL2_10C has 306 observations and 42 variables.
NOTE: DATA statement used (Total process time):
53                                                         The SAS System                     Wednesday, August 26, 2026 11:53:50 AM

      real time           0.00 seconds
      user cpu time       0.00 seconds
      system cpu time     0.00 seconds
      memory              1151.53k
      OS Memory           23976.00k
      Timestamp           08/26/2026 06:53:50 PM
      Step Count                        144  Switch Count  2
      Page Faults                       0
      Page Reclaims                     91
      Page Swaps                        0
      Voluntary Context Switches        10
      Involuntary Context Switches      0
      Block Input Operations            0
      Block Output Operations           520
      


NOTE: There were 36 observations read from the data set WORK._DS_EXT.
      WHERE (UPCASE(DSCAT)='OTHER EVENT') and (UPCASE(DSDECOD)='FINAL RETRIEVAL VISIT');
NOTE: The data set WORK._DVJ_ADD has 36 observations and 14 variables.
NOTE: DATA statement used (Total process time):
      real time           0.00 seconds
      user cpu time       0.00 seconds
      system cpu time     0.00 seconds
      memory              973.15k
      OS Memory           23976.00k
      Timestamp           08/26/2026 06:53:50 PM
      Step Count                        145  Switch Count  2
      Page Faults                       0
      Page Reclaims                     119
      Page Swaps                        0
      Voluntary Context Switches        10
      Involuntary Context Switches      1
      Block Input Operations            0
      Block Output Operations           264
      


NOTE: There were 306 observations read from the data set WORK._ADSL2_10C.
NOTE: The data set WORK._DVJ_BASE has 306 observations and 43 variables.
NOTE: DATA statement used (Total process time):
      real time           0.00 seconds
      user cpu time       0.01 seconds
      system cpu time     0.00 seconds
      memory              1148.25k
      OS Memory           23976.00k
      Timestamp           08/26/2026 06:53:50 PM
      Step Count                        146  Switch Count  2
      Page Faults                       0
      Page Reclaims                     91
      Page Swaps                        0
      Voluntary Context Switches        10
      Involuntary Context Switches      0
      Block Input Operations            0
      Block Output Operations           520
      

NOTE: Table WORK._DVJ_JOINED created, with 306 rows and 46 columns.
54                                                         The SAS System                     Wednesday, August 26, 2026 11:53:50 AM


NOTE: PROCEDURE SQL used (Total process time):
      real time           0.00 seconds
      user cpu time       0.00 seconds
      system cpu time     0.01 seconds
      memory              6085.75k
      OS Memory           29100.00k
      Timestamp           08/26/2026 06:53:50 PM
      Step Count                        147  Switch Count  2
      Page Faults                       0
      Page Reclaims                     247
      Page Swaps                        0
      Voluntary Context Switches        10
      Involuntary Context Switches      1
      Block Input Operations            0
      Block Output Operations           544
      


NOTE: There were 306 observations read from the data set WORK._DVJ_JOINED.
NOTE: The data set WORK._DVJ_JOINED has 306 observations and 46 variables.
NOTE: PROCEDURE SORT used (Total process time):
      real time           0.00 seconds
      user cpu time       0.00 seconds
      system cpu time     0.00 seconds
      memory              1562.53k
      OS Memory           24496.00k
      Timestamp           08/26/2026 06:53:50 PM
      Step Count                        148  Switch Count  2
      Page Faults                       0
      Page Reclaims                     102
      Page Swaps                        0
      Voluntary Context Switches        10
      Involuntary Context Switches      0
      Block Input Operations            0
      Block Output Operations           520
      


NOTE: There were 306 observations read from the data set WORK._DVJ_JOINED.
NOTE: The data set WORK._DVJ_OUT has 306 observations and 46 variables.
NOTE: DATA statement used (Total process time):
      real time           0.00 seconds
      user cpu time       0.00 seconds
      system cpu time     0.00 seconds
      memory              1217.87k
      OS Memory           23976.00k
      Timestamp           08/26/2026 06:53:50 PM
      Step Count                        149  Switch Count  2
      Page Faults                       0
      Page Reclaims                     91
      Page Swaps                        0
      Voluntary Context Switches        12
      Involuntary Context Switches      0
      Block Input Operations            0
      Block Output Operations           520
      

55                                                         The SAS System                     Wednesday, August 26, 2026 11:53:50 AM


NOTE: There were 306 observations read from the data set WORK._DVJ_OUT.
NOTE: The data set WORK._ADSL2_11 has 306 observations and 43 variables.
NOTE: DATA statement used (Total process time):
      real time           0.00 seconds
      user cpu time       0.00 seconds
      system cpu time     0.00 seconds
      memory              1154.87k
      OS Memory           23976.00k
      Timestamp           08/26/2026 06:53:50 PM
      Step Count                        150  Switch Count  2
      Page Faults                       0
      Page Reclaims                     91
      Page Swaps                        0
      Voluntary Context Switches        11
      Involuntary Context Switches      0
      Block Input Operations            0
      Block Output Operations           520
      


NOTE: The data set WORK._DVJ_IN_LBL has 42 observations and 41 variables.
NOTE: PROCEDURE CONTENTS used (Total process time):
      real time           0.00 seconds
      user cpu time       0.00 seconds
      system cpu time     0.00 seconds
      memory              1202.00k
      OS Memory           24236.00k
      Timestamp           08/26/2026 06:53:50 PM
      Step Count                        151  Switch Count  2
      Page Faults                       0
      Page Reclaims                     139
      Page Swaps                        0
      Voluntary Context Switches        9
      Involuntary Context Switches      0
      Block Input Operations            0
      Block Output Operations           272
      


NOTE: The data set WORK._DVJ_OUT_LBL has 43 observations and 41 variables.
NOTE: PROCEDURE CONTENTS used (Total process time):
      real time           0.00 seconds
      user cpu time       0.00 seconds
      system cpu time     0.00 seconds
      memory              1202.00k
      OS Memory           24236.00k
      Timestamp           08/26/2026 06:53:50 PM
      Step Count                        152  Switch Count  2
      Page Faults                       0
      Page Reclaims                     140
      Page Swaps                        0
      Voluntary Context Switches        9
      Involuntary Context Switches      0
      Block Input Operations            0
      Block Output Operations           272
      

56                                                         The SAS System                     Wednesday, August 26, 2026 11:53:50 AM

NOTE: There were 42 observations read from the data set WORK._DVJ_IN_LBL.
NOTE: The data set WORK._DVJ_IN_LBL has 42 observations and 41 variables.
NOTE: DATA statement used (Total process time):
      real time           0.00 seconds
      user cpu time       0.00 seconds
      system cpu time     0.00 seconds
      memory              909.84k
      OS Memory           23976.00k
      Timestamp           08/26/2026 06:53:50 PM
      Step Count                        153  Switch Count  2
      Page Faults                       0
      Page Reclaims                     111
      Page Swaps                        0
      Voluntary Context Switches        10
      Involuntary Context Switches      0
      Block Input Operations            0
      Block Output Operations           272
      


NOTE: There were 43 observations read from the data set WORK._DVJ_OUT_LBL.
NOTE: The data set WORK._DVJ_OUT_LBL has 43 observations and 41 variables.
NOTE: DATA statement used (Total process time):
      real time           0.00 seconds
      user cpu time       0.00 seconds
      system cpu time     0.00 seconds
      memory              910.03k
      OS Memory           23976.00k
      Timestamp           08/26/2026 06:53:50 PM
      Step Count                        154  Switch Count  2
      Page Faults                       0
      Page Reclaims                     111
      Page Swaps                        0
      Voluntary Context Switches        10
      Involuntary Context Switches      0
      Block Input Operations            0
      Block Output Operations           264
      


NOTE: There were 42 observations read from the data set WORK._DVJ_IN_LBL.
NOTE: The data set WORK._DVJ_IN_LBL has 42 observations and 41 variables.
NOTE: PROCEDURE SORT used (Total process time):
      real time           0.00 seconds
      user cpu time       0.00 seconds
      system cpu time     0.00 seconds
      memory              849.59k
      OS Memory           23976.00k
      Timestamp           08/26/2026 06:53:50 PM
      Step Count                        155  Switch Count  2
      Page Faults                       0
      Page Reclaims                     103
      Page Swaps                        0
      Voluntary Context Switches        11
      Involuntary Context Switches      0
      Block Input Operations            0
      Block Output Operations           264
      
57                                                         The SAS System                     Wednesday, August 26, 2026 11:53:50 AM



NOTE: There were 43 observations read from the data set WORK._DVJ_OUT_LBL.
NOTE: The data set WORK._DVJ_OUT_LBL has 43 observations and 41 variables.
NOTE: PROCEDURE SORT used (Total process time):
      real time           0.00 seconds
      user cpu time       0.00 seconds
      system cpu time     0.00 seconds
      memory              848.96k
      OS Memory           23976.00k
      Timestamp           08/26/2026 06:53:50 PM
      Step Count                        156  Switch Count  2
      Page Faults                       0
      Page Reclaims                     103
      Page Swaps                        0
      Voluntary Context Switches        10
      Involuntary Context Switches      0
      Block Input Operations            0
      Block Output Operations           264
      


NOTE: There were 43 observations read from the data set WORK._DVJ_OUT_LBL.
NOTE: There were 42 observations read from the data set WORK._DVJ_IN_LBL.
NOTE: The data set WORK._DVJ_RELABEL has 25 observations and 2 variables.
NOTE: DATA statement used (Total process time):
      real time           0.00 seconds
      user cpu time       0.01 seconds
      system cpu time     0.00 seconds
      memory              1246.65k
      OS Memory           24236.00k
      Timestamp           08/26/2026 06:53:50 PM
      Step Count                        157  Switch Count  2
      Page Faults                       0
      Page Reclaims                     154
      Page Swaps                        0
      Voluntary Context Switches        10
      Involuntary Context Switches      0
      Block Input Operations            0
      Block Output Operations           264
      

NOTE: PROCEDURE SQL used (Total process time):
      real time           0.00 seconds
      user cpu time       0.00 seconds
      system cpu time     0.00 seconds
      memory              5455.56k
      OS Memory           28840.00k
      Timestamp           08/26/2026 06:53:50 PM
      Step Count                        158  Switch Count  0
      Page Faults                       0
      Page Reclaims                     53
      Page Swaps                        0
      Voluntary Context Switches        0
      Involuntary Context Switches      0
      Block Input Operations            0
      Block Output Operations           0
      
58                                                         The SAS System                     Wednesday, August 26, 2026 11:53:50 AM



NOTE: There were 25 observations read from the data set WORK._DVJ_RELABEL.
NOTE: DATA statement used (Total process time):
      real time           0.00 seconds
      user cpu time       0.00 seconds
      system cpu time     0.01 seconds
      memory              615.37k
      OS Memory           23716.00k
      Timestamp           08/26/2026 06:53:50 PM
      Step Count                        159  Switch Count  0
      Page Faults                       0
      Page Reclaims                     57
      Page Swaps                        0
      Voluntary Context Switches        0
      Involuntary Context Switches      0
      Block Input Operations            0
      Block Output Operations           0
      

NOTE: CALL EXECUTE generated line.
1         + proc datasets lib=WORK nolist; modify _ADSL2_11;
2         + label ACTARM='Description of Actual Arm
3         +                ';
4         + label ACTARMCD='Actual Arm Code
5         +                  ';
6         + label AGE='Age
7         +             ';
8         + label AGEU='Age Units
9         +              ';
10        + label ARM='Description of Planned Arm
11        +             ';
12        + label ARMCD='Planned Arm Code
13        +               ';
14        + label COUNTRY='Country
15        +                 ';
16        + label DMDTC='Date/Time of Collection
17        +               ';
18        + label DMDY='Study Day of Collection
19        +              ';
20        + label DOMAIN='Domain Abbreviation
21        +                ';
22        + label DTHDTC='Date/Time of Death
23        +                ';
24        + label DTHFL='Subject Death Flag
25        +               ';
26        + label ETHNIC='Ethnicity
27        +                ';
28        + label RACE='Race
29        +              ';
30        + label RFENDTC='Subject Reference End Date/Time
31        +                 ';
32        + label RFICDTC='Date/Time of Informed Consent
33        +                 ';
34        + label RFPENDTC='Date/Time of End of Participation
35        +                  ';
36        + label RFSTDTC='Subject Reference Start Date/Time
37        +                 ';
59                                                         The SAS System                     Wednesday, August 26, 2026 11:53:50 AM

38        + label RFXENDTC='Date/Time of Last Study Treatment
39        +                  ';
40        + label RFXSTDTC='Date/Time of First Study Treatment
41        +                  ';
42        + label SEX='Sex
43        +             ';
44        + label SITEID='Study Site Identifier
45        +                ';
46        + label STUDYID='Study Identifier
47        +                 ';
48        + label SUBJID='Subject Identifier for the Study
49        +                ';
50        + label USUBJID='Unique Subject Identifier
51        +                 ';
52        + quit;

NOTE: MODIFY was successful for WORK._ADSL2_11.DATA.
NOTE: PROCEDURE DATASETS used (Total process time):
      real time           0.00 seconds
      user cpu time       0.00 seconds
      system cpu time     0.00 seconds
      memory              589.75k
      OS Memory           23716.00k
      Timestamp           08/26/2026 06:53:50 PM
      Step Count                        160  Switch Count  0
      Page Faults                       0
      Page Reclaims                     82
      Page Swaps                        0
      Voluntary Context Switches        0
      Involuntary Context Switches      2
      Block Input Operations            0
      Block Output Operations           16
      

NOTE: m_derive_vars_joined restored 25 label(s) on WORK._ADSL2_11

NOTE: Deleting WORK._DVJ_ADD (memtype=DATA).
NOTE: Deleting WORK._DVJ_BASE (memtype=DATA).
NOTE: Deleting WORK._DVJ_JOINED (memtype=DATA).
NOTE: Deleting WORK._DVJ_OUT (memtype=DATA).
NOTE: Deleting WORK._DVJ_IN_LBL (memtype=DATA).
NOTE: Deleting WORK._DVJ_OUT_LBL (memtype=DATA).
NOTE: Deleting WORK._DVJ_RELABEL (memtype=DATA).
NOTE: PROCEDURE DATASETS used (Total process time):
      real time           0.00 seconds
      user cpu time       0.00 seconds
      system cpu time     0.00 seconds
      memory              356.87k
      OS Memory           23716.00k
      Timestamp           08/26/2026 06:53:50 PM
      Step Count                        161  Switch Count  14
      Page Faults                       0
      Page Reclaims                     48
      Page Swaps                        0
      Voluntary Context Switches        63
      Involuntary Context Switches      0
      Block Input Operations            0
      Block Output Operations           8
60                                                         The SAS System                     Wednesday, August 26, 2026 11:53:50 AM

      

NOTE: work._adsl2_11 has 306 observations.

NOTE: There were 44 observations read from the data set METADATA.SUPP_QNAM_CT.
      WHERE ALLOWED='Y';
NOTE: The data set WORK._CT_KEY has 44 observations and 4 variables.
NOTE: DATA statement used (Total process time):
      real time           0.74 seconds
      user cpu time       0.00 seconds
      system cpu time     0.02 seconds
      memory              822.03k
      OS Memory           23976.00k
      Timestamp           08/26/2026 06:53:50 PM
      Step Count                        162  Switch Count  2
      Page Faults                       0
      Page Reclaims                     118
      Page Swaps                        0
      Voluntary Context Switches        20
      Involuntary Context Switches      4
      Block Input Operations            0
      Block Output Operations           264
      


NOTE: There were 44 observations read from the data set WORK._CT_KEY.
NOTE: 14 observations with duplicate key values were deleted.
NOTE: The data set WORK._CT_KEY has 30 observations and 4 variables.
NOTE: PROCEDURE SORT used (Total process time):
      real time           0.00 seconds
      user cpu time       0.00 seconds
      system cpu time     0.00 seconds
      memory              771.53k
      OS Memory           23976.00k
      Timestamp           08/26/2026 06:53:50 PM
      Step Count                        163  Switch Count  2
      Page Faults                       0
      Page Reclaims                     129
      Page Swaps                        0
      Voluntary Context Switches        11
      Involuntary Context Switches      0
      Block Input Operations            0
      Block Output Operations           264
      


NOTE: There were 1197 observations read from the data set RAW.SUPPDM.
NOTE: The data set WORK._SUPP_IN has 1197 observations and 13 variables.
NOTE: DATA statement used (Total process time):
      real time           0.22 seconds
      user cpu time       0.00 seconds
      system cpu time     0.02 seconds
      memory              1354.78k
      OS Memory           23976.00k
      Timestamp           08/26/2026 06:53:51 PM
      Step Count                        164  Switch Count  2
      Page Faults                       0
      Page Reclaims                     91
61                                                         The SAS System                     Wednesday, August 26, 2026 11:53:51 AM

      Page Swaps                        0
      Voluntary Context Switches        19
      Involuntary Context Switches      2
      Block Input Operations            0
      Block Output Operations           1288
      


NOTE: There were 1197 observations read from the data set WORK._SUPP_IN.
NOTE: The data set WORK._SUPP_IN has 1197 observations and 13 variables.
NOTE: PROCEDURE SORT used (Total process time):
      real time           0.00 seconds
      user cpu time       0.00 seconds
      system cpu time     0.00 seconds
      memory              3395.62k
      OS Memory           26424.00k
      Timestamp           08/26/2026 06:53:51 PM
      Step Count                        165  Switch Count  2
      Page Faults                       0
      Page Reclaims                     381
      Page Swaps                        0
      Voluntary Context Switches        10
      Involuntary Context Switches      0
      Block Input Operations            0
      Block Output Operations           1288
      


NOTE: There were 1197 observations read from the data set WORK._SUPP_IN.
NOTE: There were 30 observations read from the data set WORK._CT_KEY.
NOTE: The data set WORK._SUPP_CT has 1197 observations and 15 variables.
NOTE: The data set WORK.SUPP_CT_VIOLATIONS has 0 observations and 15 variables.
NOTE: DATA statement used (Total process time):
      real time           0.00 seconds
      user cpu time       0.01 seconds
      system cpu time     0.00 seconds
      memory              2552.81k
      OS Memory           24880.00k
      Timestamp           08/26/2026 06:53:51 PM
      Step Count                        166  Switch Count  4
      Page Faults                       0
      Page Reclaims                     289
      Page Swaps                        0
      Voluntary Context Switches        19
      Involuntary Context Switches      0
      Block Input Operations            0
      Block Output Operations           1296
      

NOTE: PROCEDURE SQL used (Total process time):
      real time           0.00 seconds
      user cpu time       0.00 seconds
      system cpu time     0.00 seconds
      memory              5460.12k
      OS Memory           28840.00k
      Timestamp           08/26/2026 06:53:51 PM
      Step Count                        167  Switch Count  0
      Page Faults                       0
62                                                         The SAS System                     Wednesday, August 26, 2026 11:53:51 AM

      Page Reclaims                     52
      Page Swaps                        0
      Voluntary Context Switches        0
      Involuntary Context Switches      0
      Block Input Operations            0
      Block Output Operations           0
      

NOTE: m_supp_apply_ct - all non-missing QVAL values matched CT.

NOTE: Deleting WORK._CT_KEY (memtype=DATA).
NOTE: Deleting WORK._SUPP_IN (memtype=DATA).
NOTE: PROCEDURE DATASETS used (Total process time):
      real time           0.00 seconds
      user cpu time       0.00 seconds
      system cpu time     0.00 seconds
      memory              352.75k
      OS Memory           23716.00k
      Timestamp           08/26/2026 06:53:51 PM
      Step Count                        168  Switch Count  4
      Page Faults                       0
      Page Reclaims                     49
      Page Swaps                        0
      Voluntary Context Switches        18
      Involuntary Context Switches      0
      Block Input Operations            0
      Block Output Operations           8
      

NOTE: work._supp_ct has 1197 observations.

NOTE: There were 1197 observations read from the data set WORK._SUPP_CT.
NOTE: The data set WORK._SUPP0 has 1197 observations and 15 variables.
NOTE: PROCEDURE SORT used (Total process time):
      real time           0.00 seconds
      user cpu time       0.00 seconds
      system cpu time     0.00 seconds
      memory              2523.56k
      OS Memory           25528.00k
      Timestamp           08/26/2026 06:53:51 PM
      Step Count                        169  Switch Count  2
      Page Faults                       0
      Page Reclaims                     287
      Page Swaps                        0
      Voluntary Context Switches        10
      Involuntary Context Switches      0
      Block Input Operations            0
      Block Output Operations           1040
      


NOTE: There were 1197 observations read from the data set WORK._SUPP0.
NOTE: The data set WORK._POPFL has 254 observations and 8 variables.
NOTE: DATA statement used (Total process time):
      real time           0.00 seconds
      user cpu time       0.01 seconds
      system cpu time     0.00 seconds
      memory              1338.62k
63                                                         The SAS System                     Wednesday, August 26, 2026 11:53:51 AM

      OS Memory           24232.00k
      Timestamp           08/26/2026 06:53:51 PM
      Step Count                        170  Switch Count  2
      Page Faults                       0
      Page Reclaims                     186
      Page Swaps                        0
      Voluntary Context Switches        10
      Involuntary Context Switches      0
      Block Input Operations            0
      Block Output Operations           264
      


NOTE: Deleting WORK._SUPP0 (memtype=DATA).
NOTE: Deleting WORK._SUPP_CT (memtype=DATA).
NOTE: PROCEDURE DATASETS used (Total process time):
      real time           0.00 seconds
      user cpu time       0.00 seconds
      system cpu time     0.00 seconds
      memory              349.12k
      OS Memory           23716.00k
      Timestamp           08/26/2026 06:53:51 PM
      Step Count                        171  Switch Count  4
      Page Faults                       0
      Page Reclaims                     48
      Page Swaps                        0
      Voluntary Context Switches        18
      Involuntary Context Switches      0
      Block Input Operations            0
      Block Output Operations           8
      

NOTE: work._popfl has 254 observations.
NOTE: Table WORK._SAFFL_EX created, with 254 rows and 3 columns.

NOTE: PROCEDURE SQL used (Total process time):
      real time           0.00 seconds
      user cpu time       0.00 seconds
      system cpu time     0.00 seconds
      memory              5495.12k
      OS Memory           28840.00k
      Timestamp           08/26/2026 06:53:51 PM
      Step Count                        172  Switch Count  3
      Page Faults                       0
      Page Reclaims                     113
      Page Swaps                        0
      Voluntary Context Switches        12
      Involuntary Context Switches      0
      Block Input Operations            0
      Block Output Operations           264
      


NOTE: There were 306 observations read from the data set WORK._ADSL2_11.
NOTE: The data set WORK._ADSL2_11 has 306 observations and 43 variables.
NOTE: PROCEDURE SORT used (Total process time):
      real time           0.00 seconds
      user cpu time       0.01 seconds
64                                                         The SAS System                     Wednesday, August 26, 2026 11:53:51 AM

      system cpu time     0.00 seconds
      memory              1551.34k
      OS Memory           24496.00k
      Timestamp           08/26/2026 06:53:51 PM
      Step Count                        173  Switch Count  2
      Page Faults                       0
      Page Reclaims                     99
      Page Swaps                        0
      Voluntary Context Switches        10
      Involuntary Context Switches      0
      Block Input Operations            0
      Block Output Operations           520
      


NOTE: There were 254 observations read from the data set WORK._POPFL.
NOTE: The data set WORK._POPFL has 254 observations and 8 variables.
NOTE: PROCEDURE SORT used (Total process time):
      real time           0.00 seconds
      user cpu time       0.00 seconds
      system cpu time     0.00 seconds
      memory              788.65k
      OS Memory           23976.00k
      Timestamp           08/26/2026 06:53:51 PM
      Step Count                        174  Switch Count  2
      Page Faults                       0
      Page Reclaims                     112
      Page Swaps                        0
      Voluntary Context Switches        10
      Involuntary Context Switches      0
      Block Input Operations            0
      Block Output Operations           264
      


NOTE: Input data set is already sorted, no sorting done.
NOTE: PROCEDURE SORT used (Total process time):
      real time           0.00 seconds
      user cpu time       0.00 seconds
      system cpu time     0.00 seconds
      memory              390.68k
      OS Memory           23716.00k
      Timestamp           08/26/2026 06:53:51 PM
      Step Count                        175  Switch Count  0
      Page Faults                       0
      Page Reclaims                     49
      Page Swaps                        0
      Voluntary Context Switches        0
      Involuntary Context Switches      0
      Block Input Operations            0
      Block Output Operations           0
      


NOTE: There were 306 observations read from the data set WORK._ADSL2_11.
NOTE: There were 254 observations read from the data set WORK._POPFL.
NOTE: There were 254 observations read from the data set WORK._SAFFL_EX.
NOTE: The data set WORK._ADSL2_12 has 306 observations and 49 variables.
65                                                         The SAS System                     Wednesday, August 26, 2026 11:53:51 AM

NOTE: DATA statement used (Total process time):
      real time           0.00 seconds
      user cpu time       0.00 seconds
      system cpu time     0.00 seconds
      memory              2034.50k
      OS Memory           24496.00k
      Timestamp           08/26/2026 06:53:51 PM
      Step Count                        176  Switch Count  2
      Page Faults                       0
      Page Reclaims                     188
      Page Swaps                        0
      Voluntary Context Switches        10
      Involuntary Context Switches      0
      Block Input Operations            0
      Block Output Operations           520
      


NOTE: There were 3 observations read from the data set RAW.DD.
      WHERE UPCASE(DDTESTCD)='PRCDTH';
NOTE: The data set WORK._DVJ_ADD has 3 observations and 11 variables.
NOTE: DATA statement used (Total process time):
      real time           0.23 seconds
      user cpu time       0.01 seconds
      system cpu time     0.02 seconds
      memory              825.59k
      OS Memory           23976.00k
      Timestamp           08/26/2026 06:53:51 PM
      Step Count                        177  Switch Count  2
      Page Faults                       0
      Page Reclaims                     122
      Page Swaps                        0
      Voluntary Context Switches        20
      Involuntary Context Switches      1
      Block Input Operations            0
      Block Output Operations           264
      


NOTE: There were 306 observations read from the data set WORK._ADSL2_12.
NOTE: The data set WORK._DVJ_BASE has 306 observations and 50 variables.
NOTE: DATA statement used (Total process time):
      real time           0.00 seconds
      user cpu time       0.00 seconds
      system cpu time     0.00 seconds
      memory              1165.00k
      OS Memory           23976.00k
      Timestamp           08/26/2026 06:53:51 PM
      Step Count                        178  Switch Count  2
      Page Faults                       0
      Page Reclaims                     91
      Page Swaps                        0
      Voluntary Context Switches        10
      Involuntary Context Switches      0
      Block Input Operations            0
      Block Output Operations           528
      

66                                                         The SAS System                     Wednesday, August 26, 2026 11:53:51 AM

NOTE: Table WORK._DVJ_JOINED created, with 306 rows and 53 columns.

NOTE: PROCEDURE SQL used (Total process time):
      real time           0.00 seconds
      user cpu time       0.00 seconds
      system cpu time     0.00 seconds
      memory              6091.50k
      OS Memory           29100.00k
      Timestamp           08/26/2026 06:53:51 PM
      Step Count                        179  Switch Count  2
      Page Faults                       0
      Page Reclaims                     269
      Page Swaps                        0
      Voluntary Context Switches        9
      Involuntary Context Switches      0
      Block Input Operations            0
      Block Output Operations           544
      


NOTE: There were 306 observations read from the data set WORK._DVJ_JOINED.
NOTE: The data set WORK._DVJ_JOINED has 306 observations and 53 variables.
NOTE: PROCEDURE SORT used (Total process time):
      real time           0.00 seconds
      user cpu time       0.00 seconds
      system cpu time     0.00 seconds
      memory              1570.15k
      OS Memory           24496.00k
      Timestamp           08/26/2026 06:53:51 PM
      Step Count                        180  Switch Count  2
      Page Faults                       0
      Page Reclaims                     104
      Page Swaps                        0
      Voluntary Context Switches        10
      Involuntary Context Switches      0
      Block Input Operations            0
      Block Output Operations           520
      


NOTE: There were 306 observations read from the data set WORK._DVJ_JOINED.
NOTE: The data set WORK._DVJ_OUT has 306 observations and 53 variables.
NOTE: DATA statement used (Total process time):
      real time           0.00 seconds
      user cpu time       0.01 seconds
      system cpu time     0.01 seconds
      memory              1225.28k
      OS Memory           23976.00k
      Timestamp           08/26/2026 06:53:51 PM
      Step Count                        181  Switch Count  2
      Page Faults                       0
      Page Reclaims                     91
      Page Swaps                        0
      Voluntary Context Switches        10
      Involuntary Context Switches      1
      Block Input Operations            0
      Block Output Operations           520
      
67                                                         The SAS System                     Wednesday, August 26, 2026 11:53:51 AM



NOTE: There were 306 observations read from the data set WORK._DVJ_OUT.
NOTE: The data set WORK._ADSL2_13 has 306 observations and 50 variables.
NOTE: DATA statement used (Total process time):
      real time           0.00 seconds
      user cpu time       0.00 seconds
      system cpu time     0.00 seconds
      memory              1169.00k
      OS Memory           23976.00k
      Timestamp           08/26/2026 06:53:51 PM
      Step Count                        182  Switch Count  2
      Page Faults                       0
      Page Reclaims                     91
      Page Swaps                        0
      Voluntary Context Switches        11
      Involuntary Context Switches      0
      Block Input Operations            0
      Block Output Operations           520
      


NOTE: The data set WORK._DVJ_IN_LBL has 49 observations and 41 variables.
NOTE: PROCEDURE CONTENTS used (Total process time):
      real time           0.00 seconds
      user cpu time       0.00 seconds
      system cpu time     0.00 seconds
      memory              1208.93k
      OS Memory           24236.00k
      Timestamp           08/26/2026 06:53:51 PM
      Step Count                        183  Switch Count  2
      Page Faults                       0
      Page Reclaims                     143
      Page Swaps                        0
      Voluntary Context Switches        9
      Involuntary Context Switches      0
      Block Input Operations            0
      Block Output Operations           272
      


NOTE: The data set WORK._DVJ_OUT_LBL has 50 observations and 41 variables.
NOTE: PROCEDURE CONTENTS used (Total process time):
      real time           0.00 seconds
      user cpu time       0.00 seconds
      system cpu time     0.00 seconds
      memory              1207.81k
      OS Memory           24236.00k
      Timestamp           08/26/2026 06:53:51 PM
      Step Count                        184  Switch Count  2
      Page Faults                       0
      Page Reclaims                     139
      Page Swaps                        0
      Voluntary Context Switches        9
      Involuntary Context Switches      1
      Block Input Operations            0
      Block Output Operations           280
      
68                                                         The SAS System                     Wednesday, August 26, 2026 11:53:51 AM


NOTE: There were 49 observations read from the data set WORK._DVJ_IN_LBL.
NOTE: The data set WORK._DVJ_IN_LBL has 49 observations and 41 variables.
NOTE: DATA statement used (Total process time):
      real time           0.00 seconds
      user cpu time       0.00 seconds
      system cpu time     0.00 seconds
      memory              909.81k
      OS Memory           23976.00k
      Timestamp           08/26/2026 06:53:51 PM
      Step Count                        185  Switch Count  2
      Page Faults                       0
      Page Reclaims                     110
      Page Swaps                        0
      Voluntary Context Switches        10
      Involuntary Context Switches      0
      Block Input Operations            0
      Block Output Operations           264
      


NOTE: There were 50 observations read from the data set WORK._DVJ_OUT_LBL.
NOTE: The data set WORK._DVJ_OUT_LBL has 50 observations and 41 variables.
NOTE: DATA statement used (Total process time):
      real time           0.00 seconds
      user cpu time       0.01 seconds
      system cpu time     0.00 seconds
      memory              910.06k
      OS Memory           23976.00k
      Timestamp           08/26/2026 06:53:51 PM
      Step Count                        186  Switch Count  2
      Page Faults                       0
      Page Reclaims                     109
      Page Swaps                        0
      Voluntary Context Switches        10
      Involuntary Context Switches      1
      Block Input Operations            0
      Block Output Operations           264
      


NOTE: There were 49 observations read from the data set WORK._DVJ_IN_LBL.
NOTE: The data set WORK._DVJ_IN_LBL has 49 observations and 41 variables.
NOTE: PROCEDURE SORT used (Total process time):
      real time           0.00 seconds
      user cpu time       0.00 seconds
      system cpu time     0.00 seconds
      memory              849.59k
      OS Memory           23976.00k
      Timestamp           08/26/2026 06:53:51 PM
      Step Count                        187  Switch Count  2
      Page Faults                       0
      Page Reclaims                     102
      Page Swaps                        0
      Voluntary Context Switches        10
      Involuntary Context Switches      0
      Block Input Operations            0
      Block Output Operations           264
69                                                         The SAS System                     Wednesday, August 26, 2026 11:53:51 AM

      


NOTE: There were 50 observations read from the data set WORK._DVJ_OUT_LBL.
NOTE: The data set WORK._DVJ_OUT_LBL has 50 observations and 41 variables.
NOTE: PROCEDURE SORT used (Total process time):
      real time           0.00 seconds
      user cpu time       0.00 seconds
      system cpu time     0.00 seconds
      memory              848.96k
      OS Memory           23976.00k
      Timestamp           08/26/2026 06:53:51 PM
      Step Count                        188  Switch Count  2
      Page Faults                       0
      Page Reclaims                     101
      Page Swaps                        0
      Voluntary Context Switches        10
      Involuntary Context Switches      1
      Block Input Operations            0
      Block Output Operations           264
      


NOTE: There were 50 observations read from the data set WORK._DVJ_OUT_LBL.
NOTE: There were 49 observations read from the data set WORK._DVJ_IN_LBL.
NOTE: The data set WORK._DVJ_RELABEL has 25 observations and 2 variables.
NOTE: DATA statement used (Total process time):
      real time           0.00 seconds
      user cpu time       0.00 seconds
      system cpu time     0.00 seconds
      memory              1246.59k
      OS Memory           24236.00k
      Timestamp           08/26/2026 06:53:51 PM
      Step Count                        189  Switch Count  2
      Page Faults                       0
      Page Reclaims                     154
      Page Swaps                        0
      Voluntary Context Switches        10
      Involuntary Context Switches      0
      Block Input Operations            0
      Block Output Operations           264
      

NOTE: PROCEDURE SQL used (Total process time):
      real time           0.00 seconds
      user cpu time       0.00 seconds
      system cpu time     0.00 seconds
      memory              5455.56k
      OS Memory           28840.00k
      Timestamp           08/26/2026 06:53:51 PM
      Step Count                        190  Switch Count  0
      Page Faults                       0
      Page Reclaims                     52
      Page Swaps                        0
      Voluntary Context Switches        0
      Involuntary Context Switches      0
      Block Input Operations            0
      Block Output Operations           0
70                                                         The SAS System                     Wednesday, August 26, 2026 11:53:51 AM

      


NOTE: There were 25 observations read from the data set WORK._DVJ_RELABEL.
NOTE: DATA statement used (Total process time):
      real time           0.00 seconds
      user cpu time       0.01 seconds
      system cpu time     0.00 seconds
      memory              614.46k
      OS Memory           23716.00k
      Timestamp           08/26/2026 06:53:51 PM
      Step Count                        191  Switch Count  0
      Page Faults                       0
      Page Reclaims                     57
      Page Swaps                        0
      Voluntary Context Switches        0
      Involuntary Context Switches      0
      Block Input Operations            0
      Block Output Operations           0
      

NOTE: CALL EXECUTE generated line.
1         + proc datasets lib=WORK nolist; modify _ADSL2_13;
2         + label ACTARM='Description of Actual Arm
3         +                ';
4         + label ACTARMCD='Actual Arm Code
5         +                  ';
6         + label AGE='Age
7         +             ';
8         + label AGEU='Age Units
9         +              ';
10        + label ARM='Description of Planned Arm
11        +             ';
12        + label ARMCD='Planned Arm Code
13        +               ';
14        + label COUNTRY='Country
15        +                 ';
16        + label DMDTC='Date/Time of Collection
17        +               ';
18        + label DMDY='Study Day of Collection
19        +              ';
20        + label DOMAIN='Domain Abbreviation
21        +                ';
22        + label DTHDTC='Date/Time of Death
23        +                ';
24        + label DTHFL='Subject Death Flag
25        +               ';
26        + label ETHNIC='Ethnicity
27        +                ';
28        + label RACE='Race
29        +              ';
30        + label RFENDTC='Subject Reference End Date/Time
31        +                 ';
32        + label RFICDTC='Date/Time of Informed Consent
33        +                 ';
34        + label RFPENDTC='Date/Time of End of Participation
35        +                  ';
36        + label RFSTDTC='Subject Reference Start Date/Time
71                                                         The SAS System                     Wednesday, August 26, 2026 11:53:51 AM

37        +                 ';
38        + label RFXENDTC='Date/Time of Last Study Treatment
39        +                  ';
40        + label RFXSTDTC='Date/Time of First Study Treatment
41        +                  ';
42        + label SEX='Sex
43        +             ';
44        + label SITEID='Study Site Identifier
45        +                ';
46        + label STUDYID='Study Identifier
47        +                 ';
48        + label SUBJID='Subject Identifier for the Study
49        +                ';
50        + label USUBJID='Unique Subject Identifier
51        +                 ';
52        + quit;

NOTE: MODIFY was successful for WORK._ADSL2_13.DATA.
NOTE: PROCEDURE DATASETS used (Total process time):
      real time           0.00 seconds
      user cpu time       0.00 seconds
      system cpu time     0.00 seconds
      memory              647.03k
      OS Memory           23716.00k
      Timestamp           08/26/2026 06:53:51 PM
      Step Count                        192  Switch Count  0
      Page Faults                       0
      Page Reclaims                     82
      Page Swaps                        0
      Voluntary Context Switches        0
      Involuntary Context Switches      2
      Block Input Operations            0
      Block Output Operations           16
      

NOTE: m_derive_vars_joined restored 25 label(s) on WORK._ADSL2_13

NOTE: Deleting WORK._DVJ_ADD (memtype=DATA).
NOTE: Deleting WORK._DVJ_BASE (memtype=DATA).
NOTE: Deleting WORK._DVJ_JOINED (memtype=DATA).
NOTE: Deleting WORK._DVJ_OUT (memtype=DATA).
NOTE: Deleting WORK._DVJ_IN_LBL (memtype=DATA).
NOTE: Deleting WORK._DVJ_OUT_LBL (memtype=DATA).
NOTE: Deleting WORK._DVJ_RELABEL (memtype=DATA).
NOTE: PROCEDURE DATASETS used (Total process time):
      real time           0.00 seconds
      user cpu time       0.00 seconds
      system cpu time     0.00 seconds
      memory              406.09k
      OS Memory           23716.00k
      Timestamp           08/26/2026 06:53:51 PM
      Step Count                        193  Switch Count  14
      Page Faults                       0
      Page Reclaims                     48
      Page Swaps                        0
      Voluntary Context Switches        63
      Involuntary Context Switches      0
      Block Input Operations            0
72                                                         The SAS System                     Wednesday, August 26, 2026 11:53:51 AM

      Block Output Operations           8
      

NOTE: work._adsl2_13 has 306 observations.

NOTE: There were 306 observations read from the data set WORK._ADSL2_13.
NOTE: The data set WORK._ADSL2_13 has 306 observations and 52 variables.
NOTE: DATA statement used (Total process time):
      real time           0.00 seconds
      user cpu time       0.00 seconds
      system cpu time     0.00 seconds
      memory              1169.21k
      OS Memory           23976.00k
      Timestamp           08/26/2026 06:53:51 PM
      Step Count                        194  Switch Count  2
      Page Faults                       0
      Page Reclaims                     91
      Page Swaps                        0
      Voluntary Context Switches        10
      Involuntary Context Switches      1
      Block Input Operations            0
      Block Output Operations           520
      


NOTE: Missing values were generated as a result of performing an operation on missing values.
      Each place is given by: (Number of times) at (Line):(Column).
      52 at 9968:212   
NOTE: There were 306 observations read from the data set WORK._ADSL2_13.
NOTE: The data set WORK._ADSL_PREORD has 306 observations and 58 variables.
NOTE: DATA statement used (Total process time):
      real time           0.00 seconds
      user cpu time       0.01 seconds
      system cpu time     0.00 seconds
      memory              1236.78k
      OS Memory           23976.00k
      Timestamp           08/26/2026 06:53:51 PM
      Step Count                        195  Switch Count  2
      Page Faults                       0
      Page Reclaims                     101
      Page Swaps                        0
      Voluntary Context Switches        10
      Involuntary Context Switches      0
      Block Input Operations            0
      Block Output Operations           520
      


NOTE: The data set WORK._MOVR_PREF has 55 observations and 2 variables.
NOTE: PROCEDURE CONTENTS used (Total process time):
      real time           0.22 seconds
      user cpu time       0.00 seconds
      system cpu time     0.02 seconds
      memory              1157.90k
      OS Memory           24236.00k
      Timestamp           08/26/2026 06:53:51 PM
      Step Count                        196  Switch Count  2
      Page Faults                       0
73                                                         The SAS System                     Wednesday, August 26, 2026 11:53:51 AM

      Page Reclaims                     156
      Page Swaps                        0
      Voluntary Context Switches        18
      Involuntary Context Switches      1
      Block Input Operations            0
      Block Output Operations           272
      


NOTE: There were 55 observations read from the data set WORK._MOVR_PREF.
NOTE: The data set WORK._MOVR_PREF has 55 observations and 2 variables.
NOTE: DATA statement used (Total process time):
      real time           0.00 seconds
      user cpu time       0.00 seconds
      system cpu time     0.00 seconds
      memory              803.21k
      OS Memory           23976.00k
      Timestamp           08/26/2026 06:53:51 PM
      Step Count                        197  Switch Count  2
      Page Faults                       0
      Page Reclaims                     122
      Page Swaps                        0
      Voluntary Context Switches        10
      Involuntary Context Switches      0
      Block Input Operations            0
      Block Output Operations           264
      

NOTE: m_order_vars_like_ref using REF order from ref_pva.refadsl

NOTE: The data set WORK._MOVR_HAVE has 58 observations and 2 variables.
NOTE: PROCEDURE CONTENTS used (Total process time):
      real time           0.00 seconds
      user cpu time       0.00 seconds
      system cpu time     0.00 seconds
      memory              1154.96k
      OS Memory           24236.00k
      Timestamp           08/26/2026 06:53:51 PM
      Step Count                        198  Switch Count  2
      Page Faults                       0
      Page Reclaims                     149
      Page Swaps                        0
      Voluntary Context Switches        9
      Involuntary Context Switches      1
      Block Input Operations            0
      Block Output Operations           272
      


NOTE: There were 58 observations read from the data set WORK._MOVR_HAVE.
NOTE: The data set WORK._MOVR_HAVE has 58 observations and 2 variables.
NOTE: DATA statement used (Total process time):
      real time           0.00 seconds
      user cpu time       0.00 seconds
      system cpu time     0.00 seconds
      memory              797.21k
      OS Memory           23976.00k
      Timestamp           08/26/2026 06:53:51 PM
74                                                         The SAS System                     Wednesday, August 26, 2026 11:53:51 AM

      Step Count                        199  Switch Count  2
      Page Faults                       0
      Page Reclaims                     121
      Page Swaps                        0
      Voluntary Context Switches        10
      Involuntary Context Switches      1
      Block Input Operations            0
      Block Output Operations           264
      


NOTE: The data set WORK._MOVR_EXTRA has 5 observations and 2 variables.
NOTE: DATA statement used (Total process time):
      real time           0.00 seconds
      user cpu time       0.00 seconds
      system cpu time     0.00 seconds
      memory              596.06k
      OS Memory           23716.00k
      Timestamp           08/26/2026 06:53:51 PM
      Step Count                        200  Switch Count  2
      Page Faults                       0
      Page Reclaims                     87
      Page Swaps                        0
      Voluntary Context Switches        10
      Involuntary Context Switches      0
      Block Input Operations            0
      Block Output Operations           264
      

NOTE: Table WORK._MOVR_CORE created, with 53 rows and 2 columns.

NOTE: Table WORK._MOVR_XOK0 created, with 5 rows and 2 columns.

NOTE: PROCEDURE SQL used (Total process time):
      real time           0.00 seconds
      user cpu time       0.00 seconds
      system cpu time     0.01 seconds
      memory              6937.84k
      OS Memory           30892.00k
      Timestamp           08/26/2026 06:53:51 PM
      Step Count                        201  Switch Count  4
      Page Faults                       0
      Page Reclaims                     571
      Page Swaps                        0
      Voluntary Context Switches        35
      Involuntary Context Switches      1
      Block Input Operations            0
      Block Output Operations           544
      


NOTE: There were 5 observations read from the data set WORK._MOVR_XOK0.
NOTE: The data set WORK._MOVR_XOK has 5 observations and 3 variables.
NOTE: DATA statement used (Total process time):
      real time           0.00 seconds
      user cpu time       0.00 seconds
      system cpu time     0.00 seconds
      memory              797.21k
75                                                         The SAS System                     Wednesday, August 26, 2026 11:53:51 AM

      OS Memory           25768.00k
      Timestamp           08/26/2026 06:53:51 PM
      Step Count                        202  Switch Count  2
      Page Faults                       0
      Page Reclaims                     121
      Page Swaps                        0
      Voluntary Context Switches        10
      Involuntary Context Switches      0
      Block Input Operations            0
      Block Output Operations           264
      

NOTE: Table WORK._MOVR_XSLOT created, with 5 rows and 3 columns.

NOTE: Table WORK._MOVR_CSLOT created, with 53 rows and 3 columns.

NOTE: Table WORK._MOVR_UNION created, with 58 rows and 3 columns.

NOTE: Table WORK._MOVR_FINAL created, with 58 rows and 2 columns.

NOTE: Table WORK._MOVR_DEDUP created, with 58 rows and 2 columns.

NOTE: The query as specified involves ordering by an item that doesn't appear in its SELECT clause.
NOTE: PROCEDURE SQL used (Total process time):
      real time           0.01 seconds
      user cpu time       0.01 seconds
      system cpu time     0.00 seconds
      memory              6765.85k
      OS Memory           30892.00k
      Timestamp           08/26/2026 06:53:51 PM
      Step Count                        203  Switch Count  10
      Page Faults                       0
      Page Reclaims                     971
      Page Swaps                        0
      Voluntary Context Switches        74
      Involuntary Context Switches      3
      Block Input Operations            0
      Block Output Operations           1344
      


NOTE: There were 306 observations read from the data set WORK._ADSL_PREORD.
NOTE: The data set ADAM.ADSL has 306 observations and 58 variables.
NOTE: DATA statement used (Total process time):
      real time           1.44 seconds
      user cpu time       0.00 seconds
      system cpu time     0.03 seconds
      memory              1226.28k
      OS Memory           26024.00k
      Timestamp           08/26/2026 06:53:53 PM
      Step Count                        204  Switch Count  1
      Page Faults                       0
      Page Reclaims                     91
      Page Swaps                        0
      Voluntary Context Switches        48
      Involuntary Context Switches      1
      Block Input Operations            0
      Block Output Operations           520
76                                                         The SAS System                     Wednesday, August 26, 2026 11:53:53 AM

      


NOTE: Deleting WORK._MOVR_PREF (memtype=DATA).
NOTE: Deleting WORK._MOVR_HAVE (memtype=DATA).
NOTE: Deleting WORK._MOVR_EXTRA (memtype=DATA).
NOTE: Deleting WORK._MOVR_CORE (memtype=DATA).
NOTE: Deleting WORK._MOVR_XOK (memtype=DATA).
NOTE: Deleting WORK._MOVR_XSLOT (memtype=DATA).
NOTE: Deleting WORK._MOVR_CSLOT (memtype=DATA).
NOTE: Deleting WORK._MOVR_UNION (memtype=DATA).
NOTE: Deleting WORK._MOVR_FINAL (memtype=DATA).
NOTE: Deleting WORK._MOVR_DEDUP (memtype=DATA).
NOTE: PROCEDURE DATASETS used (Total process time):
      real time           0.00 seconds
      user cpu time       0.01 seconds
      system cpu time     0.00 seconds
      memory              412.00k
      OS Memory           25764.00k
      Timestamp           08/26/2026 06:53:53 PM
      Step Count                        205  Switch Count  20
      Page Faults                       0
      Page Reclaims                     49
      Page Swaps                        0
      Voluntary Context Switches        94
      Involuntary Context Switches      0
      Block Input Operations            0
      Block Output Operations           8
      

NOTE: m_order_vars_like_ref done -> adam.adsl

NOTE: There were 306 observations read from the data set ADAM.ADSL.
NOTE: The data set ADAM.ADSL has 306 observations and 58 variables.
NOTE: PROCEDURE SORT used (Total process time):
      real time           0.92 seconds
      user cpu time       0.00 seconds
      system cpu time     0.04 seconds
      memory              1583.59k
      OS Memory           26544.00k
      Timestamp           08/26/2026 06:53:53 PM
      Step Count                        206  Switch Count  1
      Page Faults                       0
      Page Reclaims                     137
      Page Swaps                        0
      Voluntary Context Switches        57
      Involuntary Context Switches      0
      Block Input Operations            0
      Block Output Operations           520
      


NOTE: Deleting WORK._ADSL2_0 (memtype=DATA).
NOTE: Deleting WORK._ADSL2_1 (memtype=DATA).
NOTE: Deleting WORK._ADSL2_2 (memtype=DATA).
NOTE: Deleting WORK._ADSL2_4 (memtype=DATA).
NOTE: Deleting WORK._ADSL2_4B (memtype=DATA).
NOTE: Deleting WORK._ADSL2_5 (memtype=DATA).
77                                                         The SAS System                     Wednesday, August 26, 2026 11:53:54 AM

NOTE: Deleting WORK._ADSL2_6 (memtype=DATA).
NOTE: Deleting WORK._ADSL2_7 (memtype=DATA).
NOTE: Deleting WORK._ADSL2_8 (memtype=DATA).
NOTE: Deleting WORK._ADSL2_9 (memtype=DATA).
NOTE: Deleting WORK._ADSL2_10 (memtype=DATA).
NOTE: Deleting WORK._ADSL2_10B (memtype=DATA).
NOTE: Deleting WORK._ADSL2_10C (memtype=DATA).
NOTE: Deleting WORK._ADSL2_11 (memtype=DATA).
NOTE: Deleting WORK._ADSL2_12 (memtype=DATA).
NOTE: Deleting WORK._ADSL2_13 (memtype=DATA).
NOTE: Deleting WORK._ADSL_PREORD (memtype=DATA).
NOTE: Deleting WORK._EX_ST (memtype=DATA).
NOTE: Deleting WORK._EX_EXT (memtype=DATA).
NOTE: Deleting WORK._DS_EXT (memtype=DATA).
NOTE: Deleting WORK._DS_EOSSTT (memtype=DATA).
NOTE: Deleting WORK._POPFL (memtype=DATA).
NOTE: Deleting WORK._SAFFL_EX (memtype=DATA).
NOTE: PROCEDURE DATASETS used (Total process time):
      real time           0.01 seconds
      user cpu time       0.01 seconds
      system cpu time     0.00 seconds
      memory              360.84k
      OS Memory           25764.00k
      Timestamp           08/26/2026 06:53:54 PM
      Step Count                        207  Switch Count  46
      Page Faults                       0
      Page Reclaims                     48
      Page Swaps                        0
      Voluntary Context Switches        209
      Involuntary Context Switches      0
      Block Input Operations            0
      Block Output Operations           8
      

NOTE: adam.adsl has 306 observations.
NOTE: m_adsl_pva complete -> adam.adsl

NOTE: There were 306 observations read from the data set ADAM.ADSL.
      WHERE 1 /* an obviously TRUE WHERE clause */ ;
NOTE: The data set WORK._DVJ_ADD has 306 observations and 58 variables.
NOTE: DATA statement used (Total process time):
      real time           0.40 seconds
      user cpu time       0.00 seconds
      system cpu time     0.02 seconds
      memory              1192.81k
      OS Memory           26024.00k
      Timestamp           08/26/2026 06:53:54 PM
      Step Count                        208  Switch Count  2
      Page Faults                       0
      Page Reclaims                     91
      Page Swaps                        0
      Voluntary Context Switches        20
      Involuntary Context Switches      0
      Block Input Operations            0
      Block Output Operations           520
      


78                                                         The SAS System                     Wednesday, August 26, 2026 11:53:54 AM

NOTE: There were 1191 observations read from the data set RAW.AE.
NOTE: The data set WORK._DVJ_BASE has 1191 observations and 36 variables.
NOTE: DATA statement used (Total process time):
      real time           0.15 seconds
      user cpu time       0.00 seconds
      system cpu time     0.02 seconds
      memory              1950.40k
      OS Memory           26664.00k
      Timestamp           08/26/2026 06:53:54 PM
      Step Count                        209  Switch Count  2
      Page Faults                       0
      Page Reclaims                     240
      Page Swaps                        0
      Voluntary Context Switches        23
      Involuntary Context Switches      0
      Block Input Operations            0
      Block Output Operations           1288
      

NOTE: Table WORK._DVJ_JOINED created, with 1191 rows and 46 columns.

NOTE: PROCEDURE SQL used (Total process time):
      real time           0.00 seconds
      user cpu time       0.01 seconds
      system cpu time     0.01 seconds
      memory              21813.34k
      OS Memory           44592.00k
      Timestamp           08/26/2026 06:53:54 PM
      Step Count                        210  Switch Count  2
      Page Faults                       0
      Page Reclaims                     925
      Page Swaps                        0
      Voluntary Context Switches        30
      Involuntary Context Switches      1
      Block Input Operations            0
      Block Output Operations           1816
      


NOTE: There were 1191 observations read from the data set WORK._DVJ_JOINED.
NOTE: The data set WORK._DVJ_JOINED has 1191 observations and 46 variables.
NOTE: PROCEDURE SORT used (Total process time):
      real time           0.00 seconds
      user cpu time       0.00 seconds
      system cpu time     0.00 seconds
      memory              3740.09k
      OS Memory           28728.00k
      Timestamp           08/26/2026 06:53:54 PM
      Step Count                        211  Switch Count  2
      Page Faults                       0
      Page Reclaims                     525
      Page Swaps                        0
      Voluntary Context Switches        11
      Involuntary Context Switches      0
      Block Input Operations            0
      Block Output Operations           1800
      

79                                                         The SAS System                     Wednesday, August 26, 2026 11:53:54 AM


NOTE: There were 1191 observations read from the data set WORK._DVJ_JOINED.
NOTE: The data set WORK._DVJ_OUT has 1191 observations and 46 variables.
NOTE: DATA statement used (Total process time):
      real time           0.00 seconds
      user cpu time       0.00 seconds
      system cpu time     0.00 seconds
      memory              2577.25k
      OS Memory           27432.00k
      Timestamp           08/26/2026 06:53:54 PM
      Step Count                        212  Switch Count  2
      Page Faults                       0
      Page Reclaims                     363
      Page Swaps                        0
      Voluntary Context Switches        11
      Involuntary Context Switches      0
      Block Input Operations            0
      Block Output Operations           1800
      


NOTE: There were 1191 observations read from the data set WORK._DVJ_OUT.
NOTE: The data set WORK._ADAE_PVA_0 has 1191 observations and 43 variables.
NOTE: DATA statement used (Total process time):
      real time           0.00 seconds
      user cpu time       0.01 seconds
      system cpu time     0.00 seconds
      memory              2516.46k
      OS Memory           27432.00k
      Timestamp           08/26/2026 06:53:54 PM
      Step Count                        213  Switch Count  2
      Page Faults                       0
      Page Reclaims                     370
      Page Swaps                        0
      Voluntary Context Switches        11
      Involuntary Context Switches      0
      Block Input Operations            0
      Block Output Operations           1800
      


NOTE: The data set WORK._DVJ_IN_LBL has 35 observations and 41 variables.
NOTE: PROCEDURE CONTENTS used (Total process time):
      real time           0.14 seconds
      user cpu time       0.00 seconds
      system cpu time     0.02 seconds
      memory              1585.25k
      OS Memory           26668.00k
      Timestamp           08/26/2026 06:53:54 PM
      Step Count                        214  Switch Count  2
      Page Faults                       0
      Page Reclaims                     237
      Page Swaps                        0
      Voluntary Context Switches        18
      Involuntary Context Switches      0
      Block Input Operations            0
      Block Output Operations           272
      
80                                                         The SAS System                     Wednesday, August 26, 2026 11:53:54 AM



NOTE: The data set WORK._DVJ_OUT_LBL has 43 observations and 41 variables.
NOTE: PROCEDURE CONTENTS used (Total process time):
      real time           0.00 seconds
      user cpu time       0.00 seconds
      system cpu time     0.00 seconds
      memory              1843.18k
      OS Memory           26924.00k
      Timestamp           08/26/2026 06:53:54 PM
      Step Count                        215  Switch Count  2
      Page Faults                       0
      Page Reclaims                     299
      Page Swaps                        0
      Voluntary Context Switches        10
      Involuntary Context Switches      0
      Block Input Operations            0
      Block Output Operations           272
      

NOTE: There were 35 observations read from the data set WORK._DVJ_IN_LBL.
NOTE: The data set WORK._DVJ_IN_LBL has 35 observations and 41 variables.
NOTE: DATA statement used (Total process time):
      real time           0.00 seconds
      user cpu time       0.00 seconds
      system cpu time     0.00 seconds
      memory              909.62k
      OS Memory           26024.00k
      Timestamp           08/26/2026 06:53:54 PM
      Step Count                        216  Switch Count  2
      Page Faults                       0
      Page Reclaims                     113
      Page Swaps                        0
      Voluntary Context Switches        12
      Involuntary Context Switches      0
      Block Input Operations            0
      Block Output Operations           264
      


NOTE: There were 43 observations read from the data set WORK._DVJ_OUT_LBL.
NOTE: The data set WORK._DVJ_OUT_LBL has 43 observations and 41 variables.
NOTE: DATA statement used (Total process time):
      real time           0.00 seconds
      user cpu time       0.00 seconds
      system cpu time     0.00 seconds
      memory              909.84k
      OS Memory           26024.00k
      Timestamp           08/26/2026 06:53:54 PM
      Step Count                        217  Switch Count  2
      Page Faults                       0
      Page Reclaims                     111
      Page Swaps                        0
      Voluntary Context Switches        11
      Involuntary Context Switches      1
      Block Input Operations            0
      Block Output Operations           264
      
81                                                         The SAS System                     Wednesday, August 26, 2026 11:53:54 AM



NOTE: There were 35 observations read from the data set WORK._DVJ_IN_LBL.
NOTE: The data set WORK._DVJ_IN_LBL has 35 observations and 41 variables.
NOTE: PROCEDURE SORT used (Total process time):
      real time           0.00 seconds
      user cpu time       0.00 seconds
      system cpu time     0.00 seconds
      memory              847.28k
      OS Memory           26024.00k
      Timestamp           08/26/2026 06:53:54 PM
      Step Count                        218  Switch Count  2
      Page Faults                       0
      Page Reclaims                     105
      Page Swaps                        0
      Voluntary Context Switches        11
      Involuntary Context Switches      0
      Block Input Operations            0
      Block Output Operations           264
      


NOTE: There were 43 observations read from the data set WORK._DVJ_OUT_LBL.
NOTE: The data set WORK._DVJ_OUT_LBL has 43 observations and 41 variables.
NOTE: PROCEDURE SORT used (Total process time):
      real time           0.00 seconds
      user cpu time       0.00 seconds
      system cpu time     0.00 seconds
      memory              846.75k
      OS Memory           26024.00k
      Timestamp           08/26/2026 06:53:54 PM
      Step Count                        219  Switch Count  2
      Page Faults                       0
      Page Reclaims                     103
      Page Swaps                        0
      Voluntary Context Switches        11
      Involuntary Context Switches      0
      Block Input Operations            0
      Block Output Operations           264
      


NOTE: There were 43 observations read from the data set WORK._DVJ_OUT_LBL.
NOTE: There were 35 observations read from the data set WORK._DVJ_IN_LBL.
NOTE: The data set WORK._DVJ_RELABEL has 35 observations and 2 variables.
NOTE: DATA statement used (Total process time):
      real time           0.00 seconds
      user cpu time       0.00 seconds
      system cpu time     0.00 seconds
      memory              1246.62k
      OS Memory           26284.00k
      Timestamp           08/26/2026 06:53:54 PM
      Step Count                        220  Switch Count  2
      Page Faults                       0
      Page Reclaims                     153
      Page Swaps                        0
      Voluntary Context Switches        11
      Involuntary Context Switches      0
82                                                         The SAS System                     Wednesday, August 26, 2026 11:53:54 AM

      Block Input Operations            0
      Block Output Operations           264
      

NOTE: PROCEDURE SQL used (Total process time):
      real time           0.00 seconds
      user cpu time       0.00 seconds
      system cpu time     0.00 seconds
      memory              5455.50k
      OS Memory           30888.00k
      Timestamp           08/26/2026 06:53:54 PM
      Step Count                        221  Switch Count  0
      Page Faults                       0
      Page Reclaims                     52
      Page Swaps                        0
      Voluntary Context Switches        0
      Involuntary Context Switches      0
      Block Input Operations            0
      Block Output Operations           0
      


NOTE: There were 35 observations read from the data set WORK._DVJ_RELABEL.
NOTE: DATA statement used (Total process time):
      real time           0.00 seconds
      user cpu time       0.00 seconds
      system cpu time     0.00 seconds
      memory              615.31k
      OS Memory           25764.00k
      Timestamp           08/26/2026 06:53:54 PM
      Step Count                        222  Switch Count  0
      Page Faults                       0
      Page Reclaims                     57
      Page Swaps                        0
      Voluntary Context Switches        0
      Involuntary Context Switches      0
      Block Input Operations            0
      Block Output Operations           0
      

NOTE: CALL EXECUTE generated line.
1         + proc datasets lib=WORK nolist; modify _ADAE_PVA_0;
2         + label AEACN='Action Taken with Study Treatment
3         +               ';
4         + label AEBDSYCD='Body System or Organ Class Code
5         +                  ';
6         + label AEBODSYS='Body System or Organ Class
7         +                  ';
8         + label AEDECOD='Dictionary-Derived Term
9         +                 ';
10        + label AEDTC='Date/Time of Collection
11        +               ';
12        + label AEENDTC='End Date/Time of Adverse Event
13        +                 ';
14        + label AEENDY='Study Day of End of Adverse Event
15        +                ';
16        + label AEHLGT='High Level Group Term
17        +                ';
83                                                         The SAS System                     Wednesday, August 26, 2026 11:53:54 AM

18        + label AEHLGTCD='High Level Group Term Code
19        +                  ';
20        + label AEHLT='High Level Term
21        +               ';
22        + label AEHLTCD='High Level Term Code
23        +                 ';
24        + label AELLT='Lowest Level Term
25        +               ';
26        + label AELLTCD='Lowest Level Term Code
27        +                 ';
28        + label AEOUT='Outcome of Adverse Event
29        +               ';
30        + label AEPTCD='Preferred Term Code
31        +                ';
32        + label AEREL='Causality
33        +               ';
34        + label AESCAN='Involves Cancer
35        +                ';
36        + label AESCONG='Congenital Anomaly or Birth Defect
37        +                 ';
38        + label AESDISAB='Persist or Signif Disability/Incapacity
39        +                  ';
40        + label AESDTH='Results in Death
41        +                ';
42        + label AESEQ='Sequence Number
43        +               ';
44        + label AESER='Serious Event
45        +               ';
46        + label AESEV='Severity/Intensity
47        +               ';
48        + label AESHOSP='Requires or Prolongs Hospitalization
49        +                 ';
50        + label AESLIFE='Is Life Threatening
51        +                 ';
52        + label AESOC='Primary System Organ Class
53        +               ';
54        + label AESOCCD='Primary System Organ Class Code
55        +                 ';
56        + label AESOD='Occurred with Overdose
57        +               ';
58        + label AESPID='Sponsor-Defined Identifier
59        +                ';
60        + label AESTDTC='Start Date/Time of Adverse Event
61        +                 ';
62        + label AESTDY='Study Day of Start of Adverse Event
63        +                ';
64        + label AETERM='Reported Term for the Adverse Event
65        +                ';
66        + label DOMAIN='Domain Abbreviation
67        +                ';
68        + label STUDYID='Study Identifier
69        +                 ';
70        + label USUBJID='Unique Subject Identifier
71        +                 ';
72        + quit;

NOTE: MODIFY was successful for WORK._ADAE_PVA_0.DATA.
NOTE: PROCEDURE DATASETS used (Total process time):
84                                                         The SAS System                     Wednesday, August 26, 2026 11:53:54 AM

      real time           0.00 seconds
      user cpu time       0.00 seconds
      system cpu time     0.00 seconds
      memory              1231.84k
      OS Memory           26404.00k
      Timestamp           08/26/2026 06:53:54 PM
      Step Count                        223  Switch Count  0
      Page Faults                       0
      Page Reclaims                     242
      Page Swaps                        0
      Voluntary Context Switches        0
      Involuntary Context Switches      1
      Block Input Operations            0
      Block Output Operations           8
      

NOTE: m_derive_vars_joined restored 35 label(s) on WORK._ADAE_PVA_0

NOTE: Deleting WORK._DVJ_ADD (memtype=DATA).
NOTE: Deleting WORK._DVJ_BASE (memtype=DATA).
NOTE: Deleting WORK._DVJ_JOINED (memtype=DATA).
NOTE: Deleting WORK._DVJ_OUT (memtype=DATA).
NOTE: Deleting WORK._DVJ_IN_LBL (memtype=DATA).
NOTE: Deleting WORK._DVJ_OUT_LBL (memtype=DATA).
NOTE: Deleting WORK._DVJ_RELABEL (memtype=DATA).
NOTE: PROCEDURE DATASETS used (Total process time):
      real time           0.00 seconds
      user cpu time       0.01 seconds
      system cpu time     0.00 seconds
      memory              346.21k
      OS Memory           25764.00k
      Timestamp           08/26/2026 06:53:54 PM
      Step Count                        224  Switch Count  14
      Page Faults                       0
      Page Reclaims                     48
      Page Swaps                        0
      Voluntary Context Switches        63
      Involuntary Context Switches      0
      Block Input Operations            0
      Block Output Operations           8
      

NOTE: work._adae_pva_0 has 1191 observations.

NOTE: There were 1191 observations read from the data set WORK._ADAE_PVA_0.
NOTE: The data set WORK._MDTM_DATE has 1191 observations and 45 variables.
NOTE: DATA statement used (Total process time):
      real time           0.00 seconds
      user cpu time       0.00 seconds
      system cpu time     0.00 seconds
      memory              2647.25k
      OS Memory           27432.00k
      Timestamp           08/26/2026 06:53:54 PM
      Step Count                        225  Switch Count  2
      Page Faults                       0
      Page Reclaims                     367
      Page Swaps                        0
      Voluntary Context Switches        11
85                                                         The SAS System                     Wednesday, August 26, 2026 11:53:54 AM

      Involuntary Context Switches      0
      Block Input Operations            0
      Block Output Operations           1800
      

NOTE: work._mdtm_date has 1191 observations.

NOTE: There were 1191 observations read from the data set WORK._MDTM_DATE.
NOTE: The data set WORK._ADAE_PVA_1 has 1191 observations and 46 variables.
NOTE: DATA statement used (Total process time):
      real time           0.00 seconds
      user cpu time       0.01 seconds
      system cpu time     0.00 seconds
      memory              2595.71k
      OS Memory           27432.00k
      Timestamp           08/26/2026 06:53:54 PM
      Step Count                        226  Switch Count  2
      Page Faults                       0
      Page Reclaims                     367
      Page Swaps                        0
      Voluntary Context Switches        12
      Involuntary Context Switches      0
      Block Input Operations            0
      Block Output Operations           1800
      


NOTE: Deleting WORK._MDTM_DATE (memtype=DATA).
NOTE: PROCEDURE DATASETS used (Total process time):
      real time           0.00 seconds
      user cpu time       0.00 seconds
      system cpu time     0.00 seconds
      memory              346.21k
      OS Memory           25764.00k
      Timestamp           08/26/2026 06:53:54 PM
      Step Count                        227  Switch Count  2
      Page Faults                       0
      Page Reclaims                     48
      Page Swaps                        0
      Voluntary Context Switches        10
      Involuntary Context Switches      0
      Block Input Operations            0
      Block Output Operations           8
      

NOTE: work._adae_pva_1 has 1191 observations.

NOTE: There were 1191 observations read from the data set WORK._ADAE_PVA_1.
NOTE: The data set WORK._MDTM_DATE has 1191 observations and 48 variables.
NOTE: DATA statement used (Total process time):
      real time           0.00 seconds
      user cpu time       0.00 seconds
      system cpu time     0.00 seconds
      memory              2654.28k
      OS Memory           27432.00k
      Timestamp           08/26/2026 06:53:54 PM
      Step Count                        228  Switch Count  2
      Page Faults                       0
86                                                         The SAS System                     Wednesday, August 26, 2026 11:53:54 AM

      Page Reclaims                     365
      Page Swaps                        0
      Voluntary Context Switches        11
      Involuntary Context Switches      3
      Block Input Operations            0
      Block Output Operations           1808
      

NOTE: work._mdtm_date has 1191 observations.

NOTE: There were 1191 observations read from the data set WORK._MDTM_DATE.
NOTE: The data set WORK._ADAE_PVA_2 has 1191 observations and 49 variables.
NOTE: DATA statement used (Total process time):
      real time           0.00 seconds
      user cpu time       0.00 seconds
      system cpu time     0.00 seconds
      memory              2607.06k
      OS Memory           27432.00k
      Timestamp           08/26/2026 06:53:54 PM
      Step Count                        229  Switch Count  2
      Page Faults                       0
      Page Reclaims                     363
      Page Swaps                        0
      Voluntary Context Switches        11
      Involuntary Context Switches      0
      Block Input Operations            0
      Block Output Operations           1800
      


NOTE: Deleting WORK._MDTM_DATE (memtype=DATA).
NOTE: PROCEDURE DATASETS used (Total process time):
      real time           0.00 seconds
      user cpu time       0.00 seconds
      system cpu time     0.00 seconds
      memory              346.21k
      OS Memory           25764.00k
      Timestamp           08/26/2026 06:53:54 PM
      Step Count                        230  Switch Count  2
      Page Faults                       0
      Page Reclaims                     48
      Page Swaps                        0
      Voluntary Context Switches        10
      Involuntary Context Switches      0
      Block Input Operations            0
      Block Output Operations           8
      

NOTE: work._adae_pva_2 has 1191 observations.

NOTE: There were 1191 observations read from the data set WORK._ADAE_PVA_2.
NOTE: The data set WORK._ADAE_PVA_3 has 1191 observations and 51 variables.
NOTE: DATA statement used (Total process time):
      real time           0.00 seconds
      user cpu time       0.00 seconds
      system cpu time     0.01 seconds
      memory              2537.37k
      OS Memory           27432.00k
87                                                         The SAS System                     Wednesday, August 26, 2026 11:53:54 AM

      Timestamp           08/26/2026 06:53:54 PM
      Step Count                        231  Switch Count  2
      Page Faults                       0
      Page Reclaims                     358
      Page Swaps                        0
      Voluntary Context Switches        12
      Involuntary Context Switches      1
      Block Input Operations            0
      Block Output Operations           1800
      

NOTE: work._adae_pva_3 has 1191 observations.

NOTE: There were 1191 observations read from the data set WORK._ADAE_PVA_3.
NOTE: The data set WORK._ADAE_PVA_3B has 1191 observations and 51 variables.
NOTE: DATA statement used (Total process time):
      real time           0.00 seconds
      user cpu time       0.01 seconds
      system cpu time     0.00 seconds
      memory              2583.78k
      OS Memory           27432.00k
      Timestamp           08/26/2026 06:53:54 PM
      Step Count                        232  Switch Count  2
      Page Faults                       0
      Page Reclaims                     358
      Page Swaps                        0
      Voluntary Context Switches        11
      Involuntary Context Switches      0
      Block Input Operations            0
      Block Output Operations           1800
      


NOTE: There were 1191 observations read from the data set WORK._ADAE_PVA_3B.
NOTE: The data set WORK._ADAE_PVA_3C has 1191 observations and 51 variables.
NOTE: DATA statement used (Total process time):
      real time           0.00 seconds
      user cpu time       0.00 seconds
      system cpu time     0.00 seconds
      memory              2591.18k
      OS Memory           27432.00k
      Timestamp           08/26/2026 06:53:54 PM
      Step Count                        233  Switch Count  2
      Page Faults                       0
      Page Reclaims                     366
      Page Swaps                        0
      Voluntary Context Switches        12
      Involuntary Context Switches      0
      Block Input Operations            0
      Block Output Operations           1800
      


NOTE: There were 1191 observations read from the data set WORK._ADAE_PVA_3C.
NOTE: The data set WORK._ADAE_PVA_4 has 1191 observations and 53 variables.
NOTE: DATA statement used (Total process time):
      real time           0.00 seconds
      user cpu time       0.00 seconds
88                                                         The SAS System                     Wednesday, August 26, 2026 11:53:54 AM

      system cpu time     0.00 seconds
      memory              2696.43k
      OS Memory           27688.00k
      Timestamp           08/26/2026 06:53:54 PM
      Step Count                        234  Switch Count  2
      Page Faults                       0
      Page Reclaims                     420
      Page Swaps                        0
      Voluntary Context Switches        11
      Involuntary Context Switches      0
      Block Input Operations            0
      Block Output Operations           2056
      

NOTE: work._adae_pva_4 has 1191 observations.

NOTE: There were 1191 observations read from the data set WORK._ADAE_PVA_4.
NOTE: The data set WORK._ADAE_PVA_5 has 1191 observations and 54 variables.
NOTE: DATA statement used (Total process time):
      real time           0.00 seconds
      user cpu time       0.01 seconds
      system cpu time     0.00 seconds
      memory              2816.03k
      OS Memory           27816.00k
      Timestamp           08/26/2026 06:53:54 PM
      Step Count                        235  Switch Count  2
      Page Faults                       0
      Page Reclaims                     449
      Page Swaps                        0
      Voluntary Context Switches        11
      Involuntary Context Switches      0
      Block Input Operations            0
      Block Output Operations           2056
      

NOTE: work._adae_pva_5 has 1191 observations.

NOTE: There were 591 observations read from the data set RAW.EX.
NOTE: The data set WORK._EX_SINGLE_SRC has 515 observations and 19 variables.
NOTE: DATA statement used (Total process time):
      real time           0.14 seconds
      user cpu time       0.00 seconds
      system cpu time     0.02 seconds
      memory              845.75k
      OS Memory           26024.00k
      Timestamp           08/26/2026 06:53:54 PM
      Step Count                        236  Switch Count  2
      Page Faults                       0
      Page Reclaims                     110
      Page Swaps                        0
      Voluntary Context Switches        21
      Involuntary Context Switches      0
      Block Input Operations            0
      Block Output Operations           264
      


NOTE: There were 515 observations read from the data set WORK._EX_SINGLE_SRC.
89                                                         The SAS System                     Wednesday, August 26, 2026 11:53:55 AM

NOTE: The data set WORK._EX_SINGLE_EXP has 22439 observations and 18 variables.
NOTE: DATA statement used (Total process time):
      real time           0.00 seconds
      user cpu time       0.00 seconds
      system cpu time     0.00 seconds
      memory              2083.34k
      OS Memory           27304.00k
      Timestamp           08/26/2026 06:53:55 PM
      Step Count                        237  Switch Count  2
      Page Faults                       0
      Page Reclaims                     266
      Page Swaps                        0
      Voluntary Context Switches        12
      Involuntary Context Switches      0
      Block Input Operations            0
      Block Output Operations           6408
      


NOTE: There were 22439 observations read from the data set WORK._EX_SINGLE_EXP.
NOTE: The data set WORK._EX_SINGLE_EXP has 22439 observations and 18 variables.
NOTE: PROCEDURE SORT used (Total process time):
      real time           0.01 seconds
      user cpu time       0.01 seconds
      system cpu time     0.01 seconds
      memory              7594.21k
      OS Memory           32448.00k
      Timestamp           08/26/2026 06:53:55 PM
      Step Count                        238  Switch Count  2
      Page Faults                       0
      Page Reclaims                     1565
      Page Swaps                        0
      Voluntary Context Switches        11
      Involuntary Context Switches      1
      Block Input Operations            0
      Block Output Operations           6408
      


NOTE: There were 22439 observations read from the data set WORK._EX_SINGLE_EXP.
NOTE: The data set WORK.EX_SINGLE_PVA has 22439 observations and 17 variables.
NOTE: DATA statement used (Total process time):
      real time           0.00 seconds
      user cpu time       0.00 seconds
      system cpu time     0.00 seconds
      memory              3501.34k
      OS Memory           29352.00k
      Timestamp           08/26/2026 06:53:55 PM
      Step Count                        239  Switch Count  2
      Page Faults                       0
      Page Reclaims                     598
      Page Swaps                        0
      Voluntary Context Switches        11
      Involuntary Context Switches      1
      Block Input Operations            0
      Block Output Operations           6152
      

90                                                         The SAS System                     Wednesday, August 26, 2026 11:53:55 AM


NOTE: Deleting WORK._EX_SINGLE_SRC (memtype=DATA).
NOTE: Deleting WORK._EX_SINGLE_EXP (memtype=DATA).
NOTE: PROCEDURE DATASETS used (Total process time):
      real time           0.00 seconds
      user cpu time       0.00 seconds
      system cpu time     0.00 seconds
      memory              346.21k
      OS Memory           26020.00k
      Timestamp           08/26/2026 06:53:55 PM
      Step Count                        240  Switch Count  4
      Page Faults                       0
      Page Reclaims                     48
      Page Swaps                        0
      Voluntary Context Switches        18
      Involuntary Context Switches      0
      Block Input Operations            0
      Block Output Operations           8
      

NOTE: work.ex_single_pva has 22439 observations.
NOTE: m_ex_single_pva complete -> work.ex_single_pva (daily EX / EXDOSFRQ=ONCE)

NOTE: There were 22439 observations read from the data set WORK.EX_SINGLE_PVA.
NOTE: The data set WORK._MDTM_DATE has 22439 observations and 18 variables.
NOTE: DATA statement used (Total process time):
      real time           0.02 seconds
      user cpu time       0.01 seconds
      system cpu time     0.01 seconds
      memory              3538.93k
      OS Memory           29352.00k
      Timestamp           08/26/2026 06:53:55 PM
      Step Count                        241  Switch Count  2
      Page Faults                       0
      Page Reclaims                     598
      Page Swaps                        0
      Voluntary Context Switches        11
      Involuntary Context Switches      0
      Block Input Operations            0
      Block Output Operations           6408
      

NOTE: work._mdtm_date has 22439 observations.

NOTE: There were 22439 observations read from the data set WORK._MDTM_DATE.
NOTE: The data set WORK._EX_PVA_ST has 22439 observations and 18 variables.
NOTE: DATA statement used (Total process time):
      real time           0.01 seconds
      user cpu time       0.01 seconds
      system cpu time     0.00 seconds
      memory              3508.25k
      OS Memory           29352.00k
      Timestamp           08/26/2026 06:53:55 PM
      Step Count                        242  Switch Count  2
      Page Faults                       0
      Page Reclaims                     598
      Page Swaps                        0
      Voluntary Context Switches        10
91                                                         The SAS System                     Wednesday, August 26, 2026 11:53:55 AM

      Involuntary Context Switches      0
      Block Input Operations            0
      Block Output Operations           6416
      


NOTE: Deleting WORK._MDTM_DATE (memtype=DATA).
NOTE: PROCEDURE DATASETS used (Total process time):
      real time           0.00 seconds
      user cpu time       0.00 seconds
      system cpu time     0.00 seconds
      memory              346.21k
      OS Memory           26020.00k
      Timestamp           08/26/2026 06:53:55 PM
      Step Count                        243  Switch Count  2
      Page Faults                       0
      Page Reclaims                     48
      Page Swaps                        0
      Voluntary Context Switches        9
      Involuntary Context Switches      0
      Block Input Operations            0
      Block Output Operations           8
      

NOTE: work._ex_pva_st has 22439 observations.

NOTE: There were 22439 observations read from the data set WORK._EX_PVA_ST.
NOTE: The data set WORK._EX_PVA has 22439 observations and 19 variables.
NOTE: DATA statement used (Total process time):
      real time           0.00 seconds
      user cpu time       0.01 seconds
      system cpu time     0.01 seconds
      memory              3429.34k
      OS Memory           29352.00k
      Timestamp           08/26/2026 06:53:55 PM
      Step Count                        244  Switch Count  2
      Page Faults                       0
      Page Reclaims                     598
      Page Swaps                        0
      Voluntary Context Switches        10
      Involuntary Context Switches      0
      Block Input Operations            0
      Block Output Operations           6920
      


NOTE: There were 22439 observations read from the data set WORK._EX_PVA.
      WHERE not MISSING(EXSTDTM);
NOTE: The data set WORK._DVJ_ADD has 22439 observations and 19 variables.
NOTE: DATA statement used (Total process time):
      real time           0.00 seconds
      user cpu time       0.01 seconds
      system cpu time     0.00 seconds
      memory              3438.56k
      OS Memory           29352.00k
      Timestamp           08/26/2026 06:53:55 PM
      Step Count                        245  Switch Count  2
      Page Faults                       0
92                                                         The SAS System                     Wednesday, August 26, 2026 11:53:55 AM

      Page Reclaims                     598
      Page Swaps                        0
      Voluntary Context Switches        10
      Involuntary Context Switches      0
      Block Input Operations            0
      Block Output Operations           6920
      


NOTE: There were 1191 observations read from the data set WORK._ADAE_PVA_5.
NOTE: The data set WORK._DVJ_BASE has 1191 observations and 55 variables.
NOTE: DATA statement used (Total process time):
      real time           0.00 seconds
      user cpu time       0.00 seconds
      system cpu time     0.00 seconds
      memory              2822.56k
      OS Memory           28072.00k
      Timestamp           08/26/2026 06:53:55 PM
      Step Count                        246  Switch Count  2
      Page Faults                       0
      Page Reclaims                     448
      Page Swaps                        0
      Voluntary Context Switches        10
      Involuntary Context Switches      0
      Block Input Operations            0
      Block Output Operations           2056
      

NOTE: Table WORK._DVJ_JOINED created, with 41921 rows and 65 columns.

NOTE: PROCEDURE SQL used (Total process time):
      real time           0.05 seconds
      user cpu time       0.04 seconds
      system cpu time     0.01 seconds
      memory              33733.46k
      OS Memory           57264.00k
      Timestamp           08/26/2026 06:53:55 PM
      Step Count                        247  Switch Count  2
      Page Faults                       0
      Page Reclaims                     2356
      Page Swaps                        0
      Voluntary Context Switches        97
      Involuntary Context Switches      2
      Block Input Operations            0
      Block Output Operations           76304
      


NOTE: There were 41921 observations read from the data set WORK._DVJ_JOINED.
NOTE: The data set WORK._DVJ_JOINED has 41921 observations and 65 variables.
NOTE: PROCEDURE SORT used (Total process time):
      real time           0.06 seconds
      user cpu time       0.02 seconds
      system cpu time     0.05 seconds
      memory              41709.96k
      OS Memory           66372.00k
      Timestamp           08/26/2026 06:53:55 PM
      Step Count                        248  Switch Count  2
93                                                         The SAS System                     Wednesday, August 26, 2026 11:53:55 AM

      Page Faults                       0
      Page Reclaims                     9936
      Page Swaps                        0
      Voluntary Context Switches        11
      Involuntary Context Switches      0
      Block Input Operations            0
      Block Output Operations           71176
      


NOTE: There were 41921 observations read from the data set WORK._DVJ_JOINED.
NOTE: The data set WORK._DVJ_OUT has 1191 observations and 65 variables.
NOTE: DATA statement used (Total process time):
      real time           0.01 seconds
      user cpu time       0.00 seconds
      system cpu time     0.01 seconds
      memory              3321.43k
      OS Memory           28840.00k
      Timestamp           08/26/2026 06:53:55 PM
      Step Count                        249  Switch Count  2
      Page Faults                       0
      Page Reclaims                     528
      Page Swaps                        0
      Voluntary Context Switches        11
      Involuntary Context Switches      0
      Block Input Operations            0
      Block Output Operations           2056
      


NOTE: There were 1191 observations read from the data set WORK._DVJ_OUT.
NOTE: The data set WORK._ADAE_PVA_6A has 1191 observations and 61 variables.
NOTE: DATA statement used (Total process time):
      real time           0.00 seconds
      user cpu time       0.00 seconds
      system cpu time     0.00 seconds
      memory              2832.18k
      OS Memory           28072.00k
      Timestamp           08/26/2026 06:53:55 PM
      Step Count                        250  Switch Count  2
      Page Faults                       0
      Page Reclaims                     433
      Page Swaps                        0
      Voluntary Context Switches        11
      Involuntary Context Switches      0
      Block Input Operations            0
      Block Output Operations           2056
      


NOTE: The data set WORK._DVJ_IN_LBL has 54 observations and 41 variables.
NOTE: PROCEDURE CONTENTS used (Total process time):
      real time           0.00 seconds
      user cpu time       0.01 seconds
      system cpu time     0.00 seconds
      memory              1977.15k
      OS Memory           27308.00k
      Timestamp           08/26/2026 06:53:55 PM
94                                                         The SAS System                     Wednesday, August 26, 2026 11:53:55 AM

      Step Count                        251  Switch Count  2
      Page Faults                       0
      Page Reclaims                     328
      Page Swaps                        0
      Voluntary Context Switches        9
      Involuntary Context Switches      0
      Block Input Operations            0
      Block Output Operations           272
      


NOTE: The data set WORK._DVJ_OUT_LBL has 61 observations and 41 variables.
NOTE: PROCEDURE CONTENTS used (Total process time):
      real time           0.00 seconds
      user cpu time       0.00 seconds
      system cpu time     0.00 seconds
      memory              1977.03k
      OS Memory           27308.00k
      Timestamp           08/26/2026 06:53:55 PM
      Step Count                        252  Switch Count  2
      Page Faults                       0
      Page Reclaims                     327
      Page Swaps                        0
      Voluntary Context Switches        10
      Involuntary Context Switches      0
      Block Input Operations            0
      Block Output Operations           272
      

NOTE: There were 54 observations read from the data set WORK._DVJ_IN_LBL.
NOTE: The data set WORK._DVJ_IN_LBL has 54 observations and 41 variables.
NOTE: DATA statement used (Total process time):
      real time           0.00 seconds
      user cpu time       0.00 seconds
      system cpu time     0.00 seconds
      memory              909.87k
      OS Memory           26280.00k
      Timestamp           08/26/2026 06:53:55 PM
      Step Count                        253  Switch Count  2
      Page Faults                       0
      Page Reclaims                     108
      Page Swaps                        0
      Voluntary Context Switches        11
      Involuntary Context Switches      0
      Block Input Operations            0
      Block Output Operations           264
      


NOTE: There were 61 observations read from the data set WORK._DVJ_OUT_LBL.
NOTE: The data set WORK._DVJ_OUT_LBL has 61 observations and 41 variables.
NOTE: DATA statement used (Total process time):
      real time           0.00 seconds
      user cpu time       0.00 seconds
      system cpu time     0.00 seconds
      memory              909.87k
      OS Memory           26280.00k
      Timestamp           08/26/2026 06:53:55 PM
95                                                         The SAS System                     Wednesday, August 26, 2026 11:53:55 AM

      Step Count                        254  Switch Count  2
      Page Faults                       0
      Page Reclaims                     107
      Page Swaps                        0
      Voluntary Context Switches        12
      Involuntary Context Switches      0
      Block Input Operations            0
      Block Output Operations           264
      


NOTE: There were 54 observations read from the data set WORK._DVJ_IN_LBL.
NOTE: The data set WORK._DVJ_IN_LBL has 54 observations and 41 variables.
NOTE: PROCEDURE SORT used (Total process time):
      real time           0.00 seconds
      user cpu time       0.00 seconds
      system cpu time     0.00 seconds
      memory              847.12k
      OS Memory           26280.00k
      Timestamp           08/26/2026 06:53:55 PM
      Step Count                        255  Switch Count  2
      Page Faults                       0
      Page Reclaims                     100
      Page Swaps                        0
      Voluntary Context Switches        11
      Involuntary Context Switches      0
      Block Input Operations            0
      Block Output Operations           264
      


NOTE: There were 61 observations read from the data set WORK._DVJ_OUT_LBL.
NOTE: The data set WORK._DVJ_OUT_LBL has 61 observations and 41 variables.
NOTE: PROCEDURE SORT used (Total process time):
      real time           0.00 seconds
      user cpu time       0.00 seconds
      system cpu time     0.01 seconds
      memory              847.00k
      OS Memory           26280.00k
      Timestamp           08/26/2026 06:53:55 PM
      Step Count                        256  Switch Count  2
      Page Faults                       0
      Page Reclaims                     99
      Page Swaps                        0
      Voluntary Context Switches        10
      Involuntary Context Switches      0
      Block Input Operations            0
      Block Output Operations           264
      


NOTE: There were 61 observations read from the data set WORK._DVJ_OUT_LBL.
NOTE: There were 54 observations read from the data set WORK._DVJ_IN_LBL.
NOTE: The data set WORK._DVJ_RELABEL has 40 observations and 2 variables.
NOTE: DATA statement used (Total process time):
      real time           0.00 seconds
      user cpu time       0.01 seconds
      system cpu time     0.00 seconds
96                                                         The SAS System                     Wednesday, August 26, 2026 11:53:55 AM

      memory              1247.00k
      OS Memory           26540.00k
      Timestamp           08/26/2026 06:53:55 PM
      Step Count                        257  Switch Count  2
      Page Faults                       0
      Page Reclaims                     153
      Page Swaps                        0
      Voluntary Context Switches        12
      Involuntary Context Switches      0
      Block Input Operations            0
      Block Output Operations           264
      

NOTE: PROCEDURE SQL used (Total process time):
      real time           0.00 seconds
      user cpu time       0.00 seconds
      system cpu time     0.00 seconds
      memory              5455.50k
      OS Memory           31144.00k
      Timestamp           08/26/2026 06:53:55 PM
      Step Count                        258  Switch Count  0
      Page Faults                       0
      Page Reclaims                     52
      Page Swaps                        0
      Voluntary Context Switches        0
      Involuntary Context Switches      0
      Block Input Operations            0
      Block Output Operations           0
      


NOTE: There were 40 observations read from the data set WORK._DVJ_RELABEL.
NOTE: DATA statement used (Total process time):
      real time           0.00 seconds
      user cpu time       0.00 seconds
      system cpu time     0.00 seconds
      memory              615.31k
      OS Memory           26020.00k
      Timestamp           08/26/2026 06:53:55 PM
      Step Count                        259  Switch Count  0
      Page Faults                       0
      Page Reclaims                     57
      Page Swaps                        0
      Voluntary Context Switches        0
      Involuntary Context Switches      0
      Block Input Operations            0
      Block Output Operations           0
      

NOTE: CALL EXECUTE generated line.
1         + proc datasets lib=WORK nolist; modify _ADAE_PVA_6A;
2         + label AEACN='Action Taken with Study Treatment
3         +               ';
4         + label AEBDSYCD='Body System or Organ Class Code
5         +                  ';
6         + label AEBODSYS='Body System or Organ Class
7         +                  ';
8         + label AEDECOD='Dictionary-Derived Term
97                                                         The SAS System                     Wednesday, August 26, 2026 11:53:55 AM

9         +                 ';
10        + label AEDTC='Date/Time of Collection
11        +               ';
12        + label AEENDTC='End Date/Time of Adverse Event
13        +                 ';
14        + label AEENDY='Study Day of End of Adverse Event
15        +                ';
16        + label AEHLGT='High Level Group Term
17        +                ';
18        + label AEHLGTCD='High Level Group Term Code
19        +                  ';
20        + label AEHLT='High Level Term
21        +               ';
22        + label AEHLTCD='High Level Term Code
23        +                 ';
24        + label AELLT='Lowest Level Term
25        +               ';
26        + label AELLTCD='Lowest Level Term Code
27        +                 ';
28        + label AEOUT='Outcome of Adverse Event
29        +               ';
30        + label AEPTCD='Preferred Term Code
31        +                ';
32        + label AEREL='Causality
33        +               ';
34        + label AESCAN='Involves Cancer
35        +                ';
36        + label AESCONG='Congenital Anomaly or Birth Defect
37        +                 ';
38        + label AESDISAB='Persist or Signif Disability/Incapacity
39        +                  ';
40        + label AESDTH='Results in Death
41        +                ';
42        + label AESEQ='Sequence Number
43        +               ';
44        + label AESER='Serious Event
45        +               ';
46        + label AESEV='Severity/Intensity
47        +               ';
48        + label AESHOSP='Requires or Prolongs Hospitalization
49        +                 ';
50        + label AESLIFE='Is Life Threatening
51        +                 ';
52        + label AESOC='Primary System Organ Class
53        +               ';
54        + label AESOCCD='Primary System Organ Class Code
55        +                 ';
56        + label AESOD='Occurred with Overdose
57        +               ';
58        + label AESPID='Sponsor-Defined Identifier
59        +                ';
60        + label AESTDTC='Start Date/Time of Adverse Event
61        +                 ';
62        + label AESTDY='Study Day of Start of Adverse Event
63        +                ';
64        + label AETERM='Reported Term for the Adverse Event
65        +                ';
66        + label DOMAIN='Domain Abbreviation
98                                                         The SAS System                     Wednesday, August 26, 2026 11:53:55 AM

67        +                ';
68        + label DTHDT='Date of Death
69        +               ';
70        + label SITEID='Study Site Identifier
71        +                ';
72        + label STUDYID='Study Identifier
73        +                 ';
74        + label SUBJID='Subject Identifier for the Study
75        +                ';
76        + label TRTEDT='Date of Last Exposure to Treatment
77        +                ';
78        + label TRTSDT='Date of First Exposure to Treatment
79        +                ';
80        + label USUBJID='Unique Subject Identifier
81        +                 ';
82        + quit;

NOTE: MODIFY was successful for WORK._ADAE_PVA_6A.DATA.
NOTE: PROCEDURE DATASETS used (Total process time):
      real time           0.00 seconds
      user cpu time       0.00 seconds
      system cpu time     0.00 seconds
      memory              1372.65k
      OS Memory           26788.00k
      Timestamp           08/26/2026 06:53:55 PM
      Step Count                        260  Switch Count  0
      Page Faults                       0
      Page Reclaims                     274
      Page Swaps                        0
      Voluntary Context Switches        0
      Involuntary Context Switches      1
      Block Input Operations            0
      Block Output Operations           16
      

NOTE: m_derive_vars_joined restored 40 label(s) on WORK._ADAE_PVA_6A

NOTE: Deleting WORK._DVJ_ADD (memtype=DATA).
NOTE: Deleting WORK._DVJ_BASE (memtype=DATA).
NOTE: Deleting WORK._DVJ_JOINED (memtype=DATA).
NOTE: Deleting WORK._DVJ_OUT (memtype=DATA).
NOTE: Deleting WORK._DVJ_IN_LBL (memtype=DATA).
NOTE: Deleting WORK._DVJ_OUT_LBL (memtype=DATA).
NOTE: Deleting WORK._DVJ_RELABEL (memtype=DATA).
NOTE: PROCEDURE DATASETS used (Total process time):
      real time           0.00 seconds
      user cpu time       0.00 seconds
      system cpu time     0.00 seconds
      memory              350.87k
      OS Memory           26020.00k
      Timestamp           08/26/2026 06:53:55 PM
      Step Count                        261  Switch Count  14
      Page Faults                       0
      Page Reclaims                     48
      Page Swaps                        0
      Voluntary Context Switches        65
      Involuntary Context Switches      1
      Block Input Operations            0
99                                                         The SAS System                     Wednesday, August 26, 2026 11:53:55 AM

      Block Output Operations           8
      

NOTE: work._adae_pva_6a has 1191 observations.

NOTE: There were 1191 observations read from the data set WORK._ADAE_PVA_6A.
NOTE: The data set WORK._ADAE_PVA_6 has 1191 observations and 61 variables.
NOTE: DATA statement used (Total process time):
      real time           0.00 seconds
      user cpu time       0.00 seconds
      system cpu time     0.01 seconds
      memory              2824.87k
      OS Memory           28072.00k
      Timestamp           08/26/2026 06:53:55 PM
      Step Count                        262  Switch Count  2
      Page Faults                       0
      Page Reclaims                     433
      Page Swaps                        0
      Voluntary Context Switches        10
      Involuntary Context Switches      0
      Block Input Operations            0
      Block Output Operations           2056
      


NOTE: There were 1191 observations read from the data set WORK._ADAE_PVA_6.
NOTE: The data set WORK._ADAE_PVA_7 has 1191 observations and 62 variables.
NOTE: DATA statement used (Total process time):
      real time           0.00 seconds
      user cpu time       0.00 seconds
      system cpu time     0.00 seconds
      memory              2859.09k
      OS Memory           28072.00k
      Timestamp           08/26/2026 06:53:55 PM
      Step Count                        263  Switch Count  2
      Page Faults                       0
      Page Reclaims                     433
      Page Swaps                        0
      Voluntary Context Switches        11
      Involuntary Context Switches      1
      Block Input Operations            0
      Block Output Operations           2056
      

NOTE: work._adae_pva_7 has 1191 observations.

NOTE: There were 44 observations read from the data set METADATA.SUPP_QNAM_CT.
      WHERE ALLOWED='Y';
NOTE: The data set WORK._CT_KEY has 44 observations and 4 variables.
NOTE: DATA statement used (Total process time):
      real time           0.80 seconds
      user cpu time       0.00 seconds
      system cpu time     0.02 seconds
      memory              821.56k
      OS Memory           26280.00k
      Timestamp           08/26/2026 06:53:56 PM
      Step Count                        264  Switch Count  2
      Page Faults                       0
100                                                        The SAS System                     Wednesday, August 26, 2026 11:53:56 AM

      Page Reclaims                     118
      Page Swaps                        0
      Voluntary Context Switches        20
      Involuntary Context Switches      1
      Block Input Operations            0
      Block Output Operations           264
      


NOTE: There were 44 observations read from the data set WORK._CT_KEY.
NOTE: 14 observations with duplicate key values were deleted.
NOTE: The data set WORK._CT_KEY has 30 observations and 4 variables.
NOTE: PROCEDURE SORT used (Total process time):
      real time           0.00 seconds
      user cpu time       0.01 seconds
      system cpu time     0.00 seconds
      memory              770.40k
      OS Memory           26280.00k
      Timestamp           08/26/2026 06:53:56 PM
      Step Count                        265  Switch Count  2
      Page Faults                       0
      Page Reclaims                     111
      Page Swaps                        0
      Voluntary Context Switches        10
      Involuntary Context Switches      0
      Block Input Operations            0
      Block Output Operations           264
      


NOTE: There were 1191 observations read from the data set RAW.SUPPAE.
NOTE: The data set WORK._SUPP_IN has 1191 observations and 13 variables.
NOTE: DATA statement used (Total process time):
      real time           0.15 seconds
      user cpu time       0.00 seconds
      system cpu time     0.02 seconds
      memory              1355.03k
      OS Memory           26280.00k
      Timestamp           08/26/2026 06:53:56 PM
      Step Count                        266  Switch Count  2
      Page Faults                       0
      Page Reclaims                     91
      Page Swaps                        0
      Voluntary Context Switches        20
      Involuntary Context Switches      0
      Block Input Operations            0
      Block Output Operations           1288
      


NOTE: There were 1191 observations read from the data set WORK._SUPP_IN.
NOTE: The data set WORK._SUPP_IN has 1191 observations and 13 variables.
NOTE: PROCEDURE SORT used (Total process time):
      real time           0.00 seconds
      user cpu time       0.00 seconds
      system cpu time     0.00 seconds
      memory              3393.93k
      OS Memory           28728.00k
101                                                        The SAS System                     Wednesday, August 26, 2026 11:53:56 AM

      Timestamp           08/26/2026 06:53:56 PM
      Step Count                        267  Switch Count  2
      Page Faults                       0
      Page Reclaims                     377
      Page Swaps                        0
      Voluntary Context Switches        10
      Involuntary Context Switches      0
      Block Input Operations            0
      Block Output Operations           1288
      


NOTE: There were 1191 observations read from the data set WORK._SUPP_IN.
NOTE: There were 30 observations read from the data set WORK._CT_KEY.
NOTE: The data set WORK._SUPP_CT2 has 1191 observations and 15 variables.
NOTE: The data set WORK.SUPP_CT_VIOLATIONS has 0 observations and 15 variables.
NOTE: DATA statement used (Total process time):
      real time           0.00 seconds
      user cpu time       0.00 seconds
      system cpu time     0.00 seconds
      memory              2553.81k
      OS Memory           27184.00k
      Timestamp           08/26/2026 06:53:56 PM
      Step Count                        268  Switch Count  4
      Page Faults                       0
      Page Reclaims                     285
      Page Swaps                        0
      Voluntary Context Switches        19
      Involuntary Context Switches      1
      Block Input Operations            0
      Block Output Operations           1296
      

NOTE: PROCEDURE SQL used (Total process time):
      real time           0.00 seconds
      user cpu time       0.01 seconds
      system cpu time     0.00 seconds
      memory              5460.06k
      OS Memory           31144.00k
      Timestamp           08/26/2026 06:53:56 PM
      Step Count                        269  Switch Count  0
      Page Faults                       0
      Page Reclaims                     52
      Page Swaps                        0
      Voluntary Context Switches        0
      Involuntary Context Switches      0
      Block Input Operations            0
      Block Output Operations           0
      

NOTE: m_supp_apply_ct - all non-missing QVAL values matched CT.

NOTE: Deleting WORK._CT_KEY (memtype=DATA).
NOTE: Deleting WORK._SUPP_IN (memtype=DATA).
NOTE: PROCEDURE DATASETS used (Total process time):
      real time           0.00 seconds
      user cpu time       0.00 seconds
      system cpu time     0.00 seconds
102                                                        The SAS System                     Wednesday, August 26, 2026 11:53:56 AM

      memory              346.21k
      OS Memory           26020.00k
      Timestamp           08/26/2026 06:53:56 PM
      Step Count                        270  Switch Count  4
      Page Faults                       0
      Page Reclaims                     48
      Page Swaps                        0
      Voluntary Context Switches        18
      Involuntary Context Switches      0
      Block Input Operations            0
      Block Output Operations           8
      

NOTE: work._supp_ct2 has 1191 observations.

NOTE: There were 1191 observations read from the data set WORK._SUPP_CT2.
      WHERE UPCASE(STRIP(QNAM))='AETRTEM';
NOTE: The data set WORK._SUPPROW has 1191 observations and 4 variables.
NOTE: DATA statement used (Total process time):
      real time           0.00 seconds
      user cpu time       0.00 seconds
      system cpu time     0.00 seconds
      memory              1279.15k
      OS Memory           26536.00k
      Timestamp           08/26/2026 06:53:56 PM
      Step Count                        271  Switch Count  2
      Page Faults                       0
      Page Reclaims                     176
      Page Swaps                        0
      Voluntary Context Switches        10
      Involuntary Context Switches      0
      Block Input Operations            0
      Block Output Operations           264
      


NOTE: There were 1191 observations read from the data set WORK._ADAE_PVA_7.
NOTE: The data set WORK._PAR has 1191 observations and 62 variables.
NOTE: PROCEDURE SORT used (Total process time):
      real time           0.00 seconds
      user cpu time       0.00 seconds
      system cpu time     0.01 seconds
      memory              4159.34k
      OS Memory           29372.00k
      Timestamp           08/26/2026 06:53:56 PM
      Step Count                        272  Switch Count  2
      Page Faults                       0
      Page Reclaims                     652
      Page Swaps                        0
      Voluntary Context Switches        10
      Involuntary Context Switches      0
      Block Input Operations            0
      Block Output Operations           2064
      


NOTE: There were 1191 observations read from the data set WORK._SUPPROW.
NOTE: The data set WORK._SUPPROW has 1191 observations and 4 variables.
103                                                        The SAS System                     Wednesday, August 26, 2026 11:53:56 AM

NOTE: PROCEDURE SORT used (Total process time):
      real time           0.00 seconds
      user cpu time       0.00 seconds
      system cpu time     0.00 seconds
      memory              783.78k
      OS Memory           26280.00k
      Timestamp           08/26/2026 06:53:56 PM
      Step Count                        273  Switch Count  2
      Page Faults                       0
      Page Reclaims                     104
      Page Swaps                        0
      Voluntary Context Switches        11
      Involuntary Context Switches      0
      Block Input Operations            0
      Block Output Operations           264
      


NOTE: There were 1191 observations read from the data set WORK._PAR.
NOTE: There were 1191 observations read from the data set WORK._SUPPROW.
NOTE: The data set WORK._ADAE_PVA_8 has 1191 observations and 63 variables.
NOTE: DATA statement used (Total process time):
      real time           0.00 seconds
      user cpu time       0.01 seconds
      system cpu time     0.00 seconds
      memory              3320.06k
      OS Memory           28332.00k
      Timestamp           08/26/2026 06:53:56 PM
      Step Count                        274  Switch Count  2
      Page Faults                       0
      Page Reclaims                     467
      Page Swaps                        0
      Voluntary Context Switches        12
      Involuntary Context Switches      0
      Block Input Operations            0
      Block Output Operations           2056
      


NOTE: Deleting WORK._SUPPROW (memtype=DATA).
NOTE: Deleting WORK._PAR (memtype=DATA).
NOTE: Deleting WORK._SUPP_CT2 (memtype=DATA).
NOTE: PROCEDURE DATASETS used (Total process time):
      real time           0.00 seconds
      user cpu time       0.00 seconds
      system cpu time     0.00 seconds
      memory              346.18k
      OS Memory           26020.00k
      Timestamp           08/26/2026 06:53:56 PM
      Step Count                        275  Switch Count  6
      Page Faults                       0
      Page Reclaims                     48
      Page Swaps                        0
      Voluntary Context Switches        29
      Involuntary Context Switches      0
      Block Input Operations            0
      Block Output Operations           8
      
104                                                        The SAS System                     Wednesday, August 26, 2026 11:53:56 AM


NOTE: work._adae_pva_8 has 1191 observations.

NOTE: There were 1191 observations read from the data set WORK._ADAE_PVA_8.
NOTE: The data set WORK._ADAE_PVA_9 has 1191 observations and 74 variables.
NOTE: DATA statement used (Total process time):
      real time           0.00 seconds
      user cpu time       0.00 seconds
      system cpu time     0.00 seconds
      memory              3143.56k
      OS Memory           28584.00k
      Timestamp           08/26/2026 06:53:56 PM
      Step Count                        276  Switch Count  2
      Page Faults                       0
      Page Reclaims                     493
      Page Swaps                        0
      Voluntary Context Switches        12
      Involuntary Context Switches      0
      Block Input Operations            0
      Block Output Operations           4112
      


NOTE: There were 1191 observations read from the data set WORK._ADAE_PVA_9.
NOTE: The data set WORK._ADAE_PREORD has 1191 observations and 42 variables.
NOTE: DATA statement used (Total process time):
      real time           0.00 seconds
      user cpu time       0.01 seconds
      system cpu time     0.00 seconds
      memory              3115.28k
      OS Memory           28584.00k
      Timestamp           08/26/2026 06:53:56 PM
      Step Count                        277  Switch Count  2
      Page Faults                       0
      Page Reclaims                     518
      Page Swaps                        0
      Voluntary Context Switches        12
      Involuntary Context Switches      1
      Block Input Operations            0
      Block Output Operations           1800
      


NOTE: The data set WORK._MRAS_A has 58 observations and 1 variables.
NOTE: PROCEDURE CONTENTS used (Total process time):
      real time           0.14 seconds
      user cpu time       0.00 seconds
      system cpu time     0.02 seconds
      memory              1157.90k
      OS Memory           26540.00k
      Timestamp           08/26/2026 06:53:56 PM
      Step Count                        278  Switch Count  2
      Page Faults                       0
      Page Reclaims                     149
      Page Swaps                        0
      Voluntary Context Switches        18
      Involuntary Context Switches      1
      Block Input Operations            0
105                                                        The SAS System                     Wednesday, August 26, 2026 11:53:56 AM

      Block Output Operations           272
      


NOTE: The data set WORK._MRAS_R has 107 observations and 1 variables.
NOTE: PROCEDURE CONTENTS used (Total process time):
      real time           0.15 seconds
      user cpu time       0.00 seconds
      system cpu time     0.02 seconds
      memory              2257.59k
      OS Memory           27308.00k
      Timestamp           08/26/2026 06:53:56 PM
      Step Count                        279  Switch Count  2
      Page Faults                       0
      Page Reclaims                     341
      Page Swaps                        0
      Voluntary Context Switches        19
      Involuntary Context Switches      1
      Block Input Operations            0
      Block Output Operations           272
      


NOTE: The data set WORK._MRAS_D has 42 observations and 1 variables.
NOTE: PROCEDURE CONTENTS used (Total process time):
      real time           0.00 seconds
      user cpu time       0.00 seconds
      system cpu time     0.00 seconds
      memory              1788.84k
      OS Memory           27180.00k
      Timestamp           08/26/2026 06:53:56 PM
      Step Count                        280  Switch Count  2
      Page Faults                       0
      Page Reclaims                     309
      Page Swaps                        0
      Voluntary Context Switches        9
      Involuntary Context Switches      0
      Block Input Operations            0
      Block Output Operations           272
      


NOTE: There were 58 observations read from the data set WORK._MRAS_A.
NOTE: The data set WORK._MRAS_A has 58 observations and 1 variables.
NOTE: DATA statement used (Total process time):
      real time           0.00 seconds
      user cpu time       0.00 seconds
      system cpu time     0.00 seconds
      memory              797.25k
      OS Memory           26280.00k
      Timestamp           08/26/2026 06:53:56 PM
      Step Count                        281  Switch Count  2
      Page Faults                       0
      Page Reclaims                     121
      Page Swaps                        0
      Voluntary Context Switches        10
      Involuntary Context Switches      1
      Block Input Operations            0
106                                                        The SAS System                     Wednesday, August 26, 2026 11:53:56 AM

      Block Output Operations           264
      


NOTE: There were 107 observations read from the data set WORK._MRAS_R.
NOTE: The data set WORK._MRAS_R has 107 observations and 1 variables.
NOTE: DATA statement used (Total process time):
      real time           0.00 seconds
      user cpu time       0.00 seconds
      system cpu time     0.00 seconds
      memory              797.43k
      OS Memory           26280.00k
      Timestamp           08/26/2026 06:53:56 PM
      Step Count                        282  Switch Count  2
      Page Faults                       0
      Page Reclaims                     121
      Page Swaps                        0
      Voluntary Context Switches        10
      Involuntary Context Switches      0
      Block Input Operations            0
      Block Output Operations           264
      


NOTE: There were 42 observations read from the data set WORK._MRAS_D.
NOTE: The data set WORK._MRAS_D has 42 observations and 1 variables.
NOTE: DATA statement used (Total process time):
      real time           0.00 seconds
      user cpu time       0.01 seconds
      system cpu time     0.00 seconds
      memory              797.37k
      OS Memory           26280.00k
      Timestamp           08/26/2026 06:53:56 PM
      Step Count                        283  Switch Count  2
      Page Faults                       0
      Page Reclaims                     121
      Page Swaps                        0
      Voluntary Context Switches        10
      Involuntary Context Switches      0
      Block Input Operations            0
      Block Output Operations           264
      

NOTE: The query as specified involves ordering by an item that doesn't appear in its SELECT clause.
NOTE: PROCEDURE SQL used (Total process time):
      real time           0.00 seconds
      user cpu time       0.00 seconds
      system cpu time     0.00 seconds
      memory              10342.17k
      OS Memory           33768.00k
      Timestamp           08/26/2026 06:53:56 PM
      Step Count                        284  Switch Count  0
      Page Faults                       0
      Page Reclaims                     267
      Page Swaps                        0
      Voluntary Context Switches        13
      Involuntary Context Switches      0
      Block Input Operations            0
107                                                        The SAS System                     Wednesday, August 26, 2026 11:53:56 AM

      Block Output Operations           16
      


NOTE: Deleting WORK._MRAS_A (memtype=DATA).
NOTE: Deleting WORK._MRAS_R (memtype=DATA).
NOTE: Deleting WORK._MRAS_D (memtype=DATA).
NOTE: PROCEDURE DATASETS used (Total process time):
      real time           0.00 seconds
      user cpu time       0.00 seconds
      system cpu time     0.00 seconds
      memory              351.81k
      OS Memory           26020.00k
      Timestamp           08/26/2026 06:53:56 PM
      Step Count                        285  Switch Count  6
      Page Faults                       0
      Page Reclaims                     48
      Page Swaps                        0
      Voluntary Context Switches        27
      Involuntary Context Switches      1
      Block Input Operations            0
      Block Output Operations           8
      

NOTE: m_adm_merge_remaining_adsl ADM_REMAIN_ADSL=20260825R nadd=45 vars=ACTARM=ACTARM ACTARMCD=ACTARMCD AGE=AGE AGEGR1=AGEGR1 
AGEU=AGEU ARM=ARM ARMCD=ARMCD COUNTRY=COUNTRY DMDTC=DMDTC DMDY=DMDY DTH30FL=DTH30FL DTHA30FL=DTHA30FL DTHADY=DTHADY 
DTHB30FL=DTHB30FL DTHCAUS=DTHCAUS DTHCGR1=DTHCGR1 DTHDOM=DTHDOM DTHDTC=DTHDTC DTHDTF=DTHDTF DTHFL=DTHFL EOSSTT=EOSSTT ETHNIC=ETHNIC 
FRVDT=FRVDT LDDTHELD=LDDTHELD LDDTHGR1=LDDTHGR1 RACE=RACE RACEGR1=RACEGR1 RANDDT=RANDDT REGION1=REGION1 RFENDTC=RFENDTC 
RFICDTC=RFICDTC RFPENDTC=RFPENDTC RFSTDTC=RFSTDTC RFXENDTC=RFXENDTC RFXSTDTC=RFXSTDTC SAFFL=SAFFL SCRFDT=SCRFDT SEX=SEX 
TRT01A=TRT01A TRT01P=TRT01P TRTDURD=TRTDURD TRTEDTM=TRTEDTM TRTETMF=TRTETMF TRTSDTM=TRTSDTM TRTSTMF=TRTSTMF

NOTE: There were 306 observations read from the data set ADAM.ADSL.
      WHERE 1 /* an obviously TRUE WHERE clause */ ;
NOTE: The data set WORK._DVJ_ADD has 306 observations and 58 variables.
NOTE: DATA statement used (Total process time):
      real time           0.14 seconds
      user cpu time       0.00 seconds
      system cpu time     0.02 seconds
      memory              1192.68k
      OS Memory           26280.00k
      Timestamp           08/26/2026 06:53:56 PM
      Step Count                        286  Switch Count  2
      Page Faults                       0
      Page Reclaims                     91
      Page Swaps                        0
      Voluntary Context Switches        21
      Involuntary Context Switches      0
      Block Input Operations            0
      Block Output Operations           520
      


NOTE: There were 1191 observations read from the data set WORK._ADAE_PREORD.
NOTE: The data set WORK._DVJ_BASE has 1191 observations and 43 variables.
NOTE: DATA statement used (Total process time):
      real time           0.00 seconds
      user cpu time       0.01 seconds
      system cpu time     0.00 seconds
108                                                        The SAS System                     Wednesday, August 26, 2026 11:53:56 AM

      memory              2510.31k
      OS Memory           27688.00k
      Timestamp           08/26/2026 06:53:56 PM
      Step Count                        287  Switch Count  2
      Page Faults                       0
      Page Reclaims                     379
      Page Swaps                        0
      Voluntary Context Switches        11
      Involuntary Context Switches      0
      Block Input Operations            0
      Block Output Operations           1800
      

NOTE: Table WORK._DVJ_JOINED created, with 1191 rows and 89 columns.

NOTE: PROCEDURE SQL used (Total process time):
      real time           0.01 seconds
      user cpu time       0.01 seconds
      system cpu time     0.00 seconds
      memory              28444.90k
      OS Memory           51248.00k
      Timestamp           08/26/2026 06:53:56 PM
      Step Count                        288  Switch Count  2
      Page Faults                       0
      Page Reclaims                     1266
      Page Swaps                        0
      Voluntary Context Switches        34
      Involuntary Context Switches      1
      Block Input Operations            0
      Block Output Operations           3096
      


NOTE: There were 1191 observations read from the data set WORK._DVJ_JOINED.
NOTE: The data set WORK._DVJ_JOINED has 1191 observations and 89 variables.
NOTE: PROCEDURE SORT used (Total process time):
      real time           0.00 seconds
      user cpu time       0.00 seconds
      system cpu time     0.00 seconds
      memory              4377.40k
      OS Memory           29364.00k
      Timestamp           08/26/2026 06:53:56 PM
      Step Count                        289  Switch Count  2
      Page Faults                       0
      Page Reclaims                     812
      Page Swaps                        0
      Voluntary Context Switches        11
      Involuntary Context Switches      0
      Block Input Operations            0
      Block Output Operations           3080
      


NOTE: There were 1191 observations read from the data set WORK._DVJ_JOINED.
NOTE: The data set WORK._DVJ_OUT has 1191 observations and 89 variables.
NOTE: DATA statement used (Total process time):
      real time           0.00 seconds
      user cpu time       0.00 seconds
109                                                        The SAS System                     Wednesday, August 26, 2026 11:53:56 AM

      system cpu time     0.00 seconds
      memory              3648.28k
      OS Memory           29352.00k
      Timestamp           08/26/2026 06:53:56 PM
      Step Count                        290  Switch Count  2
      Page Faults                       0
      Page Reclaims                     598
      Page Swaps                        0
      Voluntary Context Switches        10
      Involuntary Context Switches      0
      Block Input Operations            0
      Block Output Operations           3080
      


NOTE: There were 1191 observations read from the data set WORK._DVJ_OUT.
NOTE: The data set WORK._ADAE_PREORD2 has 1191 observations and 87 variables.
NOTE: DATA statement used (Total process time):
      real time           0.00 seconds
      user cpu time       0.00 seconds
      system cpu time     0.00 seconds
      memory              3607.56k
      OS Memory           29352.00k
      Timestamp           08/26/2026 06:53:56 PM
      Step Count                        291  Switch Count  2
      Page Faults                       0
      Page Reclaims                     598
      Page Swaps                        0
      Voluntary Context Switches        11
      Involuntary Context Switches      0
      Block Input Operations            0
      Block Output Operations           3080
      


NOTE: The data set WORK._DVJ_IN_LBL has 42 observations and 41 variables.
NOTE: PROCEDURE CONTENTS used (Total process time):
      real time           0.00 seconds
      user cpu time       0.01 seconds
      system cpu time     0.01 seconds
      memory              1841.53k
      OS Memory           27180.00k
      Timestamp           08/26/2026 06:53:56 PM
      Step Count                        292  Switch Count  2
      Page Faults                       0
      Page Reclaims                     299
      Page Swaps                        0
      Voluntary Context Switches        9
      Involuntary Context Switches      0
      Block Input Operations            0
      Block Output Operations           272
      


NOTE: The data set WORK._DVJ_OUT_LBL has 87 observations and 41 variables.
NOTE: PROCEDURE CONTENTS used (Total process time):
      real time           0.00 seconds
      user cpu time       0.00 seconds
110                                                        The SAS System                     Wednesday, August 26, 2026 11:53:56 AM

      system cpu time     0.00 seconds
      memory              2424.06k
      OS Memory           27308.00k
      Timestamp           08/26/2026 06:53:56 PM
      Step Count                        293  Switch Count  2
      Page Faults                       0
      Page Reclaims                     321
      Page Swaps                        0
      Voluntary Context Switches        10
      Involuntary Context Switches      1
      Block Input Operations            0
      Block Output Operations           272
      

NOTE: There were 42 observations read from the data set WORK._DVJ_IN_LBL.
NOTE: The data set WORK._DVJ_IN_LBL has 42 observations and 41 variables.
NOTE: DATA statement used (Total process time):
      real time           0.00 seconds
      user cpu time       0.00 seconds
      system cpu time     0.00 seconds
      memory              910.34k
      OS Memory           26280.00k
      Timestamp           08/26/2026 06:53:56 PM
      Step Count                        294  Switch Count  2
      Page Faults                       0
      Page Reclaims                     111
      Page Swaps                        0
      Voluntary Context Switches        11
      Involuntary Context Switches      0
      Block Input Operations            0
      Block Output Operations           264
      


NOTE: There were 87 observations read from the data set WORK._DVJ_OUT_LBL.
NOTE: The data set WORK._DVJ_OUT_LBL has 87 observations and 41 variables.
NOTE: DATA statement used (Total process time):
      real time           0.00 seconds
      user cpu time       0.00 seconds
      system cpu time     0.00 seconds
      memory              910.21k
      OS Memory           26280.00k
      Timestamp           08/26/2026 06:53:56 PM
      Step Count                        295  Switch Count  2
      Page Faults                       0
      Page Reclaims                     101
      Page Swaps                        0
      Voluntary Context Switches        11
      Involuntary Context Switches      0
      Block Input Operations            0
      Block Output Operations           264
      


NOTE: There were 42 observations read from the data set WORK._DVJ_IN_LBL.
NOTE: The data set WORK._DVJ_IN_LBL has 42 observations and 41 variables.
NOTE: PROCEDURE SORT used (Total process time):
      real time           0.00 seconds
111                                                        The SAS System                     Wednesday, August 26, 2026 11:53:56 AM

      user cpu time       0.00 seconds
      system cpu time     0.00 seconds
      memory              847.12k
      OS Memory           26280.00k
      Timestamp           08/26/2026 06:53:56 PM
      Step Count                        296  Switch Count  2
      Page Faults                       0
      Page Reclaims                     103
      Page Swaps                        0
      Voluntary Context Switches        9
      Involuntary Context Switches      0
      Block Input Operations            0
      Block Output Operations           264
      


NOTE: There were 87 observations read from the data set WORK._DVJ_OUT_LBL.
NOTE: The data set WORK._DVJ_OUT_LBL has 87 observations and 41 variables.
NOTE: PROCEDURE SORT used (Total process time):
      real time           0.00 seconds
      user cpu time       0.00 seconds
      system cpu time     0.00 seconds
      memory              846.84k
      OS Memory           26280.00k
      Timestamp           08/26/2026 06:53:56 PM
      Step Count                        297  Switch Count  2
      Page Faults                       0
      Page Reclaims                     93
      Page Swaps                        0
      Voluntary Context Switches        10
      Involuntary Context Switches      0
      Block Input Operations            0
      Block Output Operations           264
      


NOTE: There were 87 observations read from the data set WORK._DVJ_OUT_LBL.
NOTE: There were 42 observations read from the data set WORK._DVJ_IN_LBL.
NOTE: The data set WORK._DVJ_RELABEL has 27 observations and 2 variables.
NOTE: DATA statement used (Total process time):
      real time           0.00 seconds
      user cpu time       0.01 seconds
      system cpu time     0.00 seconds
      memory              1247.53k
      OS Memory           26540.00k
      Timestamp           08/26/2026 06:53:56 PM
      Step Count                        298  Switch Count  2
      Page Faults                       0
      Page Reclaims                     153
      Page Swaps                        0
      Voluntary Context Switches        11
      Involuntary Context Switches      0
      Block Input Operations            0
      Block Output Operations           264
      

NOTE: PROCEDURE SQL used (Total process time):
      real time           0.00 seconds
112                                                        The SAS System                     Wednesday, August 26, 2026 11:53:56 AM

      user cpu time       0.00 seconds
      system cpu time     0.00 seconds
      memory              5455.62k
      OS Memory           31144.00k
      Timestamp           08/26/2026 06:53:56 PM
      Step Count                        299  Switch Count  0
      Page Faults                       0
      Page Reclaims                     52
      Page Swaps                        0
      Voluntary Context Switches        0
      Involuntary Context Switches      0
      Block Input Operations            0
      Block Output Operations           0
      


NOTE: There were 27 observations read from the data set WORK._DVJ_RELABEL.
NOTE: DATA statement used (Total process time):
      real time           0.00 seconds
      user cpu time       0.00 seconds
      system cpu time     0.00 seconds
      memory              615.40k
      OS Memory           26020.00k
      Timestamp           08/26/2026 06:53:56 PM
      Step Count                        300  Switch Count  0
      Page Faults                       0
      Page Reclaims                     57
      Page Swaps                        0
      Voluntary Context Switches        0
      Involuntary Context Switches      1
      Block Input Operations            0
      Block Output Operations           0
      

NOTE: CALL EXECUTE generated line.
1         + proc datasets lib=WORK nolist; modify _ADAE_PREORD2;
2         + label ADURN='AE Duration (N)
3         +               ';
4         + label ADURU='AE Duration Units
5         +               ';
6         + label AEDECOD='Dictionary-Derived Term
7         +                 ';
8         + label AEENDTC='End Date/Time of Adverse Event
9         +                 ';
10        + label AEREL='Causality
11        +               ';
12        + label AESEQ='Sequence Number
13        +               ';
14        + label AESER='Serious Event
15        +               ';
16        + label AESEV='Severity/Intensity
17        +               ';
18        + label AESOC='Primary System Organ Class
19        +               ';
20        + label AESTDTC='Start Date/Time of Adverse Event
21        +                 ';
22        + label AETERM='Reported Term for the Adverse Event
23        +                ';
113                                                        The SAS System                     Wednesday, August 26, 2026 11:53:56 AM

24        + label AETRTEM='Data Value
25        +                 ';
26        + label AREL='Causality
27        +              ';
28        + label ASEV='Severity/Intensity
29        +              ';
30        + label DOSEON='Dose at Event Onset
31        +                ';
32        + label DOSEU='Dose Units
33        +               ';
34        + label DTHDT='Date of Death
35        +               ';
36        + label EXROUTE='Route of Administration
37        +                 ';
38        + label EXTRT='Name of Actual Treatment
39        +               ';
40        + label LDOSEDT='Date of Last Dose Prior to Event
41        +                 ';
42        + label LDOS_RTE='Last Dose Route Prior to AE
43        +                  ';
44        + label SITEID='Study Site Identifier
45        +                ';
46        + label STUDYID='Study Identifier
47        +                 ';
48        + label SUBJID='Subject Identifier for the Study
49        +                ';
50        + label TRTEDT='Date of Last Exposure to Treatment
51        +                ';
52        + label TRTSDT='Date of First Exposure to Treatment
53        +                ';
54        + label USUBJID='Unique Subject Identifier
55        +                 ';
56        + quit;

NOTE: MODIFY was successful for WORK._ADAE_PREORD2.DATA.
NOTE: PROCEDURE DATASETS used (Total process time):
      real time           0.00 seconds
      user cpu time       0.00 seconds
      system cpu time     0.01 seconds
      memory              1816.12k
      OS Memory           26788.00k
      Timestamp           08/26/2026 06:53:56 PM
      Step Count                        301  Switch Count  0
      Page Faults                       0
      Page Reclaims                     274
      Page Swaps                        0
      Voluntary Context Switches        0
      Involuntary Context Switches      1
      Block Input Operations            0
      Block Output Operations           8
      

NOTE: m_derive_vars_joined restored 27 label(s) on WORK._ADAE_PREORD2

NOTE: Deleting WORK._DVJ_ADD (memtype=DATA).
NOTE: Deleting WORK._DVJ_BASE (memtype=DATA).
NOTE: Deleting WORK._DVJ_JOINED (memtype=DATA).
NOTE: Deleting WORK._DVJ_OUT (memtype=DATA).
114                                                        The SAS System                     Wednesday, August 26, 2026 11:53:56 AM

NOTE: Deleting WORK._DVJ_IN_LBL (memtype=DATA).
NOTE: Deleting WORK._DVJ_OUT_LBL (memtype=DATA).
NOTE: Deleting WORK._DVJ_RELABEL (memtype=DATA).
NOTE: PROCEDURE DATASETS used (Total process time):
      real time           0.00 seconds
      user cpu time       0.00 seconds
      system cpu time     0.00 seconds
      memory              353.37k
      OS Memory           26020.00k
      Timestamp           08/26/2026 06:53:56 PM
      Step Count                        302  Switch Count  14
      Page Faults                       0
      Page Reclaims                     48
      Page Swaps                        0
      Voluntary Context Switches        63
      Involuntary Context Switches      0
      Block Input Operations            0
      Block Output Operations           16
      

NOTE: work._adae_preord2 has 1191 observations.

NOTE: The data set WORK._MOVR_PREF has 107 observations and 2 variables.
NOTE: PROCEDURE CONTENTS used (Total process time):
      real time           0.15 seconds
      user cpu time       0.00 seconds
      system cpu time     0.02 seconds
      memory              2256.71k
      OS Memory           27308.00k
      Timestamp           08/26/2026 06:53:56 PM
      Step Count                        303  Switch Count  2
      Page Faults                       0
      Page Reclaims                     340
      Page Swaps                        0
      Voluntary Context Switches        18
      Involuntary Context Switches      2
      Block Input Operations            0
      Block Output Operations           272
      


NOTE: There were 107 observations read from the data set WORK._MOVR_PREF.
NOTE: The data set WORK._MOVR_PREF has 107 observations and 2 variables.
NOTE: DATA statement used (Total process time):
      real time           0.00 seconds
      user cpu time       0.01 seconds
      system cpu time     0.00 seconds
      memory              802.09k
      OS Memory           26280.00k
      Timestamp           08/26/2026 06:53:56 PM
      Step Count                        304  Switch Count  2
      Page Faults                       0
      Page Reclaims                     120
      Page Swaps                        0
      Voluntary Context Switches        10
      Involuntary Context Switches      0
      Block Input Operations            0
      Block Output Operations           264
115                                                        The SAS System                     Wednesday, August 26, 2026 11:53:56 AM

      

NOTE: m_order_vars_like_ref using REF order from ref_pva.refadae

NOTE: The data set WORK._MOVR_HAVE has 87 observations and 2 variables.
NOTE: PROCEDURE CONTENTS used (Total process time):
      real time           0.00 seconds
      user cpu time       0.00 seconds
      system cpu time     0.00 seconds
      memory              2370.59k
      OS Memory           27308.00k
      Timestamp           08/26/2026 06:53:56 PM
      Step Count                        305  Switch Count  2
      Page Faults                       0
      Page Reclaims                     341
      Page Swaps                        0
      Voluntary Context Switches        9
      Involuntary Context Switches      0
      Block Input Operations            0
      Block Output Operations           272
      


NOTE: There were 87 observations read from the data set WORK._MOVR_HAVE.
NOTE: The data set WORK._MOVR_HAVE has 87 observations and 2 variables.
NOTE: DATA statement used (Total process time):
      real time           0.00 seconds
      user cpu time       0.00 seconds
      system cpu time     0.00 seconds
      memory              798.53k
      OS Memory           26280.00k
      Timestamp           08/26/2026 06:53:56 PM
      Step Count                        306  Switch Count  2
      Page Faults                       0
      Page Reclaims                     121
      Page Swaps                        0
      Voluntary Context Switches        11
      Involuntary Context Switches      0
      Block Input Operations            0
      Block Output Operations           264
      


NOTE: The data set WORK._MOVR_EXTRA has 7 observations and 2 variables.
NOTE: DATA statement used (Total process time):
      real time           0.00 seconds
      user cpu time       0.00 seconds
      system cpu time     0.00 seconds
      memory              631.25k
      OS Memory           26020.00k
      Timestamp           08/26/2026 06:53:56 PM
      Step Count                        307  Switch Count  2
      Page Faults                       0
      Page Reclaims                     87
      Page Swaps                        0
      Voluntary Context Switches        11
      Involuntary Context Switches      0
      Block Input Operations            0
116                                                        The SAS System                     Wednesday, August 26, 2026 11:53:56 AM

      Block Output Operations           264
      

NOTE: Table WORK._MOVR_CORE created, with 80 rows and 2 columns.

NOTE: Table WORK._MOVR_XOK0 created, with 7 rows and 2 columns.

NOTE: PROCEDURE SQL used (Total process time):
      real time           0.00 seconds
      user cpu time       0.01 seconds
      system cpu time     0.00 seconds
      memory              6975.32k
      OS Memory           31404.00k
      Timestamp           08/26/2026 06:53:56 PM
      Step Count                        308  Switch Count  4
      Page Faults                       0
      Page Reclaims                     410
      Page Swaps                        0
      Voluntary Context Switches        36
      Involuntary Context Switches      1
      Block Input Operations            0
      Block Output Operations           544
      


NOTE: There were 7 observations read from the data set WORK._MOVR_XOK0.
NOTE: The data set WORK._MOVR_XOK has 7 observations and 3 variables.
NOTE: DATA statement used (Total process time):
      real time           0.00 seconds
      user cpu time       0.00 seconds
      system cpu time     0.01 seconds
      memory              796.46k
      OS Memory           26280.00k
      Timestamp           08/26/2026 06:53:57 PM
      Step Count                        309  Switch Count  2
      Page Faults                       0
      Page Reclaims                     121
      Page Swaps                        0
      Voluntary Context Switches        11
      Involuntary Context Switches      1
      Block Input Operations            0
      Block Output Operations           264
      

NOTE: Table WORK._MOVR_XSLOT created, with 7 rows and 3 columns.

NOTE: Table WORK._MOVR_CSLOT created, with 80 rows and 3 columns.

NOTE: Table WORK._MOVR_UNION created, with 87 rows and 3 columns.

NOTE: Table WORK._MOVR_FINAL created, with 87 rows and 2 columns.

NOTE: Table WORK._MOVR_DEDUP created, with 87 rows and 2 columns.

NOTE: The query as specified involves ordering by an item that doesn't appear in its SELECT clause.
NOTE: PROCEDURE SQL used (Total process time):
      real time           0.01 seconds
      user cpu time       0.01 seconds
117                                                        The SAS System                     Wednesday, August 26, 2026 11:53:57 AM

      system cpu time     0.00 seconds
      memory              6754.67k
      OS Memory           31404.00k
      Timestamp           08/26/2026 06:53:57 PM
      Step Count                        310  Switch Count  10
      Page Faults                       0
      Page Reclaims                     940
      Page Swaps                        0
      Voluntary Context Switches        79
      Involuntary Context Switches      2
      Block Input Operations            0
      Block Output Operations           1344
      


NOTE: There were 1191 observations read from the data set WORK._ADAE_PREORD2.
NOTE: The data set ADAM.ADAE has 1191 observations and 87 variables.
NOTE: DATA statement used (Total process time):
      real time           0.64 seconds
      user cpu time       0.01 seconds
      system cpu time     0.03 seconds
      memory              3687.87k
      OS Memory           29352.00k
      Timestamp           08/26/2026 06:53:57 PM
      Step Count                        311  Switch Count  1
      Page Faults                       0
      Page Reclaims                     598
      Page Swaps                        0
      Voluntary Context Switches        86
      Involuntary Context Switches      1
      Block Input Operations            0
      Block Output Operations           3080
      


NOTE: Deleting WORK._MOVR_PREF (memtype=DATA).
NOTE: Deleting WORK._MOVR_HAVE (memtype=DATA).
NOTE: Deleting WORK._MOVR_EXTRA (memtype=DATA).
NOTE: Deleting WORK._MOVR_CORE (memtype=DATA).
NOTE: Deleting WORK._MOVR_XOK (memtype=DATA).
NOTE: Deleting WORK._MOVR_XSLOT (memtype=DATA).
NOTE: Deleting WORK._MOVR_CSLOT (memtype=DATA).
NOTE: Deleting WORK._MOVR_UNION (memtype=DATA).
NOTE: Deleting WORK._MOVR_FINAL (memtype=DATA).
NOTE: Deleting WORK._MOVR_DEDUP (memtype=DATA).
NOTE: PROCEDURE DATASETS used (Total process time):
      real time           0.00 seconds
      user cpu time       0.00 seconds
      system cpu time     0.00 seconds
      memory              408.75k
      OS Memory           26020.00k
      Timestamp           08/26/2026 06:53:57 PM
      Step Count                        312  Switch Count  20
      Page Faults                       0
      Page Reclaims                     48
      Page Swaps                        0
      Voluntary Context Switches        90
      Involuntary Context Switches      0
118                                                        The SAS System                     Wednesday, August 26, 2026 11:53:57 AM

      Block Input Operations            0
      Block Output Operations           8
      

NOTE: m_order_vars_like_ref done -> adam.adae

NOTE: There were 1191 observations read from the data set ADAM.ADAE.
NOTE: The data set ADAM.ADAE has 1191 observations and 87 variables.
NOTE: PROCEDURE SORT used (Total process time):
      real time           0.94 seconds
      user cpu time       0.01 seconds
      system cpu time     0.04 seconds
      memory              4379.34k
      OS Memory           29364.00k
      Timestamp           08/26/2026 06:53:58 PM
      Step Count                        313  Switch Count  1
      Page Faults                       0
      Page Reclaims                     857
      Page Swaps                        0
      Voluntary Context Switches        64
      Involuntary Context Switches      1
      Block Input Operations            0
      Block Output Operations           3080
      


NOTE: The file WORK.AESI_QUERIES_PVA (memtype=DATA) was not found, but appears on a DELETE statement.
NOTE: Deleting WORK._ADAE_PVA_0 (memtype=DATA).
NOTE: Deleting WORK._ADAE_PVA_1 (memtype=DATA).
NOTE: Deleting WORK._ADAE_PVA_2 (memtype=DATA).
NOTE: Deleting WORK._ADAE_PVA_3 (memtype=DATA).
NOTE: Deleting WORK._ADAE_PVA_3B (memtype=DATA).
NOTE: Deleting WORK._ADAE_PVA_3C (memtype=DATA).
NOTE: Deleting WORK._ADAE_PVA_4 (memtype=DATA).
NOTE: Deleting WORK._ADAE_PVA_5 (memtype=DATA).
NOTE: Deleting WORK._ADAE_PVA_6 (memtype=DATA).
NOTE: Deleting WORK._ADAE_PVA_6A (memtype=DATA).
NOTE: Deleting WORK._ADAE_PVA_7 (memtype=DATA).
NOTE: Deleting WORK._ADAE_PVA_8 (memtype=DATA).
NOTE: Deleting WORK._ADAE_PVA_9 (memtype=DATA).
NOTE: Deleting WORK._ADAE_PREORD (memtype=DATA).
NOTE: Deleting WORK._ADAE_PREORD2 (memtype=DATA).
NOTE: Deleting WORK.EX_SINGLE_PVA (memtype=DATA).
NOTE: Deleting WORK._EX_PVA_ST (memtype=DATA).
NOTE: Deleting WORK._EX_PVA (memtype=DATA).
NOTE: PROCEDURE DATASETS used (Total process time):
      real time           0.01 seconds
      user cpu time       0.00 seconds
      system cpu time     0.01 seconds
      memory              351.84k
      OS Memory           26020.00k
      Timestamp           08/26/2026 06:53:58 PM
      Step Count                        314  Switch Count  36
      Page Faults                       0
      Page Reclaims                     49
      Page Swaps                        0
      Voluntary Context Switches        163
      Involuntary Context Switches      0
119                                                        The SAS System                     Wednesday, August 26, 2026 11:53:58 AM

      Block Input Operations            0
      Block Output Operations           8
      

NOTE: adam.adae has 1191 observations.
NOTE: m_adae_pva complete -> adam.adae

NOTE: The data set WORK._QC_SDTM_SHELL has 0 observations and 10 variables.
NOTE: DATA statement used (Total process time):
      real time           0.00 seconds
      user cpu time       0.00 seconds
      system cpu time     0.00 seconds
      memory              523.25k
      OS Memory           26020.00k
      Timestamp           08/26/2026 06:53:59 PM
      Step Count                        315  Switch Count  2
      Page Faults                       0
      Page Reclaims                     87
      Page Swaps                        0
      Voluntary Context Switches        14
      Involuntary Context Switches      0
      Block Input Operations            0
      Block Output Operations           264
      

NOTE: Table WORK._QC_SEV_KEYS created, with 78 rows and 6 columns.

NOTE: PROCEDURE SQL used (Total process time):
      real time           0.22 seconds
      user cpu time       0.01 seconds
      system cpu time     0.02 seconds
      memory              6038.68k
      OS Memory           31528.00k
      Timestamp           08/26/2026 06:53:59 PM
      Step Count                        316  Switch Count  3
      Page Faults                       0
      Page Reclaims                     384
      Page Swaps                        0
      Voluntary Context Switches        32
      Involuntary Context Switches      0
      Block Input Operations            0
      Block Output Operations           272
      

NOTE: Table WORK._QC_SEV_DETAIL created, with 170 rows and 7 columns.

NOTE: PROCEDURE SQL used (Total process time):
      real time           0.16 seconds
      user cpu time       0.00 seconds
      system cpu time     0.01 seconds
      memory              6366.28k
      OS Memory           31788.00k
      Timestamp           08/26/2026 06:53:59 PM
      Step Count                        317  Switch Count  3
      Page Faults                       0
      Page Reclaims                     248
      Page Swaps                        0
      Voluntary Context Switches        23
120                                                        The SAS System                     Wednesday, August 26, 2026 11:53:59 AM

      Involuntary Context Switches      0
      Block Input Operations            0
      Block Output Operations           272
      


NOTE: There were 170 observations read from the data set WORK._QC_SEV_DETAIL.
NOTE: The data set WORK._QC_SEV_DETAIL has 170 observations and 7 variables.
NOTE: PROCEDURE SORT used (Total process time):
      real time           0.00 seconds
      user cpu time       0.00 seconds
      system cpu time     0.01 seconds
      memory              774.93k
      OS Memory           26280.00k
      Timestamp           08/26/2026 06:53:59 PM
      Step Count                        318  Switch Count  2
      Page Faults                       0
      Page Reclaims                     109
      Page Swaps                        0
      Voluntary Context Switches        11
      Involuntary Context Switches      1
      Block Input Operations            0
      Block Output Operations           264
      


NOTE: There were 170 observations read from the data set WORK._QC_SEV_DETAIL.
NOTE: The data set WORK._QC_SEV has 78 observations and 9 variables.
NOTE: DATA statement used (Total process time):
      real time           0.00 seconds
      user cpu time       0.00 seconds
      system cpu time     0.00 seconds
      memory              980.87k
      OS Memory           26280.00k
      Timestamp           08/26/2026 06:53:59 PM
      Step Count                        319  Switch Count  2
      Page Faults                       0
      Page Reclaims                     101
      Page Swaps                        0
      Voluntary Context Switches        11
      Involuntary Context Switches      0
      Block Input Operations            0
      Block Output Operations           264
      

NOTE: Table WORK._QC_DUP_KEYS created, with 0 rows and 4 columns.

NOTE: PROCEDURE SQL used (Total process time):
      real time           0.22 seconds
      user cpu time       0.01 seconds
      system cpu time     0.02 seconds
      memory              6032.81k
      OS Memory           31528.00k
      Timestamp           08/26/2026 06:53:59 PM
      Step Count                        320  Switch Count  3
      Page Faults                       0
      Page Reclaims                     293
      Page Swaps                        0
121                                                        The SAS System                     Wednesday, August 26, 2026 11:53:59 AM

      Voluntary Context Switches        25
      Involuntary Context Switches      0
      Block Input Operations            0
      Block Output Operations           280
      


NOTE: There were 0 observations read from the data set WORK._QC_DUP_KEYS.
NOTE: The data set WORK._QC_DUP has 0 observations and 9 variables.
NOTE: DATA statement used (Total process time):
      real time           0.00 seconds
      user cpu time       0.00 seconds
      system cpu time     0.00 seconds
      memory              849.03k
      OS Memory           26280.00k
      Timestamp           08/26/2026 06:53:59 PM
      Step Count                        321  Switch Count  2
      Page Faults                       0
      Page Reclaims                     121
      Page Swaps                        0
      Voluntary Context Switches        11
      Involuntary Context Switches      0
      Block Input Operations            0
      Block Output Operations           264
      


NOTE: There were 0 observations read from the data set RAW.AE.
      WHERE (not MISSING(AEDECOD)) and MISSING(AESTDTC);
NOTE: The data set WORK._QC_MISS has 0 observations and 9 variables.
NOTE: DATA statement used (Total process time):
      real time           0.17 seconds
      user cpu time       0.00 seconds
      system cpu time     0.02 seconds
      memory              1450.37k
      OS Memory           26664.00k
      Timestamp           08/26/2026 06:53:59 PM
      Step Count                        322  Switch Count  2
      Page Faults                       0
      Page Reclaims                     217
      Page Swaps                        0
      Voluntary Context Switches        20
      Involuntary Context Switches      0
      Block Input Operations            0
      Block Output Operations           264
      

NOTE: PROCEDURE SQL used (Total process time):
      real time           0.23 seconds
      user cpu time       0.00 seconds
      system cpu time     0.02 seconds
      memory              6723.50k
      OS Memory           31912.00k
      Timestamp           08/26/2026 06:54:00 PM
      Step Count                        323  Switch Count  1
      Page Faults                       0
      Page Reclaims                     244
      Page Swaps                        0
122                                                        The SAS System                     Wednesday, August 26, 2026 11:54:00 AM

      Voluntary Context Switches        18
      Involuntary Context Switches      0
      Block Input Operations            0
      Block Output Operations           0
      


NOTE: The data set WORK._QC_ADAM_DTM has 1 observations and 9 variables.
NOTE: DATA statement used (Total process time):
      real time           0.00 seconds
      user cpu time       0.00 seconds
      system cpu time     0.00 seconds
      memory              533.56k
      OS Memory           26020.00k
      Timestamp           08/26/2026 06:54:00 PM
      Step Count                        324  Switch Count  2
      Page Faults                       0
      Page Reclaims                     87
      Page Swaps                        0
      Voluntary Context Switches        11
      Involuntary Context Switches      0
      Block Input Operations            0
      Block Output Operations           264
      

NOTE: m_qc_sdtm_issues_pva - PVA_ADAE_DTM_DATE_COLLAPSE catalog row (N_ROWS=1191).
NOTE: PROCEDURE SQL used (Total process time):
      real time           0.26 seconds
      user cpu time       0.00 seconds
      system cpu time     0.02 seconds
      memory              6867.93k
      OS Memory           31912.00k
      Timestamp           08/26/2026 06:54:00 PM
      Step Count                        325  Switch Count  0
      Page Faults                       0
      Page Reclaims                     244
      Page Swaps                        0
      Voluntary Context Switches        50
      Involuntary Context Switches      0
      Block Input Operations            0
      Block Output Operations           0
      


NOTE: The data set WORK._QC_ADAM_ADCM has 1 observations and 9 variables.
NOTE: DATA statement used (Total process time):
      real time           0.00 seconds
      user cpu time       0.00 seconds
      system cpu time     0.00 seconds
      memory              531.90k
      OS Memory           26020.00k
      Timestamp           08/26/2026 06:54:00 PM
      Step Count                        326  Switch Count  2
      Page Faults                       0
      Page Reclaims                     87
      Page Swaps                        0
      Voluntary Context Switches        11
      Involuntary Context Switches      0
123                                                        The SAS System                     Wednesday, August 26, 2026 11:54:00 AM

      Block Input Operations            0
      Block Output Operations           264
      

NOTE: m_qc_sdtm_issues_pva - PVA_ADCM_AENDT_NO_EOS_CAP catalog row (N_ROWS=1).

NOTE: There were 78 observations read from the data set WORK._QC_SEV.
NOTE: There were 0 observations read from the data set WORK._QC_DUP.
NOTE: There were 0 observations read from the data set WORK._QC_MISS.
NOTE: There were 1 observations read from the data set WORK._QC_ADAM_DTM.
NOTE: There were 1 observations read from the data set WORK._QC_ADAM_ADCM.
NOTE: There were 0 observations read from the data set WORK._QC_SDTM_SHELL.
NOTE: The data set WORK._QC_DATA_ALL has 80 observations and 10 variables.
NOTE: DATA statement used (Total process time):
      real time           0.00 seconds
      user cpu time       0.00 seconds
      system cpu time     0.00 seconds
      memory              2508.28k
      OS Memory           27580.00k
      Timestamp           08/26/2026 06:54:00 PM
      Step Count                        327  Switch Count  2
      Page Faults                       0
      Page Reclaims                     275
      Page Swaps                        0
      Voluntary Context Switches        11
      Involuntary Context Switches      0
      Block Input Operations            0
      Block Output Operations           264
      


NOTE: There were 80 observations read from the data set WORK._QC_DATA_ALL.
NOTE: The data set ADAM.QC_SDTM_ISSUES has 80 observations and 10 variables.
NOTE: DATA statement used (Total process time):
      real time           0.72 seconds
      user cpu time       0.00 seconds
      system cpu time     0.04 seconds
      memory              807.50k
      OS Memory           26280.00k
      Timestamp           08/26/2026 06:54:01 PM
      Step Count                        328  Switch Count  1
      Page Faults                       0
      Page Reclaims                     107
      Page Swaps                        0
      Voluntary Context Switches        43
      Involuntary Context Switches      2
      Block Input Operations            0
      Block Output Operations           264
      


NOTE: DATA statement used (Total process time):
      real time           0.13 seconds
      user cpu time       0.01 seconds
      system cpu time     0.02 seconds
      memory              598.71k
      OS Memory           26020.00k
      Timestamp           08/26/2026 06:54:01 PM
124                                                        The SAS System                     Wednesday, August 26, 2026 11:54:01 AM

      Step Count                        329  Switch Count  0
      Page Faults                       0
      Page Reclaims                     57
      Page Swaps                        0
      Voluntary Context Switches        12
      Involuntary Context Switches      0
      Block Input Operations            0
      Block Output Operations           0
      

NOTE: m_qc_sdtm_issues_pva - 80 issue row(s) written to adam.qc_sdtm_issues

NOTE: Deleting WORK._QC_SDTM_SHELL (memtype=DATA).
NOTE: Deleting WORK._QC_SEV_KEYS (memtype=DATA).
NOTE: Deleting WORK._QC_SEV_DETAIL (memtype=DATA).
NOTE: Deleting WORK._QC_SEV (memtype=DATA).
NOTE: Deleting WORK._QC_DUP_KEYS (memtype=DATA).
NOTE: Deleting WORK._QC_DUP (memtype=DATA).
NOTE: Deleting WORK._QC_MISS (memtype=DATA).
NOTE: Deleting WORK._QC_ADAM_DTM (memtype=DATA).
NOTE: Deleting WORK._QC_ADAM_ADCM (memtype=DATA).
NOTE: Deleting WORK._QC_DATA_ALL (memtype=DATA).
NOTE: PROCEDURE DATASETS used (Total process time):
      real time           0.00 seconds
      user cpu time       0.00 seconds
      system cpu time     0.00 seconds
      memory              346.18k
      OS Memory           26020.00k
      Timestamp           08/26/2026 06:54:01 PM
      Step Count                        330  Switch Count  20
      Page Faults                       0
      Page Reclaims                     48
      Page Swaps                        0
      Voluntary Context Switches        90
      Involuntary Context Switches      0
      Block Input Operations            0
      Block Output Operations           8
      

NOTE: ADVS builder = m_advs_admiral_mirror (ad_advs.R 1:1).
NOTE: m_advs_admiral_mirror - pure ad_advs.R 1:1 sequence starting.

NOTE: The data set WORK._ADM_VS_PARAM_LOOKUP has 9 observations and 4 variables.
NOTE: DATA statement used (Total process time):
      real time           0.00 seconds
      user cpu time       0.00 seconds
      system cpu time     0.00 seconds
      memory              547.40k
      OS Memory           26020.00k
      Timestamp           08/26/2026 06:54:01 PM
      Step Count                        331  Switch Count  2
      Page Faults                       0
      Page Reclaims                     87
      Page Swaps                        0
      Voluntary Context Switches        11
      Involuntary Context Switches      0
      Block Input Operations            0
      Block Output Operations           264
125                                                        The SAS System                     Wednesday, August 26, 2026 11:54:01 AM

      


NOTE: The data set WORK._ADM_VS_RANGE_LOOKUP has 4 observations and 5 variables.
NOTE: DATA statement used (Total process time):
      real time           0.00 seconds
      user cpu time       0.00 seconds
      system cpu time     0.00 seconds
      memory              528.53k
      OS Memory           26020.00k
      Timestamp           08/26/2026 06:54:01 PM
      Step Count                        332  Switch Count  2
      Page Faults                       0
      Page Reclaims                     87
      Page Swaps                        0
      Voluntary Context Switches        11
      Involuntary Context Switches      0
      Block Input Operations            0
      Block Output Operations           264
      


NOTE: There were 29643 observations read from the data set RAW.VS.
NOTE: The data set WORK._ADM_VS0 has 29643 observations and 24 variables.
NOTE: DATA statement used (Total process time):
      real time           0.28 seconds
      user cpu time       0.04 seconds
      system cpu time     0.02 seconds
      memory              3472.28k
      OS Memory           29352.00k
      Timestamp           08/26/2026 06:54:01 PM
      Step Count                        333  Switch Count  2
      Page Faults                       0
      Page Reclaims                     598
      Page Swaps                        0
      Voluntary Context Switches        72
      Involuntary Context Switches      4
      Block Input Operations            0
      Block Output Operations           14088
      


NOTE: There were 306 observations read from the data set ADAM.ADSL.
      WHERE 1 /* an obviously TRUE WHERE clause */ ;
NOTE: The data set WORK._DVJ_ADD has 306 observations and 58 variables.
NOTE: DATA statement used (Total process time):
      real time           0.11 seconds
      user cpu time       0.00 seconds
      system cpu time     0.02 seconds
      memory              1193.00k
      OS Memory           26280.00k
      Timestamp           08/26/2026 06:54:01 PM
      Step Count                        334  Switch Count  2
      Page Faults                       0
      Page Reclaims                     91
      Page Swaps                        0
      Voluntary Context Switches        22
      Involuntary Context Switches      0
126                                                        The SAS System                     Wednesday, August 26, 2026 11:54:01 AM

      Block Input Operations            0
      Block Output Operations           520
      


NOTE: There were 29643 observations read from the data set WORK._ADM_VS0.
NOTE: The data set WORK._DVJ_BASE has 29643 observations and 25 variables.
NOTE: DATA statement used (Total process time):
      real time           0.01 seconds
      user cpu time       0.01 seconds
      system cpu time     0.00 seconds
      memory              3446.68k
      OS Memory           29352.00k
      Timestamp           08/26/2026 06:54:01 PM
      Step Count                        335  Switch Count  2
      Page Faults                       0
      Page Reclaims                     598
      Page Swaps                        0
      Voluntary Context Switches        11
      Involuntary Context Switches      0
      Block Input Operations            0
      Block Output Operations           14600
      

NOTE: Table WORK._DVJ_JOINED created, with 29643 rows and 30 columns.

NOTE: PROCEDURE SQL used (Total process time):
      real time           0.04 seconds
      user cpu time       0.02 seconds
      system cpu time     0.03 seconds
      memory              16013.00k
      OS Memory           40116.00k
      Timestamp           08/26/2026 06:54:01 PM
      Step Count                        336  Switch Count  3
      Page Faults                       0
      Page Reclaims                     3477
      Page Swaps                        0
      Voluntary Context Switches        103
      Involuntary Context Switches      1
      Block Input Operations            0
      Block Output Operations           43032
      


NOTE: There were 29643 observations read from the data set WORK._DVJ_JOINED.
NOTE: The data set WORK._DVJ_JOINED has 29643 observations and 30 variables.
NOTE: PROCEDURE SORT used (Total process time):
      real time           0.02 seconds
      user cpu time       0.01 seconds
      system cpu time     0.01 seconds
      memory              17889.50k
      OS Memory           42728.00k
      Timestamp           08/26/2026 06:54:01 PM
      Step Count                        337  Switch Count  2
      Page Faults                       0
      Page Reclaims                     4142
      Page Swaps                        0
      Voluntary Context Switches        10
127                                                        The SAS System                     Wednesday, August 26, 2026 11:54:01 AM

      Involuntary Context Switches      1
      Block Input Operations            0
      Block Output Operations           27664
      


NOTE: There were 29643 observations read from the data set WORK._DVJ_JOINED.
NOTE: The data set WORK._DVJ_OUT has 29643 observations and 30 variables.
NOTE: DATA statement used (Total process time):
      real time           0.01 seconds
      user cpu time       0.01 seconds
      system cpu time     0.01 seconds
      memory              3542.68k
      OS Memory           29352.00k
      Timestamp           08/26/2026 06:54:01 PM
      Step Count                        338  Switch Count  2
      Page Faults                       0
      Page Reclaims                     598
      Page Swaps                        0
      Voluntary Context Switches        10
      Involuntary Context Switches      0
      Block Input Operations            0
      Block Output Operations           27656
      


NOTE: There were 29643 observations read from the data set WORK._DVJ_OUT.
NOTE: The data set WORK._ADM_VS01 has 29643 observations and 28 variables.
NOTE: DATA statement used (Total process time):
      real time           0.01 seconds
      user cpu time       0.00 seconds
      system cpu time     0.01 seconds
      memory              3471.00k
      OS Memory           29352.00k
      Timestamp           08/26/2026 06:54:01 PM
      Step Count                        339  Switch Count  2
      Page Faults                       0
      Page Reclaims                     598
      Page Swaps                        0
      Voluntary Context Switches        10
      Involuntary Context Switches      0
      Block Input Operations            0
      Block Output Operations           26640
      


NOTE: The data set WORK._DVJ_IN_LBL has 24 observations and 41 variables.
NOTE: PROCEDURE CONTENTS used (Total process time):
      real time           0.00 seconds
      user cpu time       0.00 seconds
      system cpu time     0.00 seconds
      memory              2396.50k
      OS Memory           27308.00k
      Timestamp           08/26/2026 06:54:01 PM
      Step Count                        340  Switch Count  2
      Page Faults                       0
      Page Reclaims                     335
      Page Swaps                        0
128                                                        The SAS System                     Wednesday, August 26, 2026 11:54:01 AM

      Voluntary Context Switches        9
      Involuntary Context Switches      0
      Block Input Operations            0
      Block Output Operations           272
      


NOTE: The data set WORK._DVJ_OUT_LBL has 28 observations and 41 variables.
NOTE: PROCEDURE CONTENTS used (Total process time):
      real time           0.00 seconds
      user cpu time       0.00 seconds
      system cpu time     0.00 seconds
      memory              2397.87k
      OS Memory           27308.00k
      Timestamp           08/26/2026 06:54:01 PM
      Step Count                        341  Switch Count  2
      Page Faults                       0
      Page Reclaims                     334
      Page Swaps                        0
      Voluntary Context Switches        9
      Involuntary Context Switches      0
      Block Input Operations            0
      Block Output Operations           272
      

NOTE: There were 24 observations read from the data set WORK._DVJ_IN_LBL.
NOTE: The data set WORK._DVJ_IN_LBL has 24 observations and 41 variables.
NOTE: DATA statement used (Total process time):
      real time           0.00 seconds
      user cpu time       0.01 seconds
      system cpu time     0.00 seconds
      memory              909.96k
      OS Memory           26280.00k
      Timestamp           08/26/2026 06:54:01 PM
      Step Count                        342  Switch Count  2
      Page Faults                       0
      Page Reclaims                     115
      Page Swaps                        0
      Voluntary Context Switches        10
      Involuntary Context Switches      0
      Block Input Operations            0
      Block Output Operations           264
      


NOTE: There were 28 observations read from the data set WORK._DVJ_OUT_LBL.
NOTE: The data set WORK._DVJ_OUT_LBL has 28 observations and 41 variables.
NOTE: DATA statement used (Total process time):
      real time           0.00 seconds
      user cpu time       0.00 seconds
      system cpu time     0.01 seconds
      memory              909.96k
      OS Memory           26280.00k
      Timestamp           08/26/2026 06:54:01 PM
      Step Count                        343  Switch Count  2
      Page Faults                       0
      Page Reclaims                     114
      Page Swaps                        0
129                                                        The SAS System                     Wednesday, August 26, 2026 11:54:01 AM

      Voluntary Context Switches        10
      Involuntary Context Switches      0
      Block Input Operations            0
      Block Output Operations           264
      


NOTE: There were 24 observations read from the data set WORK._DVJ_IN_LBL.
NOTE: The data set WORK._DVJ_IN_LBL has 24 observations and 41 variables.
NOTE: PROCEDURE SORT used (Total process time):
      real time           0.00 seconds
      user cpu time       0.00 seconds
      system cpu time     0.00 seconds
      memory              846.96k
      OS Memory           26280.00k
      Timestamp           08/26/2026 06:54:01 PM
      Step Count                        344  Switch Count  2
      Page Faults                       0
      Page Reclaims                     107
      Page Swaps                        0
      Voluntary Context Switches        10
      Involuntary Context Switches      0
      Block Input Operations            0
      Block Output Operations           272
      


NOTE: There were 28 observations read from the data set WORK._DVJ_OUT_LBL.
NOTE: The data set WORK._DVJ_OUT_LBL has 28 observations and 41 variables.
NOTE: PROCEDURE SORT used (Total process time):
      real time           0.00 seconds
      user cpu time       0.00 seconds
      system cpu time     0.00 seconds
      memory              847.00k
      OS Memory           26280.00k
      Timestamp           08/26/2026 06:54:01 PM
      Step Count                        345  Switch Count  2
      Page Faults                       0
      Page Reclaims                     106
      Page Swaps                        0
      Voluntary Context Switches        10
      Involuntary Context Switches      0
      Block Input Operations            0
      Block Output Operations           264
      


NOTE: There were 28 observations read from the data set WORK._DVJ_OUT_LBL.
NOTE: There were 24 observations read from the data set WORK._DVJ_IN_LBL.
NOTE: The data set WORK._DVJ_RELABEL has 24 observations and 2 variables.
NOTE: DATA statement used (Total process time):
      real time           0.00 seconds
      user cpu time       0.00 seconds
      system cpu time     0.00 seconds
      memory              1246.68k
      OS Memory           26540.00k
      Timestamp           08/26/2026 06:54:01 PM
      Step Count                        346  Switch Count  2
130                                                        The SAS System                     Wednesday, August 26, 2026 11:54:01 AM

      Page Faults                       0
      Page Reclaims                     154
      Page Swaps                        0
      Voluntary Context Switches        10
      Involuntary Context Switches      0
      Block Input Operations            0
      Block Output Operations           264
      

NOTE: PROCEDURE SQL used (Total process time):
      real time           0.00 seconds
      user cpu time       0.00 seconds
      system cpu time     0.00 seconds
      memory              5455.87k
      OS Memory           31144.00k
      Timestamp           08/26/2026 06:54:01 PM
      Step Count                        347  Switch Count  0
      Page Faults                       0
      Page Reclaims                     52
      Page Swaps                        0
      Voluntary Context Switches        0
      Involuntary Context Switches      0
      Block Input Operations            0
      Block Output Operations           0
      


NOTE: There were 24 observations read from the data set WORK._DVJ_RELABEL.
NOTE: DATA statement used (Total process time):
      real time           0.00 seconds
      user cpu time       0.01 seconds
      system cpu time     0.00 seconds
      memory              615.34k
      OS Memory           26020.00k
      Timestamp           08/26/2026 06:54:01 PM
      Step Count                        348  Switch Count  0
      Page Faults                       0
      Page Reclaims                     57
      Page Swaps                        0
      Voluntary Context Switches        0
      Involuntary Context Switches      0
      Block Input Operations            0
      Block Output Operations           0
      

NOTE: CALL EXECUTE generated line.
1         + proc datasets lib=WORK nolist; modify _ADM_VS01;
2         + label DOMAIN='Domain Abbreviation
3         +                ';
4         + label STUDYID='Study Identifier
5         +                 ';
6         + label USUBJID='Unique Subject Identifier
7         +                 ';
8         + label VISIT='Visit Name
9         +               ';
10        + label VISITDY='Planned Study Day of Visit
11        +                 ';
12        + label VISITNUM='Visit Number
131                                                        The SAS System                     Wednesday, August 26, 2026 11:54:01 AM

13        +                  ';
14        + label VSBLFL='Baseline Flag
15        +                ';
16        + label VSDTC='Date/Time of Measurements
17        +               ';
18        + label VSDY='Study Day of Vital Signs
19        +              ';
20        + label VSELTM='Planned Elapsed Time from Time Point Ref
21        +                ';
22        + label VSLOC='Location of Vital Signs Measurement
23        +               ';
24        + label VSORRES='Result or Finding in Original Units
25        +                 ';
26        + label VSORRESU='Original Units
27        +                  ';
28        + label VSPOS='Vital Signs Position of Subject
29        +               ';
30        + label VSSEQ='Sequence Number
31        +               ';
32        + label VSSTAT='Completion Status
33        +                ';
34        + label VSSTRESC='Character Result/Finding in Std Format
35        +                  ';
36        + label VSSTRESN='Numeric Result/Finding in Standard Units
37        +                  ';
38        + label VSSTRESU='Standard Units
39        +                  ';
40        + label VSTEST='Vital Signs Test Name
41        +                ';
42        + label VSTESTCD='Vital Signs Test Short Name
43        +                  ';
44        + label VSTPT='Planned Time Point Name
45        +               ';
46        + label VSTPTNUM='Planned Time Point Number
47        +                  ';
48        + label VSTPTREF='Time Point Reference
49        +                  ';
50        + quit;

NOTE: MODIFY was successful for WORK._ADM_VS01.DATA.
NOTE: PROCEDURE DATASETS used (Total process time):
      real time           0.00 seconds
      user cpu time       0.00 seconds
      system cpu time     0.00 seconds
      memory              1773.78k
      OS Memory           26788.00k
      Timestamp           08/26/2026 06:54:01 PM
      Step Count                        349  Switch Count  0
      Page Faults                       0
      Page Reclaims                     274
      Page Swaps                        0
      Voluntary Context Switches        0
      Involuntary Context Switches      1
      Block Input Operations            0
      Block Output Operations           16
      

NOTE: m_derive_vars_joined restored 24 label(s) on WORK._ADM_VS01
132                                                        The SAS System                     Wednesday, August 26, 2026 11:54:01 AM


NOTE: Deleting WORK._DVJ_ADD (memtype=DATA).
NOTE: Deleting WORK._DVJ_BASE (memtype=DATA).
NOTE: Deleting WORK._DVJ_JOINED (memtype=DATA).
NOTE: Deleting WORK._DVJ_OUT (memtype=DATA).
NOTE: Deleting WORK._DVJ_IN_LBL (memtype=DATA).
NOTE: Deleting WORK._DVJ_OUT_LBL (memtype=DATA).
NOTE: Deleting WORK._DVJ_RELABEL (memtype=DATA).
NOTE: PROCEDURE DATASETS used (Total process time):
      real time           0.00 seconds
      user cpu time       0.00 seconds
      system cpu time     0.00 seconds
      memory              353.34k
      OS Memory           26020.00k
      Timestamp           08/26/2026 06:54:01 PM
      Step Count                        350  Switch Count  14
      Page Faults                       0
      Page Reclaims                     48
      Page Swaps                        0
      Voluntary Context Switches        63
      Involuntary Context Switches      2
      Block Input Operations            0
      Block Output Operations           8
      

NOTE: work._adm_vs01 has 29643 observations.

NOTE: There were 29643 observations read from the data set WORK._ADM_VS01.
NOTE: The data set WORK._ADM_VS02 has 29643 observations and 29 variables.
NOTE: DATA statement used (Total process time):
      real time           0.03 seconds
      user cpu time       0.03 seconds
      system cpu time     0.01 seconds
      memory              3583.81k
      OS Memory           29352.00k
      Timestamp           08/26/2026 06:54:01 PM
      Step Count                        351  Switch Count  2
      Page Faults                       0
      Page Reclaims                     598
      Page Swaps                        0
      Voluntary Context Switches        11
      Involuntary Context Switches      3
      Block Input Operations            0
      Block Output Operations           27152
      

NOTE: work._adm_vs02 has 29643 observations.

NOTE: There were 29643 observations read from the data set WORK._ADM_VS02.
NOTE: The data set WORK._ADM_VS03 has 29643 observations and 30 variables.
NOTE: DATA statement used (Total process time):
      real time           0.01 seconds
      user cpu time       0.01 seconds
      system cpu time     0.01 seconds
      memory              3488.37k
      OS Memory           29352.00k
      Timestamp           08/26/2026 06:54:01 PM
      Step Count                        352  Switch Count  2
133                                                        The SAS System                     Wednesday, August 26, 2026 11:54:01 AM

      Page Faults                       0
      Page Reclaims                     598
      Page Swaps                        0
      Voluntary Context Switches        10
      Involuntary Context Switches      0
      Block Input Operations            0
      Block Output Operations           27656
      

NOTE: work._adm_vs03 has 29643 observations.
NOTE: Table WORK._LKP created, with 9 rows and 4 columns.

NOTE: PROCEDURE SQL used (Total process time):
      real time           0.00 seconds
      user cpu time       0.00 seconds
      system cpu time     0.00 seconds
      memory              5458.65k
      OS Memory           31144.00k
      Timestamp           08/26/2026 06:54:01 PM
      Step Count                        353  Switch Count  2
      Page Faults                       0
      Page Reclaims                     116
      Page Swaps                        0
      Voluntary Context Switches        10
      Involuntary Context Switches      2
      Block Input Operations            0
      Block Output Operations           264
      

NOTE: Table WORK._ADM_VS04 created, with 29643 rows and 31 columns.

NOTE: PROCEDURE SQL used (Total process time):
      real time           0.05 seconds
      user cpu time       0.03 seconds
      system cpu time     0.03 seconds
      memory              39047.81k
      OS Memory           63152.00k
      Timestamp           08/26/2026 06:54:01 PM
      Step Count                        354  Switch Count  3
      Page Faults                       0
      Page Reclaims                     4945
      Page Swaps                        0
      Voluntary Context Switches        275
      Involuntary Context Switches      1
      Block Input Operations            0
      Block Output Operations           56344
      

NOTE: The file WORK._UNMAP (memtype=DATA) was not found, but appears on a DELETE statement.
NOTE: The file WORK._KEYS (memtype=DATA) was not found, but appears on a DELETE statement.
NOTE: The file WORK._LKP_KEYS (memtype=DATA) was not found, but appears on a DELETE statement.
NOTE: Deleting WORK._LKP (memtype=DATA).
NOTE: PROCEDURE DATASETS used (Total process time):
      real time           0.00 seconds
      user cpu time       0.00 seconds
      system cpu time     0.00 seconds
      memory              346.18k
      OS Memory           26020.00k
134                                                        The SAS System                     Wednesday, August 26, 2026 11:54:01 AM

      Timestamp           08/26/2026 06:54:01 PM
      Step Count                        355  Switch Count  2
      Page Faults                       0
      Page Reclaims                     48
      Page Swaps                        0
      Voluntary Context Switches        9
      Involuntary Context Switches      0
      Block Input Operations            0
      Block Output Operations           8
      

NOTE: work._adm_vs04 has 29643 observations.

NOTE: There were 29643 observations read from the data set WORK._ADM_VS04.
NOTE: The data set WORK._ADM_VS05 has 29643 observations and 32 variables.
NOTE: DATA statement used (Total process time):
      real time           0.01 seconds
      user cpu time       0.01 seconds
      system cpu time     0.01 seconds
      memory              3480.15k
      OS Memory           29352.00k
      Timestamp           08/26/2026 06:54:01 PM
      Step Count                        356  Switch Count  2
      Page Faults                       0
      Page Reclaims                     598
      Page Swaps                        0
      Voluntary Context Switches        10
      Involuntary Context Switches      0
      Block Input Operations            0
      Block Output Operations           28424
      


NOTE: There were 29635 observations read from the data set WORK._ADM_VS05.
      WHERE (VSSTAT not = 'NOT DONE') or MISSING(VSSTAT);
NOTE: The data set WORK._ADM_CMP_IN has 29635 observations and 32 variables.
NOTE: DATA statement used (Total process time):
      real time           0.01 seconds
      user cpu time       0.01 seconds
      system cpu time     0.01 seconds
      memory              3499.53k
      OS Memory           29352.00k
      Timestamp           08/26/2026 06:54:01 PM
      Step Count                        357  Switch Count  2
      Page Faults                       0
      Page Reclaims                     598
      Page Swaps                        0
      Voluntary Context Switches        10
      Involuntary Context Switches      0
      Block Input Operations            0
      Block Output Operations           28424
      


NOTE: There were 16410 observations read from the data set WORK._ADM_CMP_IN.
      WHERE PARAMCD in ('DIABP', 'SYSBP');
NOTE: The data set WORK._ADM_CMP_V has 16410 observations and 14 variables.
NOTE: DATA statement used (Total process time):
135                                                        The SAS System                     Wednesday, August 26, 2026 11:54:01 AM

      real time           0.01 seconds
      user cpu time       0.00 seconds
      system cpu time     0.00 seconds
      memory              3470.75k
      OS Memory           29352.00k
      Timestamp           08/26/2026 06:54:01 PM
      Step Count                        358  Switch Count  2
      Page Faults                       0
      Page Reclaims                     598
      Page Swaps                        0
      Voluntary Context Switches        11
      Involuntary Context Switches      0
      Block Input Operations            0
      Block Output Operations           11016
      


NOTE: There were 16410 observations read from the data set WORK._ADM_CMP_V.
NOTE: The data set WORK._ADM_CMP_V has 16410 observations and 14 variables.
NOTE: PROCEDURE SORT used (Total process time):
      real time           0.02 seconds
      user cpu time       0.01 seconds
      system cpu time     0.01 seconds
      memory              13705.28k
      OS Memory           38616.00k
      Timestamp           08/26/2026 06:54:01 PM
      Step Count                        359  Switch Count  2
      Page Faults                       0
      Page Reclaims                     3098
      Page Swaps                        0
      Voluntary Context Switches        11
      Involuntary Context Switches      0
      Block Input Operations            0
      Block Output Operations           11016
      


NOTE: There were 16410 observations read from the data set WORK._ADM_CMP_V.
NOTE: The data set WORK._ADM_CMP_T has 8205 observations and 15 variables.
NOTE: PROCEDURE TRANSPOSE used (Total process time):
      real time           0.09 seconds
      user cpu time       0.09 seconds
      system cpu time     0.00 seconds
      memory              4202.12k
      OS Memory           29352.00k
      Timestamp           08/26/2026 06:54:02 PM
      Step Count                        360  Switch Count  4
      Page Faults                       0
      Page Reclaims                     700
      Page Swaps                        0
      Voluntary Context Switches        19
      Involuntary Context Switches      1
      Block Input Operations            0
      Block Output Operations           5904
      


NOTE: There were 8205 observations read from the data set WORK._ADM_CMP_T.
136                                                        The SAS System                     Wednesday, August 26, 2026 11:54:02 AM

NOTE: The data set WORK._ADM_CMP_NEW has 8205 observations and 14 variables.
NOTE: DATA statement used (Total process time):
      real time           0.00 seconds
      user cpu time       0.00 seconds
      system cpu time     0.00 seconds
      memory              3422.59k
      OS Memory           29352.00k
      Timestamp           08/26/2026 06:54:02 PM
      Step Count                        361  Switch Count  2
      Page Faults                       0
      Page Reclaims                     598
      Page Swaps                        0
      Voluntary Context Switches        11
      Involuntary Context Switches      0
      Block Input Operations            0
      Block Output Operations           5640
      


NOTE: There were 29643 observations read from the data set WORK._ADM_VS05.
NOTE: There were 8205 observations read from the data set WORK._ADM_CMP_NEW.
NOTE: The data set WORK._ADM_VS06 has 37848 observations and 32 variables.
NOTE: DATA statement used (Total process time):
      real time           0.01 seconds
      user cpu time       0.01 seconds
      system cpu time     0.01 seconds
      memory              5167.09k
      OS Memory           31404.00k
      Timestamp           08/26/2026 06:54:02 PM
      Step Count                        362  Switch Count  2
      Page Faults                       0
      Page Reclaims                     964
      Page Swaps                        0
      Voluntary Context Switches        10
      Involuntary Context Switches      0
      Block Input Operations            0
      Block Output Operations           36360
      


NOTE: The file WORK._ADM_CMP_C1 (memtype=DATA) was not found, but appears on a DELETE statement.
NOTE: The file WORK._ADM_CMP_CT (memtype=DATA) was not found, but appears on a DELETE statement.
NOTE: Deleting WORK._ADM_CMP_IN (memtype=DATA).
NOTE: Deleting WORK._ADM_CMP_V (memtype=DATA).
NOTE: Deleting WORK._ADM_CMP_T (memtype=DATA).
NOTE: Deleting WORK._ADM_CMP_NEW (memtype=DATA).
NOTE: PROCEDURE DATASETS used (Total process time):
      real time           0.00 seconds
      user cpu time       0.01 seconds
      system cpu time     0.01 seconds
      memory              346.18k
      OS Memory           26020.00k
      Timestamp           08/26/2026 06:54:02 PM
      Step Count                        363  Switch Count  8
      Page Faults                       0
      Page Reclaims                     51
      Page Swaps                        0
      Voluntary Context Switches        37
137                                                        The SAS System                     Wednesday, August 26, 2026 11:54:02 AM

      Involuntary Context Switches      0
      Block Input Operations            0
      Block Output Operations           8
      

NOTE: work._adm_vs06 has 37848 observations.

NOTE: There were 37840 observations read from the data set WORK._ADM_VS06.
      WHERE (VSSTAT not = 'NOT DONE') or MISSING(VSSTAT);
NOTE: The data set WORK._ADM_CMP_IN has 37840 observations and 32 variables.
NOTE: DATA statement used (Total process time):
      real time           0.01 seconds
      user cpu time       0.00 seconds
      system cpu time     0.01 seconds
      memory              3499.53k
      OS Memory           29352.00k
      Timestamp           08/26/2026 06:54:02 PM
      Step Count                        364  Switch Count  2
      Page Faults                       0
      Page Reclaims                     598
      Page Swaps                        0
      Voluntary Context Switches        11
      Involuntary Context Switches      0
      Block Input Operations            0
      Block Output Operations           36360
      


NOTE: There were 254 observations read from the data set WORK._ADM_CMP_IN.
      WHERE (not MISSING(AVAL)) and (PARAMCD='HEIGHT');
NOTE: The data set WORK._ADM_CMP_C1 has 254 observations and 3 variables.
NOTE: DATA statement used (Total process time):
      real time           0.01 seconds
      user cpu time       0.00 seconds
      system cpu time     0.00 seconds
      memory              2207.34k
      OS Memory           27048.00k
      Timestamp           08/26/2026 06:54:02 PM
      Step Count                        365  Switch Count  2
      Page Faults                       0
      Page Reclaims                     311
      Page Swaps                        0
      Voluntary Context Switches        11
      Involuntary Context Switches      0
      Block Input Operations            0
      Block Output Operations           264
      


NOTE: There were 254 observations read from the data set WORK._ADM_CMP_C1.
NOTE: The data set WORK._ADM_CMP_C1 has 254 observations and 3 variables.
NOTE: PROCEDURE SORT used (Total process time):
      real time           0.00 seconds
      user cpu time       0.00 seconds
      system cpu time     0.00 seconds
      memory              783.21k
      OS Memory           26280.00k
      Timestamp           08/26/2026 06:54:02 PM
138                                                        The SAS System                     Wednesday, August 26, 2026 11:54:02 AM

      Step Count                        366  Switch Count  2
      Page Faults                       0
      Page Reclaims                     111
      Page Swaps                        0
      Voluntary Context Switches        12
      Involuntary Context Switches      0
      Block Input Operations            0
      Block Output Operations           264
      


NOTE: There were 254 observations read from the data set WORK._ADM_CMP_C1.
NOTE: 0 observations with duplicate key values were deleted.
NOTE: The data set WORK._ADM_CMP_C1 has 254 observations and 3 variables.
NOTE: PROCEDURE SORT used (Total process time):
      real time           0.00 seconds
      user cpu time       0.00 seconds
      system cpu time     0.00 seconds
      memory              783.21k
      OS Memory           26280.00k
      Timestamp           08/26/2026 06:54:02 PM
      Step Count                        367  Switch Count  2
      Page Faults                       0
      Page Reclaims                     111
      Page Swaps                        0
      Voluntary Context Switches        11
      Involuntary Context Switches      0
      Block Input Operations            0
      Block Output Operations           264
      


NOTE: There were 254 observations read from the data set WORK._ADM_CMP_C1.
NOTE: The data set WORK._ADM_CMP_CT has 254 observations and 3 variables.
NOTE: PROCEDURE TRANSPOSE used (Total process time):
      real time           0.00 seconds
      user cpu time       0.01 seconds
      system cpu time     0.00 seconds
      memory              2809.40k
      OS Memory           28332.00k
      Timestamp           08/26/2026 06:54:02 PM
      Step Count                        368  Switch Count  4
      Page Faults                       0
      Page Reclaims                     213
      Page Swaps                        0
      Voluntary Context Switches        20
      Involuntary Context Switches      1
      Block Input Operations            0
      Block Output Operations           528
      

NOTE: m_adm_derive_param_computed constant sorted ADM_CMP_CONST_SORT=20260825M.

NOTE: There were 2050 observations read from the data set WORK._ADM_CMP_IN.
      WHERE PARAMCD='WEIGHT';
NOTE: The data set WORK._ADM_CMP_V has 2050 observations and 14 variables.
NOTE: DATA statement used (Total process time):
      real time           0.00 seconds
139                                                        The SAS System                     Wednesday, August 26, 2026 11:54:02 AM

      user cpu time       0.00 seconds
      system cpu time     0.00 seconds
      memory              2882.43k
      OS Memory           28328.00k
      Timestamp           08/26/2026 06:54:02 PM
      Step Count                        369  Switch Count  2
      Page Faults                       0
      Page Reclaims                     480
      Page Swaps                        0
      Voluntary Context Switches        10
      Involuntary Context Switches      1
      Block Input Operations            0
      Block Output Operations           1544
      


NOTE: There were 2050 observations read from the data set WORK._ADM_CMP_V.
NOTE: The data set WORK._ADM_CMP_V has 2050 observations and 14 variables.
NOTE: PROCEDURE SORT used (Total process time):
      real time           0.00 seconds
      user cpu time       0.00 seconds
      system cpu time     0.00 seconds
      memory              3535.50k
      OS Memory           28856.00k
      Timestamp           08/26/2026 06:54:02 PM
      Step Count                        370  Switch Count  2
      Page Faults                       0
      Page Reclaims                     575
      Page Swaps                        0
      Voluntary Context Switches        11
      Involuntary Context Switches      0
      Block Input Operations            0
      Block Output Operations           1544
      


NOTE: There were 2050 observations read from the data set WORK._ADM_CMP_V.
NOTE: The data set WORK._ADM_CMP_T has 2050 observations and 14 variables.
NOTE: PROCEDURE TRANSPOSE used (Total process time):
      real time           0.01 seconds
      user cpu time       0.02 seconds
      system cpu time     0.00 seconds
      memory              3513.15k
      OS Memory           28844.00k
      Timestamp           08/26/2026 06:54:02 PM
      Step Count                        371  Switch Count  4
      Page Faults                       0
      Page Reclaims                     405
      Page Swaps                        0
      Voluntary Context Switches        19
      Involuntary Context Switches      1
      Block Input Operations            0
      Block Output Operations           1808
      


NOTE: There were 2050 observations read from the data set WORK._ADM_CMP_T.
NOTE: The data set WORK._ADM_CMP_T has 2050 observations and 14 variables.
140                                                        The SAS System                     Wednesday, August 26, 2026 11:54:02 AM

NOTE: PROCEDURE SORT used (Total process time):
      real time           0.00 seconds
      user cpu time       0.00 seconds
      system cpu time     0.01 seconds
      memory              2529.56k
      OS Memory           27828.00k
      Timestamp           08/26/2026 06:54:02 PM
      Step Count                        372  Switch Count  2
      Page Faults                       0
      Page Reclaims                     421
      Page Swaps                        0
      Voluntary Context Switches        10
      Involuntary Context Switches      1
      Block Input Operations            0
      Block Output Operations           1544
      


NOTE: There were 2050 observations read from the data set WORK._ADM_CMP_T.
NOTE: There were 254 observations read from the data set WORK._ADM_CMP_CT.
NOTE: The data set WORK._ADM_CMP_T has 2050 observations and 15 variables.
NOTE: DATA statement used (Total process time):
      real time           0.00 seconds
      user cpu time       0.00 seconds
      system cpu time     0.00 seconds
      memory              2603.15k
      OS Memory           27564.00k
      Timestamp           08/26/2026 06:54:02 PM
      Step Count                        373  Switch Count  2
      Page Faults                       0
      Page Reclaims                     341
      Page Swaps                        0
      Voluntary Context Switches        10
      Involuntary Context Switches      1
      Block Input Operations            0
      Block Output Operations           1544
      


NOTE: There were 2050 observations read from the data set WORK._ADM_CMP_T.
NOTE: The data set WORK._ADM_CMP_NEW has 2050 observations and 14 variables.
NOTE: DATA statement used (Total process time):
      real time           0.00 seconds
      user cpu time       0.00 seconds
      system cpu time     0.00 seconds
      memory              2158.12k
      OS Memory           27304.00k
      Timestamp           08/26/2026 06:54:02 PM
      Step Count                        374  Switch Count  2
      Page Faults                       0
      Page Reclaims                     315
      Page Swaps                        0
      Voluntary Context Switches        11
      Involuntary Context Switches      0
      Block Input Operations            0
      Block Output Operations           1544
      

141                                                        The SAS System                     Wednesday, August 26, 2026 11:54:02 AM


NOTE: There were 37848 observations read from the data set WORK._ADM_VS06.
NOTE: There were 2050 observations read from the data set WORK._ADM_CMP_NEW.
NOTE: The data set WORK._ADM_VS07 has 39898 observations and 32 variables.
NOTE: DATA statement used (Total process time):
      real time           0.01 seconds
      user cpu time       0.01 seconds
      system cpu time     0.01 seconds
      memory              4478.34k
      OS Memory           30380.00k
      Timestamp           08/26/2026 06:54:02 PM
      Step Count                        375  Switch Count  2
      Page Faults                       0
      Page Reclaims                     795
      Page Swaps                        0
      Voluntary Context Switches        11
      Involuntary Context Switches      0
      Block Input Operations            0
      Block Output Operations           38152
      


NOTE: Deleting WORK._ADM_CMP_IN (memtype=DATA).
NOTE: Deleting WORK._ADM_CMP_V (memtype=DATA).
NOTE: Deleting WORK._ADM_CMP_T (memtype=DATA).
NOTE: Deleting WORK._ADM_CMP_NEW (memtype=DATA).
NOTE: Deleting WORK._ADM_CMP_C1 (memtype=DATA).
NOTE: Deleting WORK._ADM_CMP_CT (memtype=DATA).
NOTE: PROCEDURE DATASETS used (Total process time):
      real time           0.00 seconds
      user cpu time       0.00 seconds
      system cpu time     0.01 seconds
      memory              346.21k
      OS Memory           26020.00k
      Timestamp           08/26/2026 06:54:02 PM
      Step Count                        376  Switch Count  12
      Page Faults                       0
      Page Reclaims                     49
      Page Swaps                        0
      Voluntary Context Switches        54
      Involuntary Context Switches      1
      Block Input Operations            0
      Block Output Operations           8
      

NOTE: work._adm_vs07 has 39898 observations.

NOTE: There were 39890 observations read from the data set WORK._ADM_VS07.
      WHERE (VSSTAT not = 'NOT DONE') or MISSING(VSSTAT);
NOTE: The data set WORK._ADM_CMP_IN has 39890 observations and 32 variables.
NOTE: DATA statement used (Total process time):
      real time           0.02 seconds
      user cpu time       0.01 seconds
      system cpu time     0.01 seconds
      memory              3499.53k
      OS Memory           29352.00k
      Timestamp           08/26/2026 06:54:02 PM
      Step Count                        377  Switch Count  2
142                                                        The SAS System                     Wednesday, August 26, 2026 11:54:02 AM

      Page Faults                       0
      Page Reclaims                     598
      Page Swaps                        0
      Voluntary Context Switches        11
      Involuntary Context Switches      1
      Block Input Operations            0
      Block Output Operations           38152
      


NOTE: There were 254 observations read from the data set WORK._ADM_CMP_IN.
      WHERE (not MISSING(AVAL)) and (PARAMCD='HEIGHT');
NOTE: The data set WORK._ADM_CMP_C1 has 254 observations and 3 variables.
NOTE: DATA statement used (Total process time):
      real time           0.01 seconds
      user cpu time       0.01 seconds
      system cpu time     0.00 seconds
      memory              2206.34k
      OS Memory           27048.00k
      Timestamp           08/26/2026 06:54:02 PM
      Step Count                        378  Switch Count  2
      Page Faults                       0
      Page Reclaims                     311
      Page Swaps                        0
      Voluntary Context Switches        10
      Involuntary Context Switches      0
      Block Input Operations            0
      Block Output Operations           264
      


NOTE: There were 254 observations read from the data set WORK._ADM_CMP_C1.
NOTE: The data set WORK._ADM_CMP_C1 has 254 observations and 3 variables.
NOTE: PROCEDURE SORT used (Total process time):
      real time           0.00 seconds
      user cpu time       0.00 seconds
      system cpu time     0.01 seconds
      memory              783.34k
      OS Memory           26280.00k
      Timestamp           08/26/2026 06:54:02 PM
      Step Count                        379  Switch Count  2
      Page Faults                       0
      Page Reclaims                     111
      Page Swaps                        0
      Voluntary Context Switches        10
      Involuntary Context Switches      0
      Block Input Operations            0
      Block Output Operations           264
      


NOTE: There were 254 observations read from the data set WORK._ADM_CMP_C1.
NOTE: 0 observations with duplicate key values were deleted.
NOTE: The data set WORK._ADM_CMP_C1 has 254 observations and 3 variables.
NOTE: PROCEDURE SORT used (Total process time):
      real time           0.00 seconds
      user cpu time       0.00 seconds
      system cpu time     0.00 seconds
143                                                        The SAS System                     Wednesday, August 26, 2026 11:54:02 AM

      memory              783.34k
      OS Memory           26280.00k
      Timestamp           08/26/2026 06:54:02 PM
      Step Count                        380  Switch Count  2
      Page Faults                       0
      Page Reclaims                     111
      Page Swaps                        0
      Voluntary Context Switches        10
      Involuntary Context Switches      0
      Block Input Operations            0
      Block Output Operations           264
      


NOTE: There were 254 observations read from the data set WORK._ADM_CMP_C1.
NOTE: The data set WORK._ADM_CMP_CT has 254 observations and 3 variables.
NOTE: PROCEDURE TRANSPOSE used (Total process time):
      real time           0.00 seconds
      user cpu time       0.01 seconds
      system cpu time     0.00 seconds
      memory              2809.40k
      OS Memory           28332.00k
      Timestamp           08/26/2026 06:54:02 PM
      Step Count                        381  Switch Count  4
      Page Faults                       0
      Page Reclaims                     213
      Page Swaps                        0
      Voluntary Context Switches        18
      Involuntary Context Switches      1
      Block Input Operations            0
      Block Output Operations           528
      

NOTE: m_adm_derive_param_computed constant sorted ADM_CMP_CONST_SORT=20260825M.

NOTE: There were 2050 observations read from the data set WORK._ADM_CMP_IN.
      WHERE PARAMCD='WEIGHT';
NOTE: The data set WORK._ADM_CMP_V has 2050 observations and 14 variables.
NOTE: DATA statement used (Total process time):
      real time           0.00 seconds
      user cpu time       0.00 seconds
      system cpu time     0.00 seconds
      memory              2882.43k
      OS Memory           28328.00k
      Timestamp           08/26/2026 06:54:02 PM
      Step Count                        382  Switch Count  2
      Page Faults                       0
      Page Reclaims                     480
      Page Swaps                        0
      Voluntary Context Switches        10
      Involuntary Context Switches      0
      Block Input Operations            0
      Block Output Operations           1544
      


NOTE: There were 2050 observations read from the data set WORK._ADM_CMP_V.
NOTE: The data set WORK._ADM_CMP_V has 2050 observations and 14 variables.
144                                                        The SAS System                     Wednesday, August 26, 2026 11:54:02 AM

NOTE: PROCEDURE SORT used (Total process time):
      real time           0.00 seconds
      user cpu time       0.00 seconds
      system cpu time     0.00 seconds
      memory              3535.46k
      OS Memory           28856.00k
      Timestamp           08/26/2026 06:54:02 PM
      Step Count                        383  Switch Count  2
      Page Faults                       0
      Page Reclaims                     575
      Page Swaps                        0
      Voluntary Context Switches        10
      Involuntary Context Switches      1
      Block Input Operations            0
      Block Output Operations           1544
      


NOTE: There were 2050 observations read from the data set WORK._ADM_CMP_V.
NOTE: The data set WORK._ADM_CMP_T has 2050 observations and 14 variables.
NOTE: PROCEDURE TRANSPOSE used (Total process time):
      real time           0.01 seconds
      user cpu time       0.02 seconds
      system cpu time     0.00 seconds
      memory              3513.28k
      OS Memory           28844.00k
      Timestamp           08/26/2026 06:54:02 PM
      Step Count                        384  Switch Count  4
      Page Faults                       0
      Page Reclaims                     405
      Page Swaps                        0
      Voluntary Context Switches        19
      Involuntary Context Switches      1
      Block Input Operations            0
      Block Output Operations           1808
      


NOTE: There were 2050 observations read from the data set WORK._ADM_CMP_T.
NOTE: The data set WORK._ADM_CMP_T has 2050 observations and 14 variables.
NOTE: PROCEDURE SORT used (Total process time):
      real time           0.00 seconds
      user cpu time       0.00 seconds
      system cpu time     0.00 seconds
      memory              2529.53k
      OS Memory           27828.00k
      Timestamp           08/26/2026 06:54:02 PM
      Step Count                        385  Switch Count  2
      Page Faults                       0
      Page Reclaims                     421
      Page Swaps                        0
      Voluntary Context Switches        10
      Involuntary Context Switches      0
      Block Input Operations            0
      Block Output Operations           1544
      


145                                                        The SAS System                     Wednesday, August 26, 2026 11:54:02 AM

NOTE: There were 2050 observations read from the data set WORK._ADM_CMP_T.
NOTE: There were 254 observations read from the data set WORK._ADM_CMP_CT.
NOTE: The data set WORK._ADM_CMP_T has 2050 observations and 15 variables.
NOTE: DATA statement used (Total process time):
      real time           0.00 seconds
      user cpu time       0.00 seconds
      system cpu time     0.01 seconds
      memory              2603.15k
      OS Memory           27564.00k
      Timestamp           08/26/2026 06:54:02 PM
      Step Count                        386  Switch Count  2
      Page Faults                       0
      Page Reclaims                     341
      Page Swaps                        0
      Voluntary Context Switches        10
      Involuntary Context Switches      1
      Block Input Operations            0
      Block Output Operations           1544
      


NOTE: There were 2050 observations read from the data set WORK._ADM_CMP_T.
NOTE: The data set WORK._ADM_CMP_NEW has 2050 observations and 14 variables.
NOTE: DATA statement used (Total process time):
      real time           0.00 seconds
      user cpu time       0.01 seconds
      system cpu time     0.00 seconds
      memory              2160.28k
      OS Memory           27304.00k
      Timestamp           08/26/2026 06:54:02 PM
      Step Count                        387  Switch Count  2
      Page Faults                       0
      Page Reclaims                     311
      Page Swaps                        0
      Voluntary Context Switches        9
      Involuntary Context Switches      0
      Block Input Operations            0
      Block Output Operations           1544
      


NOTE: There were 39898 observations read from the data set WORK._ADM_VS07.
NOTE: There were 2050 observations read from the data set WORK._ADM_CMP_NEW.
NOTE: The data set WORK._ADM_VS08 has 41948 observations and 32 variables.
NOTE: DATA statement used (Total process time):
      real time           0.01 seconds
      user cpu time       0.00 seconds
      system cpu time     0.01 seconds
      memory              4478.56k
      OS Memory           30380.00k
      Timestamp           08/26/2026 06:54:02 PM
      Step Count                        388  Switch Count  2
      Page Faults                       0
      Page Reclaims                     795
      Page Swaps                        0
      Voluntary Context Switches        10
      Involuntary Context Switches      2
      Block Input Operations            0
146                                                        The SAS System                     Wednesday, August 26, 2026 11:54:02 AM

      Block Output Operations           40200
      


NOTE: Deleting WORK._ADM_CMP_IN (memtype=DATA).
NOTE: Deleting WORK._ADM_CMP_V (memtype=DATA).
NOTE: Deleting WORK._ADM_CMP_T (memtype=DATA).
NOTE: Deleting WORK._ADM_CMP_NEW (memtype=DATA).
NOTE: Deleting WORK._ADM_CMP_C1 (memtype=DATA).
NOTE: Deleting WORK._ADM_CMP_CT (memtype=DATA).
NOTE: PROCEDURE DATASETS used (Total process time):
      real time           0.00 seconds
      user cpu time       0.01 seconds
      system cpu time     0.00 seconds
      memory              353.31k
      OS Memory           26020.00k
      Timestamp           08/26/2026 06:54:02 PM
      Step Count                        389  Switch Count  12
      Page Faults                       0
      Page Reclaims                     49
      Page Swaps                        0
      Voluntary Context Switches        55
      Involuntary Context Switches      0
      Block Input Operations            0
      Block Output Operations           8
      

NOTE: work._adm_vs08 has 41948 observations.

NOTE: There were 41948 observations read from the data set WORK._ADM_VS08.
NOTE: The data set WORK._ADM_VS09 has 41948 observations and 36 variables.
NOTE: DATA statement used (Total process time):
      real time           0.48 seconds
      user cpu time       0.43 seconds
      system cpu time     0.04 seconds
      memory              3669.81k
      OS Memory           29352.00k
      Timestamp           08/26/2026 06:54:02 PM
      Step Count                        390  Switch Count  2
      Page Faults                       0
      Page Reclaims                     616
      Page Swaps                        0
      Voluntary Context Switches        11
      Involuntary Context Switches      1
      Block Input Operations            0
      Block Output Operations           53256
      

NOTE: Table WORK._ADM_SUM created, with 20060 rows and 13 columns.

NOTE: PROCEDURE SQL used (Total process time):
      real time           0.04 seconds
      user cpu time       0.06 seconds
      system cpu time     0.02 seconds
      memory              31842.45k
      OS Memory           56028.00k
      Timestamp           08/26/2026 06:54:02 PM
      Step Count                        391  Switch Count  3
147                                                        The SAS System                     Wednesday, August 26, 2026 11:54:02 AM

      Page Faults                       0
      Page Reclaims                     7358
      Page Swaps                        0
      Voluntary Context Switches        376
      Involuntary Context Switches      1
      Block Input Operations            0
      Block Output Operations           13576
      


NOTE: There were 41948 observations read from the data set WORK._ADM_VS09.
NOTE: There were 20060 observations read from the data set WORK._ADM_SUM.
NOTE: The data set WORK._ADM_VS10 has 62008 observations and 37 variables.
NOTE: DATA statement used (Total process time):
      real time           0.03 seconds
      user cpu time       0.01 seconds
      system cpu time     0.02 seconds
      memory              5208.50k
      OS Memory           31404.00k
      Timestamp           08/26/2026 06:54:02 PM
      Step Count                        392  Switch Count  2
      Page Faults                       0
      Page Reclaims                     964
      Page Swaps                        0
      Voluntary Context Switches        11
      Involuntary Context Switches      0
      Block Input Operations            0
      Block Output Operations           80656
      

NOTE: Deleting WORK._ADM_SUM (memtype=DATA).
NOTE: PROCEDURE DATASETS used (Total process time):
      real time           0.00 seconds
      user cpu time       0.00 seconds
      system cpu time     0.01 seconds
      memory              346.18k
      OS Memory           26020.00k
      Timestamp           08/26/2026 06:54:02 PM
      Step Count                        393  Switch Count  2
      Page Faults                       0
      Page Reclaims                     53
      Page Swaps                        0
      Voluntary Context Switches        9
      Involuntary Context Switches      0
      Block Input Operations            0
      Block Output Operations           8
      

NOTE: work._adm_vs10 has 62008 observations.

NOTE: There were 62008 observations read from the data set WORK._ADM_VS10.
NOTE: The data set WORK._ADM_ONTRT has 62008 observations and 38 variables.
NOTE: DATA statement used (Total process time):
      real time           0.03 seconds
      user cpu time       0.01 seconds
      system cpu time     0.02 seconds
      memory              3517.59k
      OS Memory           29352.00k
148                                                        The SAS System                     Wednesday, August 26, 2026 11:54:02 AM

      Timestamp           08/26/2026 06:54:02 PM
      Step Count                        394  Switch Count  2
      Page Faults                       0
      Page Reclaims                     598
      Page Swaps                        0
      Voluntary Context Switches        11
      Involuntary Context Switches      2
      Block Input Operations            0
      Block Output Operations           80648
      

NOTE: work._adm_ontrt has 62008 observations.

NOTE: There were 62008 observations read from the data set WORK._ADM_ONTRT.
NOTE: The data set WORK._ADM_VS11 has 62008 observations and 38 variables.
NOTE: DATA statement used (Total process time):
      real time           0.03 seconds
      user cpu time       0.00 seconds
      system cpu time     0.03 seconds
      memory              3497.31k
      OS Memory           29352.00k
      Timestamp           08/26/2026 06:54:02 PM
      Step Count                        395  Switch Count  2
      Page Faults                       0
      Page Reclaims                     598
      Page Swaps                        0
      Voluntary Context Switches        11
      Involuntary Context Switches      1
      Block Input Operations            0
      Block Output Operations           80648
      


NOTE: Deleting WORK._ADM_ONTRT (memtype=DATA).
NOTE: PROCEDURE DATASETS used (Total process time):
      real time           0.00 seconds
      user cpu time       0.00 seconds
      system cpu time     0.00 seconds
      memory              346.21k
      OS Memory           26020.00k
      Timestamp           08/26/2026 06:54:02 PM
      Step Count                        396  Switch Count  2
      Page Faults                       0
      Page Reclaims                     48
      Page Swaps                        0
      Voluntary Context Switches        9
      Involuntary Context Switches      0
      Block Input Operations            0
      Block Output Operations           8
      


NOTE: There were 4 observations read from the data set WORK._ADM_VS_RANGE_LOOKUP.
      WHERE 1 /* an obviously TRUE WHERE clause */ ;
NOTE: The data set WORK._DVJ_ADD has 4 observations and 5 variables.
NOTE: DATA statement used (Total process time):
      real time           0.00 seconds
      user cpu time       0.00 seconds
149                                                        The SAS System                     Wednesday, August 26, 2026 11:54:02 AM

      system cpu time     0.00 seconds
      memory              806.68k
      OS Memory           26280.00k
      Timestamp           08/26/2026 06:54:02 PM
      Step Count                        397  Switch Count  2
      Page Faults                       0
      Page Reclaims                     121
      Page Swaps                        0
      Voluntary Context Switches        11
      Involuntary Context Switches      0
      Block Input Operations            0
      Block Output Operations           272
      


NOTE: There were 62008 observations read from the data set WORK._ADM_VS11.
NOTE: The data set WORK._DVJ_BASE has 62008 observations and 39 variables.
NOTE: DATA statement used (Total process time):
      real time           0.03 seconds
      user cpu time       0.01 seconds
      system cpu time     0.02 seconds
      memory              3498.34k
      OS Memory           29352.00k
      Timestamp           08/26/2026 06:54:03 PM
      Step Count                        398  Switch Count  2
      Page Faults                       0
      Page Reclaims                     598
      Page Swaps                        0
      Voluntary Context Switches        11
      Involuntary Context Switches      2
      Block Input Operations            0
      Block Output Operations           81936
      

NOTE: Table WORK._DVJ_JOINED created, with 62008 rows and 44 columns.

NOTE: PROCEDURE SQL used (Total process time):
      real time           0.13 seconds
      user cpu time       0.07 seconds
      system cpu time     0.07 seconds
      memory              52052.95k
      OS Memory           75952.00k
      Timestamp           08/26/2026 06:54:03 PM
      Step Count                        399  Switch Count  3
      Page Faults                       0
      Page Reclaims                     12151
      Page Swaps                        0
      Voluntary Context Switches        777
      Involuntary Context Switches      3
      Block Input Operations            0
      Block Output Operations           171032
      


NOTE: There were 62008 observations read from the data set WORK._DVJ_JOINED.
NOTE: The data set WORK._DVJ_JOINED has 62008 observations and 44 variables.
NOTE: PROCEDURE SORT used (Total process time):
      real time           0.07 seconds
150                                                        The SAS System                     Wednesday, August 26, 2026 11:54:03 AM

      user cpu time       0.03 seconds
      system cpu time     0.05 seconds
      memory              48412.84k
      OS Memory           73268.00k
      Timestamp           08/26/2026 06:54:03 PM
      Step Count                        400  Switch Count  2
      Page Faults                       0
      Page Reclaims                     11690
      Page Swaps                        0
      Voluntary Context Switches        11
      Involuntary Context Switches      0
      Block Input Operations            0
      Block Output Operations           86536
      


NOTE: There were 62008 observations read from the data set WORK._DVJ_JOINED.
NOTE: The data set WORK._DVJ_OUT has 62008 observations and 44 variables.
NOTE: DATA statement used (Total process time):
      real time           0.03 seconds
      user cpu time       0.01 seconds
      system cpu time     0.02 seconds
      memory              3568.81k
      OS Memory           29352.00k
      Timestamp           08/26/2026 06:54:03 PM
      Step Count                        401  Switch Count  2
      Page Faults                       0
      Page Reclaims                     598
      Page Swaps                        0
      Voluntary Context Switches        11
      Involuntary Context Switches      0
      Block Input Operations            0
      Block Output Operations           86536
      


NOTE: There were 62008 observations read from the data set WORK._DVJ_OUT.
NOTE: The data set WORK._ADM_VS12 has 62008 observations and 42 variables.
NOTE: DATA statement used (Total process time):
      real time           0.03 seconds
      user cpu time       0.01 seconds
      system cpu time     0.03 seconds
      memory              3503.87k
      OS Memory           29352.00k
      Timestamp           08/26/2026 06:54:03 PM
      Step Count                        402  Switch Count  2
      Page Faults                       0
      Page Reclaims                     598
      Page Swaps                        0
      Voluntary Context Switches        11
      Involuntary Context Switches      0
      Block Input Operations            0
      Block Output Operations           84488
      


NOTE: The data set WORK._DVJ_IN_LBL has 38 observations and 41 variables.
NOTE: PROCEDURE CONTENTS used (Total process time):
151                                                        The SAS System                     Wednesday, August 26, 2026 11:54:03 AM

      real time           0.00 seconds
      user cpu time       0.01 seconds
      system cpu time     0.00 seconds
      memory              2400.75k
      OS Memory           27308.00k
      Timestamp           08/26/2026 06:54:03 PM
      Step Count                        403  Switch Count  2
      Page Faults                       0
      Page Reclaims                     332
      Page Swaps                        0
      Voluntary Context Switches        9
      Involuntary Context Switches      0
      Block Input Operations            0
      Block Output Operations           272
      


NOTE: The data set WORK._DVJ_OUT_LBL has 42 observations and 41 variables.
NOTE: PROCEDURE CONTENTS used (Total process time):
      real time           0.00 seconds
      user cpu time       0.00 seconds
      system cpu time     0.00 seconds
      memory              2402.25k
      OS Memory           27308.00k
      Timestamp           08/26/2026 06:54:03 PM
      Step Count                        404  Switch Count  2
      Page Faults                       0
      Page Reclaims                     331
      Page Swaps                        0
      Voluntary Context Switches        9
      Involuntary Context Switches      0
      Block Input Operations            0
      Block Output Operations           272
      

NOTE: There were 38 observations read from the data set WORK._DVJ_IN_LBL.
NOTE: The data set WORK._DVJ_IN_LBL has 38 observations and 41 variables.
NOTE: DATA statement used (Total process time):
      real time           0.00 seconds
      user cpu time       0.00 seconds
      system cpu time     0.00 seconds
      memory              911.43k
      OS Memory           26280.00k
      Timestamp           08/26/2026 06:54:03 PM
      Step Count                        405  Switch Count  2
      Page Faults                       0
      Page Reclaims                     112
      Page Swaps                        0
      Voluntary Context Switches        11
      Involuntary Context Switches      0
      Block Input Operations            0
      Block Output Operations           264
      


NOTE: There were 42 observations read from the data set WORK._DVJ_OUT_LBL.
NOTE: The data set WORK._DVJ_OUT_LBL has 42 observations and 41 variables.
NOTE: DATA statement used (Total process time):
152                                                        The SAS System                     Wednesday, August 26, 2026 11:54:03 AM

      real time           0.00 seconds
      user cpu time       0.00 seconds
      system cpu time     0.00 seconds
      memory              911.43k
      OS Memory           26280.00k
      Timestamp           08/26/2026 06:54:03 PM
      Step Count                        406  Switch Count  2
      Page Faults                       0
      Page Reclaims                     111
      Page Swaps                        0
      Voluntary Context Switches        12
      Involuntary Context Switches      0
      Block Input Operations            0
      Block Output Operations           264
      


NOTE: There were 38 observations read from the data set WORK._DVJ_IN_LBL.
NOTE: The data set WORK._DVJ_IN_LBL has 38 observations and 41 variables.
NOTE: PROCEDURE SORT used (Total process time):
      real time           0.00 seconds
      user cpu time       0.00 seconds
      system cpu time     0.00 seconds
      memory              846.96k
      OS Memory           26280.00k
      Timestamp           08/26/2026 06:54:03 PM
      Step Count                        407  Switch Count  2
      Page Faults                       0
      Page Reclaims                     104
      Page Swaps                        0
      Voluntary Context Switches        11
      Involuntary Context Switches      1
      Block Input Operations            0
      Block Output Operations           264
      


NOTE: There were 42 observations read from the data set WORK._DVJ_OUT_LBL.
NOTE: The data set WORK._DVJ_OUT_LBL has 42 observations and 41 variables.
NOTE: PROCEDURE SORT used (Total process time):
      real time           0.00 seconds
      user cpu time       0.00 seconds
      system cpu time     0.00 seconds
      memory              846.87k
      OS Memory           26280.00k
      Timestamp           08/26/2026 06:54:03 PM
      Step Count                        408  Switch Count  2
      Page Faults                       0
      Page Reclaims                     103
      Page Swaps                        0
      Voluntary Context Switches        11
      Involuntary Context Switches      0
      Block Input Operations            0
      Block Output Operations           264
      


NOTE: There were 42 observations read from the data set WORK._DVJ_OUT_LBL.
153                                                        The SAS System                     Wednesday, August 26, 2026 11:54:03 AM

NOTE: There were 38 observations read from the data set WORK._DVJ_IN_LBL.
NOTE: The data set WORK._DVJ_RELABEL has 26 observations and 2 variables.
NOTE: DATA statement used (Total process time):
      real time           0.00 seconds
      user cpu time       0.01 seconds
      system cpu time     0.00 seconds
      memory              1253.53k
      OS Memory           26540.00k
      Timestamp           08/26/2026 06:54:03 PM
      Step Count                        409  Switch Count  2
      Page Faults                       0
      Page Reclaims                     154
      Page Swaps                        0
      Voluntary Context Switches        10
      Involuntary Context Switches      0
      Block Input Operations            0
      Block Output Operations           264
      

NOTE: PROCEDURE SQL used (Total process time):
      real time           0.00 seconds
      user cpu time       0.00 seconds
      system cpu time     0.00 seconds
      memory              5455.75k
      OS Memory           31144.00k
      Timestamp           08/26/2026 06:54:03 PM
      Step Count                        410  Switch Count  0
      Page Faults                       0
      Page Reclaims                     52
      Page Swaps                        0
      Voluntary Context Switches        0
      Involuntary Context Switches      0
      Block Input Operations            0
      Block Output Operations           0
      


NOTE: There were 26 observations read from the data set WORK._DVJ_RELABEL.
NOTE: DATA statement used (Total process time):
      real time           0.00 seconds
      user cpu time       0.00 seconds
      system cpu time     0.00 seconds
      memory              617.12k
      OS Memory           26020.00k
      Timestamp           08/26/2026 06:54:03 PM
      Step Count                        411  Switch Count  0
      Page Faults                       0
      Page Reclaims                     57
      Page Swaps                        0
      Voluntary Context Switches        0
      Involuntary Context Switches      0
      Block Input Operations            0
      Block Output Operations           0
      

NOTE: CALL EXECUTE generated line.
1         + proc datasets lib=WORK nolist; modify _ADM_VS12;
2         + label DOMAIN='Domain Abbreviation
154                                                        The SAS System                     Wednesday, August 26, 2026 11:54:03 AM

3         +                ';
4         + label STUDYID='Study Identifier
5         +                 ';
6         + label TRTEDT='Date of Last Exposure to Treatment
7         +                ';
8         + label TRTSDT='Date of First Exposure to Treatment
9         +                ';
10        + label USUBJID='Unique Subject Identifier
11        +                 ';
12        + label VISIT='Visit Name
13        +               ';
14        + label VISITDY='Planned Study Day of Visit
15        +                 ';
16        + label VISITNUM='Visit Number
17        +                  ';
18        + label VSBLFL='Baseline Flag
19        +                ';
20        + label VSDTC='Date/Time of Measurements
21        +               ';
22        + label VSDY='Study Day of Vital Signs
23        +              ';
24        + label VSELTM='Planned Elapsed Time from Time Point Ref
25        +                ';
26        + label VSLOC='Location of Vital Signs Measurement
27        +               ';
28        + label VSORRES='Result or Finding in Original Units
29        +                 ';
30        + label VSORRESU='Original Units
31        +                  ';
32        + label VSPOS='Vital Signs Position of Subject
33        +               ';
34        + label VSSEQ='Sequence Number
35        +               ';
36        + label VSSTAT='Completion Status
37        +                ';
38        + label VSSTRESC='Character Result/Finding in Std Format
39        +                  ';
40        + label VSSTRESN='Numeric Result/Finding in Standard Units
41        +                  ';
42        + label VSSTRESU='Standard Units
43        +                  ';
44        + label VSTEST='Vital Signs Test Name
45        +                ';
46        + label VSTESTCD='Vital Signs Test Short Name
47        +                  ';
48        + label VSTPT='Planned Time Point Name
49        +               ';
50        + label VSTPTNUM='Planned Time Point Number
51        +                  ';
52        + label VSTPTREF='Time Point Reference
53        +                  ';
54        + quit;

NOTE: MODIFY was successful for WORK._ADM_VS12.DATA.
NOTE: PROCEDURE DATASETS used (Total process time):
      real time           0.00 seconds
      user cpu time       0.00 seconds
      system cpu time     0.00 seconds
155                                                        The SAS System                     Wednesday, August 26, 2026 11:54:03 AM

      memory              1785.78k
      OS Memory           26788.00k
      Timestamp           08/26/2026 06:54:03 PM
      Step Count                        412  Switch Count  0
      Page Faults                       0
      Page Reclaims                     274
      Page Swaps                        0
      Voluntary Context Switches        0
      Involuntary Context Switches      1
      Block Input Operations            0
      Block Output Operations           8
      

NOTE: m_derive_vars_joined restored 26 label(s) on WORK._ADM_VS12

NOTE: Deleting WORK._DVJ_ADD (memtype=DATA).
NOTE: Deleting WORK._DVJ_BASE (memtype=DATA).
NOTE: Deleting WORK._DVJ_JOINED (memtype=DATA).
NOTE: Deleting WORK._DVJ_OUT (memtype=DATA).
NOTE: Deleting WORK._DVJ_IN_LBL (memtype=DATA).
NOTE: Deleting WORK._DVJ_OUT_LBL (memtype=DATA).
NOTE: Deleting WORK._DVJ_RELABEL (memtype=DATA).
NOTE: PROCEDURE DATASETS used (Total process time):
      real time           0.01 seconds
      user cpu time       0.00 seconds
      system cpu time     0.01 seconds
      memory              355.53k
      OS Memory           26020.00k
      Timestamp           08/26/2026 06:54:03 PM
      Step Count                        413  Switch Count  14
      Page Faults                       0
      Page Reclaims                     48
      Page Swaps                        0
      Voluntary Context Switches        63
      Involuntary Context Switches      2
      Block Input Operations            0
      Block Output Operations           8
      

NOTE: work._adm_vs12 has 62008 observations.

NOTE: There were 62008 observations read from the data set WORK._ADM_VS12.
NOTE: The data set WORK._ADM_VS13 has 62008 observations and 43 variables.
NOTE: DATA statement used (Total process time):
      real time           0.03 seconds
      user cpu time       0.02 seconds
      system cpu time     0.02 seconds
      memory              3515.43k
      OS Memory           29352.00k
      Timestamp           08/26/2026 06:54:03 PM
      Step Count                        414  Switch Count  2
      Page Faults                       0
      Page Reclaims                     598
      Page Swaps                        0
      Voluntary Context Switches        10
      Involuntary Context Switches      0
      Block Input Operations            0
      Block Output Operations           87816
156                                                        The SAS System                     Wednesday, August 26, 2026 11:54:03 AM

      


NOTE: There were 62008 observations read from the data set WORK._ADM_VS13.
NOTE: The data set WORK._ADM_VS14 has 62008 observations and 44 variables.
NOTE: DATA statement used (Total process time):
      real time           0.03 seconds
      user cpu time       0.01 seconds
      system cpu time     0.03 seconds
      memory              3515.31k
      OS Memory           29352.00k
      Timestamp           08/26/2026 06:54:03 PM
      Step Count                        415  Switch Count  2
      Page Faults                       0
      Page Reclaims                     598
      Page Swaps                        0
      Voluntary Context Switches        12
      Involuntary Context Switches      0
      Block Input Operations            0
      Block Output Operations           99336
      


NOTE: There were 62008 observations read from the data set WORK._ADM_VS14.
NOTE: The data set WORK._ADM_EX_ALL has 62008 observations and 46 variables.
NOTE: DATA statement used (Total process time):
      real time           0.03 seconds
      user cpu time       0.01 seconds
      system cpu time     0.03 seconds
      memory              3513.65k
      OS Memory           29352.00k
      Timestamp           08/26/2026 06:54:03 PM
      Step Count                        416  Switch Count  2
      Page Faults                       0
      Page Reclaims                     598
      Page Swaps                        0
      Voluntary Context Switches        11
      Involuntary Context Switches      0
      Block Input Operations            0
      Block Output Operations           101384
      


NOTE: There were 11603 observations read from the data set WORK._ADM_EX_ALL.
      WHERE (not MISSING(AVAL)) and (not MISSING(TRTSDT)) and (ADT<=TRTSDT) and (not MISSING(BASETYPE)) and MISSING(DTYPE);
NOTE: The data set WORK._ADM_EX_CAND has 11603 observations and 46 variables.
NOTE: DATA statement used (Total process time):
      real time           0.03 seconds
      user cpu time       0.02 seconds
      system cpu time     0.01 seconds
      memory              3556.75k
      OS Memory           29352.00k
      Timestamp           08/26/2026 06:54:03 PM
      Step Count                        417  Switch Count  2
      Page Faults                       0
      Page Reclaims                     598
      Page Swaps                        0
      Voluntary Context Switches        12
157                                                        The SAS System                     Wednesday, August 26, 2026 11:54:03 AM

      Involuntary Context Switches      0
      Block Input Operations            0
      Block Output Operations           18952
      


NOTE: There were 11603 observations read from the data set WORK._ADM_EX_CAND.
NOTE: The data set WORK._ADM_EX_S has 11603 observations and 46 variables.
NOTE: PROCEDURE SORT used (Total process time):
      real time           0.01 seconds
      user cpu time       0.01 seconds
      system cpu time     0.01 seconds
      memory              15029.28k
      OS Memory           39652.00k
      Timestamp           08/26/2026 06:54:03 PM
      Step Count                        418  Switch Count  2
      Page Faults                       0
      Page Reclaims                     3302
      Page Swaps                        0
      Voluntary Context Switches        11
      Involuntary Context Switches      1
      Block Input Operations            0
      Block Output Operations           18960
      


NOTE: There were 11603 observations read from the data set WORK._ADM_EX_S.
NOTE: The data set WORK._ADM_EX_FLG has 4318 observations and 2 variables.
NOTE: DATA statement used (Total process time):
      real time           0.00 seconds
      user cpu time       0.00 seconds
      system cpu time     0.00 seconds
      memory              2271.71k
      OS Memory           27048.00k
      Timestamp           08/26/2026 06:54:03 PM
      Step Count                        419  Switch Count  2
      Page Faults                       0
      Page Reclaims                     297
      Page Swaps                        0
      Voluntary Context Switches        12
      Involuntary Context Switches      0
      Block Input Operations            0
      Block Output Operations           264
      


NOTE: There were 62008 observations read from the data set WORK._ADM_EX_ALL.
NOTE: The data set WORK._ADM_EX_ALL has 62008 observations and 46 variables.
NOTE: PROCEDURE SORT used (Total process time):
      real time           0.07 seconds
      user cpu time       0.02 seconds
      system cpu time     0.06 seconds
      memory              55472.50k
      OS Memory           80144.00k
      Timestamp           08/26/2026 06:54:03 PM
      Step Count                        420  Switch Count  2
      Page Faults                       0
      Page Reclaims                     13395
158                                                        The SAS System                     Wednesday, August 26, 2026 11:54:03 AM

      Page Swaps                        0
      Voluntary Context Switches        11
      Involuntary Context Switches      1
      Block Input Operations            0
      Block Output Operations           101384
      


NOTE: There were 4318 observations read from the data set WORK._ADM_EX_FLG.
NOTE: The data set WORK._ADM_EX_FLG has 4318 observations and 2 variables.
NOTE: PROCEDURE SORT used (Total process time):
      real time           0.00 seconds
      user cpu time       0.00 seconds
      system cpu time     0.00 seconds
      memory              1382.50k
      OS Memory           26800.00k
      Timestamp           08/26/2026 06:54:03 PM
      Step Count                        421  Switch Count  2
      Page Faults                       0
      Page Reclaims                     102
      Page Swaps                        0
      Voluntary Context Switches        10
      Involuntary Context Switches      0
      Block Input Operations            0
      Block Output Operations           264
      


NOTE: There were 62008 observations read from the data set WORK._ADM_EX_ALL.
NOTE: There were 4318 observations read from the data set WORK._ADM_EX_FLG.
NOTE: The data set WORK._ADM_VS15 has 62008 observations and 45 variables.
NOTE: DATA statement used (Total process time):
      real time           0.04 seconds
      user cpu time       0.03 seconds
      system cpu time     0.01 seconds
      memory              3952.03k
      OS Memory           29612.00k
      Timestamp           08/26/2026 06:54:03 PM
      Step Count                        422  Switch Count  2
      Page Faults                       0
      Page Reclaims                     632
      Page Swaps                        0
      Voluntary Context Switches        10
      Involuntary Context Switches      2
      Block Input Operations            0
      Block Output Operations           100616
      


NOTE: Deleting WORK._ADM_EX_ALL (memtype=DATA).
NOTE: Deleting WORK._ADM_EX_CAND (memtype=DATA).
NOTE: Deleting WORK._ADM_EX_S (memtype=DATA).
NOTE: Deleting WORK._ADM_EX_FLG (memtype=DATA).
NOTE: PROCEDURE DATASETS used (Total process time):
      real time           0.00 seconds
      user cpu time       0.00 seconds
      system cpu time     0.00 seconds
      memory              348.40k
159                                                        The SAS System                     Wednesday, August 26, 2026 11:54:03 AM

      OS Memory           26020.00k
      Timestamp           08/26/2026 06:54:03 PM
      Step Count                        423  Switch Count  8
      Page Faults                       0
      Page Reclaims                     48
      Page Swaps                        0
      Voluntary Context Switches        36
      Involuntary Context Switches      0
      Block Input Operations            0
      Block Output Operations           16
      

NOTE: work._adm_vs15 has 62008 observations.
NOTE: Table WORK._BASE_SRC created, with 4318 rows and 5 columns.

NOTE: PROCEDURE SQL used (Total process time):
      real time           0.01 seconds
      user cpu time       0.01 seconds
      system cpu time     0.01 seconds
      memory              6840.84k
      OS Memory           31912.00k
      Timestamp           08/26/2026 06:54:03 PM
      Step Count                        424  Switch Count  3
      Page Faults                       0
      Page Reclaims                     848
      Page Swaps                        0
      Voluntary Context Switches        38
      Involuntary Context Switches      2
      Block Input Operations            0
      Block Output Operations           1288
      


NOTE: There were 62008 observations read from the data set WORK._ADM_VS15.
NOTE: The data set WORK._BASE_ALL has 62008 observations and 45 variables.
NOTE: PROCEDURE SORT used (Total process time):
      real time           0.08 seconds
      user cpu time       0.04 seconds
      system cpu time     0.05 seconds
      memory              63035.93k
      OS Memory           87304.00k
      Timestamp           08/26/2026 06:54:03 PM
      Step Count                        425  Switch Count  2
      Page Faults                       0
      Page Reclaims                     15258
      Page Swaps                        0
      Voluntary Context Switches        11
      Involuntary Context Switches      2
      Block Input Operations            0
      Block Output Operations           100624
      


NOTE: Input data set is already sorted, no sorting done.
NOTE: PROCEDURE SORT used (Total process time):
      real time           0.00 seconds
      user cpu time       0.00 seconds
      system cpu time     0.01 seconds
160                                                        The SAS System                     Wednesday, August 26, 2026 11:54:03 AM

      memory              918.18k
      OS Memory           26404.00k
      Timestamp           08/26/2026 06:54:03 PM
      Step Count                        426  Switch Count  0
      Page Faults                       0
      Page Reclaims                     145
      Page Swaps                        0
      Voluntary Context Switches        0
      Involuntary Context Switches      0
      Block Input Operations            0
      Block Output Operations           0
      


NOTE: There were 62008 observations read from the data set WORK._BASE_ALL.
NOTE: There were 4318 observations read from the data set WORK._BASE_SRC.
NOTE: The data set WORK._ADM_VS16 has 62008 observations and 46 variables.
NOTE: DATA statement used (Total process time):
      real time           0.04 seconds
      user cpu time       0.01 seconds
      system cpu time     0.03 seconds
      memory              4525.84k
      OS Memory           30252.00k
      Timestamp           08/26/2026 06:54:03 PM
      Step Count                        427  Switch Count  2
      Page Faults                       0
      Page Reclaims                     763
      Page Swaps                        0
      Voluntary Context Switches        11
      Involuntary Context Switches      0
      Block Input Operations            0
      Block Output Operations           101384
      


NOTE: Deleting WORK._BASE_SRC (memtype=DATA).
NOTE: Deleting WORK._BASE_ALL (memtype=DATA).
NOTE: PROCEDURE DATASETS used (Total process time):
      real time           0.00 seconds
      user cpu time       0.00 seconds
      system cpu time     0.00 seconds
      memory              348.25k
      OS Memory           26020.00k
      Timestamp           08/26/2026 06:54:03 PM
      Step Count                        428  Switch Count  4
      Page Faults                       0
      Page Reclaims                     54
      Page Swaps                        0
      Voluntary Context Switches        18
      Involuntary Context Switches      1
      Block Input Operations            0
      Block Output Operations           8
      

NOTE: work._adm_vs16 has 62008 observations.

NOTE: There were 62008 observations read from the data set WORK._ADM_VS16.
NOTE: The data set WORK._BASE_CAND has 62008 observations and 46 variables.
161                                                        The SAS System                     Wednesday, August 26, 2026 11:54:03 AM

NOTE: PROCEDURE SORT used (Total process time):
      real time           0.08 seconds
      user cpu time       0.04 seconds
      system cpu time     0.04 seconds
      memory              64097.12k
      OS Memory           88328.00k
      Timestamp           08/26/2026 06:54:03 PM
      Step Count                        429  Switch Count  2
      Page Faults                       0
      Page Reclaims                     15481
      Page Swaps                        0
      Voluntary Context Switches        11
      Involuntary Context Switches      1
      Block Input Operations            0
      Block Output Operations           101392
      


NOTE: There were 4318 observations read from the data set WORK._BASE_CAND.
      WHERE ABLFL='Y';
NOTE: The data set WORK._BASE_SRC has 4318 observations and 5 variables.
NOTE: DATA statement used (Total process time):
      real time           0.01 seconds
      user cpu time       0.00 seconds
      system cpu time     0.01 seconds
      memory              2961.03k
      OS Memory           28328.00k
      Timestamp           08/26/2026 06:54:03 PM
      Step Count                        430  Switch Count  2
      Page Faults                       0
      Page Reclaims                     458
      Page Swaps                        0
      Voluntary Context Switches        11
      Involuntary Context Switches      0
      Block Input Operations            0
      Block Output Operations           1288
      


NOTE: There were 62008 observations read from the data set WORK._ADM_VS16.
NOTE: The data set WORK._BASE_ALL has 62008 observations and 46 variables.
NOTE: PROCEDURE SORT used (Total process time):
      real time           0.08 seconds
      user cpu time       0.04 seconds
      system cpu time     0.05 seconds
      memory              63036.78k
      OS Memory           87300.00k
      Timestamp           08/26/2026 06:54:03 PM
      Step Count                        431  Switch Count  2
      Page Faults                       0
      Page Reclaims                     15367
      Page Swaps                        0
      Voluntary Context Switches        11
      Involuntary Context Switches      1
      Block Input Operations            0
      Block Output Operations           101392
      

162                                                        The SAS System                     Wednesday, August 26, 2026 11:54:03 AM


NOTE: There were 4318 observations read from the data set WORK._BASE_SRC.
NOTE: The data set WORK._BASE_SRC has 4318 observations and 5 variables.
NOTE: PROCEDURE SORT used (Total process time):
      real time           0.00 seconds
      user cpu time       0.00 seconds
      system cpu time     0.00 seconds
      memory              3436.78k
      OS Memory           28728.00k
      Timestamp           08/26/2026 06:54:03 PM
      Step Count                        432  Switch Count  2
      Page Faults                       0
      Page Reclaims                     500
      Page Swaps                        0
      Voluntary Context Switches        10
      Involuntary Context Switches      0
      Block Input Operations            0
      Block Output Operations           1288
      


NOTE: There were 62008 observations read from the data set WORK._BASE_ALL.
NOTE: There were 4318 observations read from the data set WORK._BASE_SRC.
NOTE: The data set WORK._ADM_VS17 has 62008 observations and 47 variables.
NOTE: DATA statement used (Total process time):
      real time           0.04 seconds
      user cpu time       0.02 seconds
      system cpu time     0.03 seconds
      memory              4522.68k
      OS Memory           30252.00k
      Timestamp           08/26/2026 06:54:04 PM
      Step Count                        433  Switch Count  2
      Page Faults                       0
      Page Reclaims                     763
      Page Swaps                        0
      Voluntary Context Switches        11
      Involuntary Context Switches      1
      Block Input Operations            0
      Block Output Operations           103176
      


NOTE: Deleting WORK._BASE_SRC (memtype=DATA).
NOTE: Deleting WORK._BASE_ALL (memtype=DATA).
NOTE: Deleting WORK._BASE_CAND (memtype=DATA).
NOTE: PROCEDURE DATASETS used (Total process time):
      real time           0.01 seconds
      user cpu time       0.00 seconds
      system cpu time     0.01 seconds
      memory              352.25k
      OS Memory           26020.00k
      Timestamp           08/26/2026 06:54:04 PM
      Step Count                        434  Switch Count  6
      Page Faults                       0
      Page Reclaims                     48
      Page Swaps                        0
      Voluntary Context Switches        27
      Involuntary Context Switches      2
163                                                        The SAS System                     Wednesday, August 26, 2026 11:54:04 AM

      Block Input Operations            0
      Block Output Operations           8
      

NOTE: work._adm_vs17 has 62008 observations.

NOTE: There were 62008 observations read from the data set WORK._ADM_VS17.
NOTE: The data set WORK._ADM_CHG has 62008 observations and 48 variables.
NOTE: DATA statement used (Total process time):
      real time           0.03 seconds
      user cpu time       0.02 seconds
      system cpu time     0.02 seconds
      memory              3521.09k
      OS Memory           29352.00k
      Timestamp           08/26/2026 06:54:04 PM
      Step Count                        435  Switch Count  9
      Page Faults                       0
      Page Reclaims                     598
      Page Swaps                        0
      Voluntary Context Switches        30
      Involuntary Context Switches      0
      Block Input Operations            0
      Block Output Operations           103944
      

NOTE: work._adm_chg has 62008 observations.

NOTE: There were 62008 observations read from the data set WORK._ADM_CHG.
NOTE: The data set WORK._ADM_VS18 has 62008 observations and 48 variables.
NOTE: DATA statement used (Total process time):
      real time           0.03 seconds
      user cpu time       0.01 seconds
      system cpu time     0.03 seconds
      memory              3522.34k
      OS Memory           29352.00k
      Timestamp           08/26/2026 06:54:04 PM
      Step Count                        436  Switch Count  2
      Page Faults                       0
      Page Reclaims                     598
      Page Swaps                        0
      Voluntary Context Switches        10
      Involuntary Context Switches      0
      Block Input Operations            0
      Block Output Operations           103944
      


NOTE: Deleting WORK._ADM_CHG (memtype=DATA).
NOTE: PROCEDURE DATASETS used (Total process time):
      real time           0.00 seconds
      user cpu time       0.00 seconds
      system cpu time     0.01 seconds
      memory              348.40k
      OS Memory           26020.00k
      Timestamp           08/26/2026 06:54:04 PM
      Step Count                        437  Switch Count  2
      Page Faults                       0
      Page Reclaims                     48
164                                                        The SAS System                     Wednesday, August 26, 2026 11:54:04 AM

      Page Swaps                        0
      Voluntary Context Switches        9
      Involuntary Context Switches      0
      Block Input Operations            0
      Block Output Operations           8
      


NOTE: There were 62008 observations read from the data set WORK._ADM_VS18.
NOTE: The data set WORK._ADM_PCHG has 62008 observations and 49 variables.
NOTE: DATA statement used (Total process time):
      real time           0.03 seconds
      user cpu time       0.01 seconds
      system cpu time     0.02 seconds
      memory              3525.65k
      OS Memory           29352.00k
      Timestamp           08/26/2026 06:54:04 PM
      Step Count                        438  Switch Count  2
      Page Faults                       0
      Page Reclaims                     598
      Page Swaps                        0
      Voluntary Context Switches        12
      Involuntary Context Switches      1
      Block Input Operations            0
      Block Output Operations           105224
      

NOTE: work._adm_pchg has 62008 observations.

NOTE: There were 62008 observations read from the data set WORK._ADM_PCHG.
NOTE: The data set WORK._ADM_VS19 has 62008 observations and 49 variables.
NOTE: DATA statement used (Total process time):
      real time           0.03 seconds
      user cpu time       0.01 seconds
      system cpu time     0.03 seconds
      memory              3523.56k
      OS Memory           29352.00k
      Timestamp           08/26/2026 06:54:04 PM
      Step Count                        439  Switch Count  2
      Page Faults                       0
      Page Reclaims                     598
      Page Swaps                        0
      Voluntary Context Switches        11
      Involuntary Context Switches      1
      Block Input Operations            0
      Block Output Operations           105224
      


NOTE: Deleting WORK._ADM_PCHG (memtype=DATA).
NOTE: PROCEDURE DATASETS used (Total process time):
      real time           0.00 seconds
      user cpu time       0.00 seconds
      system cpu time     0.00 seconds
      memory              350.84k
      OS Memory           26020.00k
      Timestamp           08/26/2026 06:54:04 PM
      Step Count                        440  Switch Count  2
165                                                        The SAS System                     Wednesday, August 26, 2026 11:54:04 AM

      Page Faults                       0
      Page Reclaims                     48
      Page Swaps                        0
      Voluntary Context Switches        9
      Involuntary Context Switches      0
      Block Input Operations            0
      Block Output Operations           8
      


NOTE: There were 62008 observations read from the data set WORK._ADM_VS19.
NOTE: The data set WORK._ADM_EX_ALL has 62008 observations and 51 variables.
NOTE: DATA statement used (Total process time):
      real time           0.03 seconds
      user cpu time       0.01 seconds
      system cpu time     0.03 seconds
      memory              3527.12k
      OS Memory           29352.00k
      Timestamp           08/26/2026 06:54:04 PM
      Step Count                        441  Switch Count  2
      Page Faults                       0
      Page Reclaims                     598
      Page Swaps                        0
      Voluntary Context Switches        11
      Involuntary Context Switches      1
      Block Input Operations            0
      Block Output Operations           105992
      


NOTE: There were 33876 observations read from the data set WORK._ADM_EX_ALL.
      WHERE (not MISSING(AVISITN)) and (ONTRTFL='Y');
NOTE: The data set WORK._ADM_EX_CAND has 33876 observations and 51 variables.
NOTE: DATA statement used (Total process time):
      real time           0.03 seconds
      user cpu time       0.02 seconds
      system cpu time     0.02 seconds
      memory              3544.71k
      OS Memory           29352.00k
      Timestamp           08/26/2026 06:54:04 PM
      Step Count                        442  Switch Count  2
      Page Faults                       0
      Page Reclaims                     598
      Page Swaps                        0
      Voluntary Context Switches        11
      Involuntary Context Switches      0
      Block Input Operations            0
      Block Output Operations           57864
      


NOTE: There were 33876 observations read from the data set WORK._ADM_EX_CAND.
NOTE: The data set WORK._ADM_EX_S has 33876 observations and 51 variables.
NOTE: PROCEDURE SORT used (Total process time):
      real time           0.04 seconds
      user cpu time       0.02 seconds
      system cpu time     0.03 seconds
      memory              39975.68k
166                                                        The SAS System                     Wednesday, August 26, 2026 11:54:04 AM

      OS Memory           64324.00k
      Timestamp           08/26/2026 06:54:04 PM
      Step Count                        443  Switch Count  2
      Page Faults                       0
      Page Reclaims                     9450
      Page Swaps                        0
      Voluntary Context Switches        11
      Involuntary Context Switches      2
      Block Input Operations            0
      Block Output Operations           57872
      


NOTE: There were 33876 observations read from the data set WORK._ADM_EX_S.
NOTE: The data set WORK._ADM_EX_FLG has 33876 observations and 2 variables.
NOTE: DATA statement used (Total process time):
      real time           0.01 seconds
      user cpu time       0.01 seconds
      system cpu time     0.01 seconds
      memory              2807.18k
      OS Memory           28072.00k
      Timestamp           08/26/2026 06:54:04 PM
      Step Count                        444  Switch Count  2
      Page Faults                       0
      Page Reclaims                     448
      Page Swaps                        0
      Voluntary Context Switches        10
      Involuntary Context Switches      0
      Block Input Operations            0
      Block Output Operations           1288
      


NOTE: There were 62008 observations read from the data set WORK._ADM_EX_ALL.
NOTE: The data set WORK._ADM_EX_ALL has 62008 observations and 51 variables.
NOTE: PROCEDURE SORT used (Total process time):
      real time           0.07 seconds
      user cpu time       0.02 seconds
      system cpu time     0.06 seconds
      memory              57513.62k
      OS Memory           82188.00k
      Timestamp           08/26/2026 06:54:04 PM
      Step Count                        445  Switch Count  2
      Page Faults                       0
      Page Reclaims                     14011
      Page Swaps                        0
      Voluntary Context Switches        11
      Involuntary Context Switches      0
      Block Input Operations            0
      Block Output Operations           105992
      


NOTE: There were 33876 observations read from the data set WORK._ADM_EX_FLG.
NOTE: The data set WORK._ADM_EX_FLG has 33876 observations and 2 variables.
NOTE: PROCEDURE SORT used (Total process time):
      real time           0.00 seconds
      user cpu time       0.00 seconds
167                                                        The SAS System                     Wednesday, August 26, 2026 11:54:04 AM

      system cpu time     0.00 seconds
      memory              3842.96k
      OS Memory           28988.00k
      Timestamp           08/26/2026 06:54:04 PM
      Step Count                        446  Switch Count  2
      Page Faults                       0
      Page Reclaims                     429
      Page Swaps                        0
      Voluntary Context Switches        10
      Involuntary Context Switches      0
      Block Input Operations            0
      Block Output Operations           1288
      


NOTE: There were 62008 observations read from the data set WORK._ADM_EX_ALL.
NOTE: There were 33876 observations read from the data set WORK._ADM_EX_FLG.
NOTE: The data set WORK._ADM_VS20 has 62008 observations and 50 variables.
NOTE: DATA statement used (Total process time):
      real time           0.04 seconds
      user cpu time       0.03 seconds
      system cpu time     0.02 seconds
      memory              4493.59k
      OS Memory           30252.00k
      Timestamp           08/26/2026 06:54:04 PM
      Step Count                        447  Switch Count  2
      Page Faults                       0
      Page Reclaims                     763
      Page Swaps                        0
      Voluntary Context Switches        12
      Involuntary Context Switches      1
      Block Input Operations            0
      Block Output Operations           105224
      


NOTE: Deleting WORK._ADM_EX_ALL (memtype=DATA).
NOTE: Deleting WORK._ADM_EX_CAND (memtype=DATA).
NOTE: Deleting WORK._ADM_EX_S (memtype=DATA).
NOTE: Deleting WORK._ADM_EX_FLG (memtype=DATA).
NOTE: PROCEDURE DATASETS used (Total process time):
      real time           0.01 seconds
      user cpu time       0.00 seconds
      system cpu time     0.01 seconds
      memory              351.56k
      OS Memory           26020.00k
      Timestamp           08/26/2026 06:54:04 PM
      Step Count                        448  Switch Count  8
      Page Faults                       0
      Page Reclaims                     48
      Page Swaps                        0
      Voluntary Context Switches        39
      Involuntary Context Switches      2
      Block Input Operations            0
      Block Output Operations           8
      

NOTE: work._adm_vs20 has 62008 observations.
168                                                        The SAS System                     Wednesday, August 26, 2026 11:54:04 AM


NOTE: There were 8233 observations read from the data set WORK._ADM_VS20.
      WHERE (AVISITN>4 and AVISITN<=13) and (ANL01FL='Y') and MISSING(DTYPE);
NOTE: The data set WORK._ADM_XR_CAND has 8233 observations and 50 variables.
NOTE: DATA statement used (Total process time):
      real time           0.02 seconds
      user cpu time       0.01 seconds
      system cpu time     0.02 seconds
      memory              3544.93k
      OS Memory           29352.00k
      Timestamp           08/26/2026 06:54:04 PM
      Step Count                        449  Switch Count  2
      Page Faults                       0
      Page Reclaims                     599
      Page Swaps                        0
      Voluntary Context Switches        12
      Involuntary Context Switches      0
      Block Input Operations            0
      Block Output Operations           14088
      


NOTE: There were 8233 observations read from the data set WORK._ADM_XR_CAND.
NOTE: The data set WORK._ADM_XR_S has 8233 observations and 50 variables.
NOTE: PROCEDURE SORT used (Total process time):
      real time           0.01 seconds
      user cpu time       0.00 seconds
      system cpu time     0.01 seconds
      memory              10790.25k
      OS Memory           35540.00k
      Timestamp           08/26/2026 06:54:04 PM
      Step Count                        450  Switch Count  2
      Page Faults                       0
      Page Reclaims                     2345
      Page Swaps                        0
      Voluntary Context Switches        12
      Involuntary Context Switches      1
      Block Input Operations            0
      Block Output Operations           14096
      


NOTE: There were 8233 observations read from the data set WORK._ADM_XR_S.
NOTE: The data set WORK._ADM_XR_NEW has 3024 observations and 50 variables.
NOTE: DATA statement used (Total process time):
      real time           0.00 seconds
      user cpu time       0.01 seconds
      system cpu time     0.00 seconds
      memory              3587.34k
      OS Memory           29352.00k
      Timestamp           08/26/2026 06:54:04 PM
      Step Count                        451  Switch Count  2
      Page Faults                       0
      Page Reclaims                     598
      Page Swaps                        0
      Voluntary Context Switches        11
      Involuntary Context Switches      0
      Block Input Operations            0
169                                                        The SAS System                     Wednesday, August 26, 2026 11:54:04 AM

      Block Output Operations           5384
      


NOTE: There were 62008 observations read from the data set WORK._ADM_VS20.
NOTE: There were 3024 observations read from the data set WORK._ADM_XR_NEW.
NOTE: The data set WORK._ADM_VS21 has 65032 observations and 50 variables.
NOTE: DATA statement used (Total process time):
      real time           0.04 seconds
      user cpu time       0.01 seconds
      system cpu time     0.04 seconds
      memory              5174.31k
      OS Memory           31404.00k
      Timestamp           08/26/2026 06:54:04 PM
      Step Count                        452  Switch Count  2
      Page Faults                       0
      Page Reclaims                     965
      Page Swaps                        0
      Voluntary Context Switches        11
      Involuntary Context Switches      0
      Block Input Operations            0
      Block Output Operations           110344
      

NOTE: Deleting WORK._ADM_XR_CAND (memtype=DATA).
NOTE: Deleting WORK._ADM_XR_S (memtype=DATA).
NOTE: Deleting WORK._ADM_XR_NEW (memtype=DATA).
NOTE: PROCEDURE DATASETS used (Total process time):
      real time           0.00 seconds
      user cpu time       0.00 seconds
      system cpu time     0.00 seconds
      memory              351.78k
      OS Memory           26020.00k
      Timestamp           08/26/2026 06:54:04 PM
      Step Count                        453  Switch Count  6
      Page Faults                       0
      Page Reclaims                     48
      Page Swaps                        0
      Voluntary Context Switches        29
      Involuntary Context Switches      1
      Block Input Operations            0
      Block Output Operations           8
      

NOTE: work._adm_vs21 has 65032 observations.

NOTE: There were 65032 observations read from the data set WORK._ADM_VS21.
NOTE: The data set WORK._ADM_VS22 has 65032 observations and 52 variables.
NOTE: DATA statement used (Total process time):
      real time           0.05 seconds
      user cpu time       0.02 seconds
      system cpu time     0.03 seconds
      memory              3533.50k
      OS Memory           29352.00k
      Timestamp           08/26/2026 06:54:04 PM
      Step Count                        454  Switch Count  2
      Page Faults                       0
      Page Reclaims                     598
170                                                        The SAS System                     Wednesday, August 26, 2026 11:54:04 AM

      Page Swaps                        0
      Voluntary Context Switches        12
      Involuntary Context Switches      0
      Block Input Operations            0
      Block Output Operations           135432
      


NOTE: There were 65032 observations read from the data set WORK._ADM_VS22.
NOTE: The data set WORK._ADM_OBS has 65032 observations and 58 variables.
NOTE: DATA statement used (Total process time):
      real time           0.05 seconds
      user cpu time       0.01 seconds
      system cpu time     0.04 seconds
      memory              3542.68k
      OS Memory           29352.00k
      Timestamp           08/26/2026 06:54:04 PM
      Step Count                        455  Switch Count  2
      Page Faults                       0
      Page Reclaims                     602
      Page Swaps                        0
      Voluntary Context Switches        12
      Involuntary Context Switches      0
      Block Input Operations            0
      Block Output Operations           142344
      


NOTE: There were 65032 observations read from the data set WORK._ADM_OBS.
NOTE: The data set WORK._ADM_OBS has 65032 observations and 58 variables.
NOTE: PROCEDURE SORT used (Total process time):
      real time           0.12 seconds
      user cpu time       0.04 seconds
      system cpu time     0.08 seconds
      memory              84241.53k
      OS Memory           108804.00k
      Timestamp           08/26/2026 06:54:04 PM
      Step Count                        456  Switch Count  2
      Page Faults                       0
      Page Reclaims                     20586
      Page Swaps                        0
      Voluntary Context Switches        13
      Involuntary Context Switches      1
      Block Input Operations            0
      Block Output Operations           142352
      


NOTE: There were 65032 observations read from the data set WORK._ADM_OBS.
NOTE: The data set WORK._ADM_VS23 has 65032 observations and 53 variables.
NOTE: DATA statement used (Total process time):
      real time           0.05 seconds
      user cpu time       0.01 seconds
      system cpu time     0.04 seconds
      memory              3591.43k
      OS Memory           29352.00k
      Timestamp           08/26/2026 06:54:04 PM
      Step Count                        457  Switch Count  2
171                                                        The SAS System                     Wednesday, August 26, 2026 11:54:04 AM

      Page Faults                       0
      Page Reclaims                     598
      Page Swaps                        0
      Voluntary Context Switches        11
      Involuntary Context Switches      0
      Block Input Operations            0
      Block Output Operations           136712
      


NOTE: Deleting WORK._ADM_OBS (memtype=DATA).
NOTE: PROCEDURE DATASETS used (Total process time):
      real time           0.00 seconds
      user cpu time       0.00 seconds
      system cpu time     0.00 seconds
      memory              351.59k
      OS Memory           26020.00k
      Timestamp           08/26/2026 06:54:04 PM
      Step Count                        458  Switch Count  2
      Page Faults                       0
      Page Reclaims                     48
      Page Swaps                        0
      Voluntary Context Switches        9
      Involuntary Context Switches      0
      Block Input Operations            0
      Block Output Operations           8
      

NOTE: m_adm_derive_var_obs_number missing-last ADM_OBS_NA_LAST=20260825P.

NOTE: There were 65032 observations read from the data set WORK._ADM_VS23.
NOTE: The data set WORK._ADM_VS24 has 65032 observations and 55 variables.
NOTE: DATA statement used (Total process time):
      real time           0.05 seconds
      user cpu time       0.02 seconds
      system cpu time     0.03 seconds
      memory              3546.65k
      OS Memory           29352.00k
      Timestamp           08/26/2026 06:54:04 PM
      Step Count                        459  Switch Count  2
      Page Faults                       0
      Page Reclaims                     598
      Page Swaps                        0
      Voluntary Context Switches        11
      Involuntary Context Switches      0
      Block Input Operations            0
      Block Output Operations           141328
      


NOTE: There were 9 observations read from the data set WORK._ADM_VS_PARAM_LOOKUP.
NOTE: 0 observations with duplicate key values were deleted.
NOTE: The data set WORK._ADM_PLU has 9 observations and 4 variables.
NOTE: PROCEDURE SORT used (Total process time):
      real time           0.00 seconds
      user cpu time       0.00 seconds
      system cpu time     0.00 seconds
      memory              1041.78k
172                                                        The SAS System                     Wednesday, August 26, 2026 11:54:04 AM

      OS Memory           26540.00k
      Timestamp           08/26/2026 06:54:04 PM
      Step Count                        460  Switch Count  2
      Page Faults                       0
      Page Reclaims                     147
      Page Swaps                        0
      Voluntary Context Switches        10
      Involuntary Context Switches      0
      Block Input Operations            0
      Block Output Operations           272
      


NOTE: There were 65032 observations read from the data set WORK._ADM_VS24.
NOTE: The data set WORK._ADM_PBASE has 65032 observations and 55 variables.
NOTE: PROCEDURE SORT used (Total process time):
      real time           0.10 seconds
      user cpu time       0.04 seconds
      system cpu time     0.06 seconds
      memory              75116.90k
      OS Memory           99596.00k
      Timestamp           08/26/2026 06:54:05 PM
      Step Count                        461  Switch Count  2
      Page Faults                       0
      Page Reclaims                     18376
      Page Swaps                        0
      Voluntary Context Switches        10
      Involuntary Context Switches      1
      Block Input Operations            0
      Block Output Operations           141328
      


NOTE: There were 65032 observations read from the data set WORK._ADM_PBASE.
NOTE: There were 9 observations read from the data set WORK._ADM_PLU.
NOTE: The data set WORK._ADM_VS25 has 65032 observations and 57 variables.
NOTE: DATA statement used (Total process time):
      real time           0.05 seconds
      user cpu time       0.01 seconds
      system cpu time     0.05 seconds
      memory              3986.59k
      OS Memory           29612.00k
      Timestamp           08/26/2026 06:54:05 PM
      Step Count                        462  Switch Count  2
      Page Faults                       0
      Page Reclaims                     632
      Page Swaps                        0
      Voluntary Context Switches        11
      Involuntary Context Switches      1
      Block Input Operations            0
      Block Output Operations           152840
      


NOTE: Deleting WORK._ADM_PLU (memtype=DATA).
NOTE: Deleting WORK._ADM_PBASE (memtype=DATA).
NOTE: PROCEDURE DATASETS used (Total process time):
      real time           0.00 seconds
173                                                        The SAS System                     Wednesday, August 26, 2026 11:54:05 AM

      user cpu time       0.00 seconds
      system cpu time     0.00 seconds
      memory              405.15k
      OS Memory           26020.00k
      Timestamp           08/26/2026 06:54:05 PM
      Step Count                        463  Switch Count  4
      Page Faults                       0
      Page Reclaims                     48
      Page Swaps                        0
      Voluntary Context Switches        18
      Involuntary Context Switches      1
      Block Input Operations            0
      Block Output Operations           8
      

NOTE: ADVS PARAM PARAMN overlay ADM_PARAM_OVERLAY=20260825N.

NOTE: The data set WORK._MRAS_A has 58 observations and 1 variables.
NOTE: PROCEDURE CONTENTS used (Total process time):
      real time           0.17 seconds
      user cpu time       0.01 seconds
      system cpu time     0.02 seconds
      memory              1158.21k
      OS Memory           26540.00k
      Timestamp           08/26/2026 06:54:05 PM
      Step Count                        464  Switch Count  2
      Page Faults                       0
      Page Reclaims                     149
      Page Swaps                        0
      Voluntary Context Switches        18
      Involuntary Context Switches      2
      Block Input Operations            0
      Block Output Operations           272
      


NOTE: The data set WORK._MRAS_R has 105 observations and 1 variables.
NOTE: PROCEDURE CONTENTS used (Total process time):
      real time           0.28 seconds
      user cpu time       0.00 seconds
      system cpu time     0.02 seconds
      memory              2377.40k
      OS Memory           27308.00k
      Timestamp           08/26/2026 06:54:05 PM
      Step Count                        465  Switch Count  2
      Page Faults                       0
      Page Reclaims                     341
      Page Swaps                        0
      Voluntary Context Switches        18
      Involuntary Context Switches      0
      Block Input Operations            0
      Block Output Operations           272
      


NOTE: The data set WORK._MRAS_D has 57 observations and 1 variables.
NOTE: PROCEDURE CONTENTS used (Total process time):
      real time           0.00 seconds
174                                                        The SAS System                     Wednesday, August 26, 2026 11:54:05 AM

      user cpu time       0.00 seconds
      system cpu time     0.00 seconds
      memory              2358.03k
      OS Memory           27308.00k
      Timestamp           08/26/2026 06:54:05 PM
      Step Count                        466  Switch Count  2
      Page Faults                       0
      Page Reclaims                     341
      Page Swaps                        0
      Voluntary Context Switches        9
      Involuntary Context Switches      0
      Block Input Operations            0
      Block Output Operations           272
      


NOTE: There were 58 observations read from the data set WORK._MRAS_A.
NOTE: The data set WORK._MRAS_A has 58 observations and 1 variables.
NOTE: DATA statement used (Total process time):
      real time           0.00 seconds
      user cpu time       0.00 seconds
      system cpu time     0.00 seconds
      memory              798.15k
      OS Memory           26280.00k
      Timestamp           08/26/2026 06:54:05 PM
      Step Count                        467  Switch Count  2
      Page Faults                       0
      Page Reclaims                     121
      Page Swaps                        0
      Voluntary Context Switches        10
      Involuntary Context Switches      0
      Block Input Operations            0
      Block Output Operations           264
      


NOTE: There were 105 observations read from the data set WORK._MRAS_R.
NOTE: The data set WORK._MRAS_R has 105 observations and 1 variables.
NOTE: DATA statement used (Total process time):
      real time           0.00 seconds
      user cpu time       0.00 seconds
      system cpu time     0.00 seconds
      memory              798.15k
      OS Memory           26280.00k
      Timestamp           08/26/2026 06:54:05 PM
      Step Count                        468  Switch Count  2
      Page Faults                       0
      Page Reclaims                     121
      Page Swaps                        0
      Voluntary Context Switches        12
      Involuntary Context Switches      0
      Block Input Operations            0
      Block Output Operations           264
      


NOTE: There were 57 observations read from the data set WORK._MRAS_D.
NOTE: The data set WORK._MRAS_D has 57 observations and 1 variables.
175                                                        The SAS System                     Wednesday, August 26, 2026 11:54:05 AM

NOTE: DATA statement used (Total process time):
      real time           0.00 seconds
      user cpu time       0.00 seconds
      system cpu time     0.00 seconds
      memory              798.15k
      OS Memory           26280.00k
      Timestamp           08/26/2026 06:54:05 PM
      Step Count                        469  Switch Count  2
      Page Faults                       0
      Page Reclaims                     121
      Page Swaps                        0
      Voluntary Context Switches        11
      Involuntary Context Switches      0
      Block Input Operations            0
      Block Output Operations           264
      

NOTE: The query as specified involves ordering by an item that doesn't appear in its SELECT clause.
NOTE: PROCEDURE SQL used (Total process time):
      real time           0.00 seconds
      user cpu time       0.00 seconds
      system cpu time     0.00 seconds
      memory              10389.15k
      OS Memory           34024.00k
      Timestamp           08/26/2026 06:54:05 PM
      Step Count                        470  Switch Count  0
      Page Faults                       0
      Page Reclaims                     264
      Page Swaps                        0
      Voluntary Context Switches        10
      Involuntary Context Switches      0
      Block Input Operations            0
      Block Output Operations           16
      


NOTE: Deleting WORK._MRAS_A (memtype=DATA).
NOTE: Deleting WORK._MRAS_R (memtype=DATA).
NOTE: Deleting WORK._MRAS_D (memtype=DATA).
NOTE: PROCEDURE DATASETS used (Total process time):
      real time           0.00 seconds
      user cpu time       0.00 seconds
      system cpu time     0.00 seconds
      memory              405.12k
      OS Memory           26276.00k
      Timestamp           08/26/2026 06:54:05 PM
      Step Count                        471  Switch Count  6
      Page Faults                       0
      Page Reclaims                     48
      Page Swaps                        0
      Voluntary Context Switches        29
      Involuntary Context Switches      0
      Block Input Operations            0
      Block Output Operations           8
      

NOTE: m_adm_merge_remaining_adsl ADM_REMAIN_ADSL=20260825R nadd=47 vars=ACTARM=ACTARM ACTARMCD=ACTARMCD AGE=AGE AGEGR1=AGEGR1 
AGEU=AGEU ARM=ARM ARMCD=ARMCD COUNTRY=COUNTRY DMDTC=DMDTC DMDY=DMDY DTH30FL=DTH30FL DTHA30FL=DTHA30FL DTHADY=DTHADY 
176                                                        The SAS System                     Wednesday, August 26, 2026 11:54:05 AM

DTHB30FL=DTHB30FL DTHCAUS=DTHCAUS DTHCGR1=DTHCGR1 DTHDOM=DTHDOM DTHDT=DTHDT DTHDTC=DTHDTC DTHDTF=DTHDTF DTHFL=DTHFL EOSDT=EOSDT 
EOSSTT=EOSSTT ETHNIC=ETHNIC FRVDT=FRVDT LDDTHELD=LDDTHELD LDDTHGR1=LDDTHGR1 RACE=RACE RACEGR1=RACEGR1 RANDDT=RANDDT REGION1=REGION1 
RFENDTC=RFENDTC RFICDTC=RFICDTC RFPENDTC=RFPENDTC RFSTDTC=RFSTDTC RFXENDTC=RFXENDTC RFXSTDTC=RFXSTDTC SAFFL=SAFFL SCRFDT=SCRFDT 
SEX=SEX SITEID=SITEID SUBJID=SUBJID TRTDURD=TRTDURD TRTEDTM=TRTEDTM TRTETMF=TRTETMF TRTSDTM=TRTSDTM TRTSTMF=TRTSTMF

NOTE: There were 306 observations read from the data set ADAM.ADSL.
      WHERE 1 /* an obviously TRUE WHERE clause */ ;
NOTE: The data set WORK._DVJ_ADD has 306 observations and 58 variables.
NOTE: DATA statement used (Total process time):
      real time           0.15 seconds
      user cpu time       0.01 seconds
      system cpu time     0.02 seconds
      memory              1194.68k
      OS Memory           26536.00k
      Timestamp           08/26/2026 06:54:05 PM
      Step Count                        472  Switch Count  2
      Page Faults                       0
      Page Reclaims                     91
      Page Swaps                        0
      Voluntary Context Switches        21
      Involuntary Context Switches      0
      Block Input Operations            0
      Block Output Operations           520
      


NOTE: There were 65032 observations read from the data set WORK._ADM_VS25.
NOTE: The data set WORK._DVJ_BASE has 65032 observations and 58 variables.
NOTE: DATA statement used (Total process time):
      real time           0.05 seconds
      user cpu time       0.01 seconds
      system cpu time     0.05 seconds
      memory              3546.84k
      OS Memory           29608.00k
      Timestamp           08/26/2026 06:54:05 PM
      Step Count                        473  Switch Count  2
      Page Faults                       0
      Page Reclaims                     598
      Page Swaps                        0
      Voluntary Context Switches        11
      Involuntary Context Switches      1
      Block Input Operations            0
      Block Output Operations           152840
      

NOTE: Table WORK._DVJ_JOINED created, with 65032 rows and 106 columns.

NOTE: PROCEDURE SQL used (Total process time):
      real time           0.21 seconds
      user cpu time       0.09 seconds
      system cpu time     0.14 seconds
      memory              88401.32k
      OS Memory           112304.00k
      Timestamp           08/26/2026 06:54:06 PM
      Step Count                        474  Switch Count  3
      Page Faults                       0
      Page Reclaims                     21620
      Page Swaps                        0
177                                                        The SAS System                     Wednesday, August 26, 2026 11:54:06 AM

      Voluntary Context Switches        1294
      Involuntary Context Switches      3
      Block Input Operations            0
      Block Output Operations           369688
      


NOTE: There were 65032 observations read from the data set WORK._DVJ_JOINED.
NOTE: The data set WORK._DVJ_JOINED has 65032 observations and 106 variables.
NOTE: PROCEDURE SORT used (Total process time):
      real time           0.16 seconds
      user cpu time       0.05 seconds
      system cpu time     0.11 seconds
      memory              111221.34k
      OS Memory           135940.00k
      Timestamp           08/26/2026 06:54:06 PM
      Step Count                        475  Switch Count  2
      Page Faults                       0
      Page Reclaims                     27246
      Page Swaps                        0
      Voluntary Context Switches        11
      Involuntary Context Switches      0
      Block Input Operations            0
      Block Output Operations           210952
      


NOTE: There were 65032 observations read from the data set WORK._DVJ_JOINED.
NOTE: The data set WORK._DVJ_OUT has 65032 observations and 106 variables.
NOTE: DATA statement used (Total process time):
      real time           0.07 seconds
      user cpu time       0.02 seconds
      system cpu time     0.06 seconds
      memory              3623.28k
      OS Memory           29608.00k
      Timestamp           08/26/2026 06:54:06 PM
      Step Count                        476  Switch Count  2
      Page Faults                       0
      Page Reclaims                     598
      Page Swaps                        0
      Voluntary Context Switches        11
      Involuntary Context Switches      0
      Block Input Operations            0
      Block Output Operations           210952
      


NOTE: There were 65032 observations read from the data set WORK._DVJ_OUT.
NOTE: The data set WORK._ADM_VS26 has 65032 observations and 104 variables.
NOTE: DATA statement used (Total process time):
      real time           0.07 seconds
      user cpu time       0.03 seconds
      system cpu time     0.05 seconds
      memory              3600.18k
      OS Memory           29608.00k
      Timestamp           08/26/2026 06:54:06 PM
      Step Count                        477  Switch Count  2
      Page Faults                       0
178                                                        The SAS System                     Wednesday, August 26, 2026 11:54:06 AM

      Page Reclaims                     598
      Page Swaps                        0
      Voluntary Context Switches        11
      Involuntary Context Switches      0
      Block Input Operations            0
      Block Output Operations           208392
      


NOTE: The data set WORK._DVJ_IN_LBL has 57 observations and 41 variables.
NOTE: PROCEDURE CONTENTS used (Total process time):
      real time           0.00 seconds
      user cpu time       0.00 seconds
      system cpu time     0.00 seconds
      memory              2411.71k
      OS Memory           27564.00k
      Timestamp           08/26/2026 06:54:06 PM
      Step Count                        478  Switch Count  2
      Page Faults                       0
      Page Reclaims                     328
      Page Swaps                        0
      Voluntary Context Switches        9
      Involuntary Context Switches      0
      Block Input Operations            0
      Block Output Operations           272
      


NOTE: The data set WORK._DVJ_OUT_LBL has 104 observations and 41 variables.
NOTE: PROCEDURE CONTENTS used (Total process time):
      real time           0.00 seconds
      user cpu time       0.00 seconds
      system cpu time     0.00 seconds
      memory              2426.15k
      OS Memory           27564.00k
      Timestamp           08/26/2026 06:54:06 PM
      Step Count                        479  Switch Count  2
      Page Faults                       0
      Page Reclaims                     318
      Page Swaps                        0
      Voluntary Context Switches        10
      Involuntary Context Switches      0
      Block Input Operations            0
      Block Output Operations           272
      

NOTE: There were 57 observations read from the data set WORK._DVJ_IN_LBL.
NOTE: The data set WORK._DVJ_IN_LBL has 57 observations and 41 variables.
NOTE: DATA statement used (Total process time):
      real time           0.00 seconds
      user cpu time       0.00 seconds
      system cpu time     0.00 seconds
      memory              899.43k
      OS Memory           26536.00k
      Timestamp           08/26/2026 06:54:06 PM
      Step Count                        480  Switch Count  2
      Page Faults                       0
      Page Reclaims                     108
179                                                        The SAS System                     Wednesday, August 26, 2026 11:54:06 AM

      Page Swaps                        0
      Voluntary Context Switches        11
      Involuntary Context Switches      0
      Block Input Operations            0
      Block Output Operations           264
      


NOTE: There were 104 observations read from the data set WORK._DVJ_OUT_LBL.
NOTE: The data set WORK._DVJ_OUT_LBL has 104 observations and 41 variables.
NOTE: DATA statement used (Total process time):
      real time           0.00 seconds
      user cpu time       0.00 seconds
      system cpu time     0.00 seconds
      memory              900.84k
      OS Memory           26536.00k
      Timestamp           08/26/2026 06:54:06 PM
      Step Count                        481  Switch Count  2
      Page Faults                       0
      Page Reclaims                     98
      Page Swaps                        0
      Voluntary Context Switches        13
      Involuntary Context Switches      0
      Block Input Operations            0
      Block Output Operations           264
      


NOTE: There were 57 observations read from the data set WORK._DVJ_IN_LBL.
NOTE: The data set WORK._DVJ_IN_LBL has 57 observations and 41 variables.
NOTE: PROCEDURE SORT used (Total process time):
      real time           0.00 seconds
      user cpu time       0.01 seconds
      system cpu time     0.00 seconds
      memory              848.18k
      OS Memory           26536.00k
      Timestamp           08/26/2026 06:54:06 PM
      Step Count                        482  Switch Count  2
      Page Faults                       0
      Page Reclaims                     100
      Page Swaps                        0
      Voluntary Context Switches        11
      Involuntary Context Switches      1
      Block Input Operations            0
      Block Output Operations           264
      


NOTE: There were 104 observations read from the data set WORK._DVJ_OUT_LBL.
NOTE: The data set WORK._DVJ_OUT_LBL has 104 observations and 41 variables.
NOTE: PROCEDURE SORT used (Total process time):
      real time           0.00 seconds
      user cpu time       0.00 seconds
      system cpu time     0.00 seconds
      memory              847.09k
      OS Memory           26536.00k
      Timestamp           08/26/2026 06:54:06 PM
      Step Count                        483  Switch Count  2
180                                                        The SAS System                     Wednesday, August 26, 2026 11:54:06 AM

      Page Faults                       0
      Page Reclaims                     90
      Page Swaps                        0
      Voluntary Context Switches        10
      Involuntary Context Switches      1
      Block Input Operations            0
      Block Output Operations           264
      


NOTE: There were 104 observations read from the data set WORK._DVJ_OUT_LBL.
NOTE: There were 57 observations read from the data set WORK._DVJ_IN_LBL.
NOTE: The data set WORK._DVJ_RELABEL has 26 observations and 2 variables.
NOTE: DATA statement used (Total process time):
      real time           0.00 seconds
      user cpu time       0.00 seconds
      system cpu time     0.00 seconds
      memory              1247.21k
      OS Memory           26796.00k
      Timestamp           08/26/2026 06:54:06 PM
      Step Count                        484  Switch Count  2
      Page Faults                       0
      Page Reclaims                     154
      Page Swaps                        0
      Voluntary Context Switches        11
      Involuntary Context Switches      0
      Block Input Operations            0
      Block Output Operations           264
      

NOTE: PROCEDURE SQL used (Total process time):
      real time           0.00 seconds
      user cpu time       0.00 seconds
      system cpu time     0.00 seconds
      memory              5456.18k
      OS Memory           31400.00k
      Timestamp           08/26/2026 06:54:06 PM
      Step Count                        485  Switch Count  0
      Page Faults                       0
      Page Reclaims                     52
      Page Swaps                        0
      Voluntary Context Switches        0
      Involuntary Context Switches      0
      Block Input Operations            0
      Block Output Operations           0
      


NOTE: There were 26 observations read from the data set WORK._DVJ_RELABEL.
NOTE: DATA statement used (Total process time):
      real time           0.00 seconds
      user cpu time       0.00 seconds
      system cpu time     0.01 seconds
      memory              626.15k
      OS Memory           26276.00k
      Timestamp           08/26/2026 06:54:06 PM
      Step Count                        486  Switch Count  0
      Page Faults                       0
181                                                        The SAS System                     Wednesday, August 26, 2026 11:54:06 AM

      Page Reclaims                     57
      Page Swaps                        0
      Voluntary Context Switches        0
      Involuntary Context Switches      0
      Block Input Operations            0
      Block Output Operations           0
      

NOTE: CALL EXECUTE generated line.
1         + proc datasets lib=WORK nolist; modify _ADM_VS26;
2         + label DOMAIN='Domain Abbreviation
3         +                ';
4         + label STUDYID='Study Identifier
5         +                 ';
6         + label TRTEDT='Date of Last Exposure to Treatment
7         +                ';
8         + label TRTSDT='Date of First Exposure to Treatment
9         +                ';
10        + label USUBJID='Unique Subject Identifier
11        +                 ';
12        + label VISIT='Visit Name
13        +               ';
14        + label VISITDY='Planned Study Day of Visit
15        +                 ';
16        + label VISITNUM='Visit Number
17        +                  ';
18        + label VSBLFL='Baseline Flag
19        +                ';
20        + label VSDTC='Date/Time of Measurements
21        +               ';
22        + label VSDY='Study Day of Vital Signs
23        +              ';
24        + label VSELTM='Planned Elapsed Time from Time Point Ref
25        +                ';
26        + label VSLOC='Location of Vital Signs Measurement
27        +               ';
28        + label VSORRES='Result or Finding in Original Units
29        +                 ';
30        + label VSORRESU='Original Units
31        +                  ';
32        + label VSPOS='Vital Signs Position of Subject
33        +               ';
34        + label VSSEQ='Sequence Number
35        +               ';
36        + label VSSTAT='Completion Status
37        +                ';
38        + label VSSTRESC='Character Result/Finding in Std Format
39        +                  ';
40        + label VSSTRESN='Numeric Result/Finding in Standard Units
41        +                  ';
42        + label VSSTRESU='Standard Units
43        +                  ';
44        + label VSTEST='Vital Signs Test Name
45        +                ';
46        + label VSTESTCD='Vital Signs Test Short Name
47        +                  ';
48        + label VSTPT='Planned Time Point Name
49        +               ';
182                                                        The SAS System                     Wednesday, August 26, 2026 11:54:06 AM

50        + label VSTPTNUM='Planned Time Point Number
51        +                  ';
52        + label VSTPTREF='Time Point Reference
53        +                  ';
54        + quit;

NOTE: MODIFY was successful for WORK._ADM_VS26.DATA.
NOTE: PROCEDURE DATASETS used (Total process time):
      real time           0.00 seconds
      user cpu time       0.01 seconds
      system cpu time     0.00 seconds
      memory              1874.00k
      OS Memory           27044.00k
      Timestamp           08/26/2026 06:54:06 PM
      Step Count                        487  Switch Count  0
      Page Faults                       0
      Page Reclaims                     274
      Page Swaps                        0
      Voluntary Context Switches        0
      Involuntary Context Switches      1
      Block Input Operations            0
      Block Output Operations           16
      

NOTE: m_derive_vars_joined restored 26 label(s) on WORK._ADM_VS26

NOTE: Deleting WORK._DVJ_ADD (memtype=DATA).
NOTE: Deleting WORK._DVJ_BASE (memtype=DATA).
NOTE: Deleting WORK._DVJ_JOINED (memtype=DATA).
NOTE: Deleting WORK._DVJ_OUT (memtype=DATA).
NOTE: Deleting WORK._DVJ_IN_LBL (memtype=DATA).
NOTE: Deleting WORK._DVJ_OUT_LBL (memtype=DATA).
NOTE: Deleting WORK._DVJ_RELABEL (memtype=DATA).
NOTE: PROCEDURE DATASETS used (Total process time):
      real time           0.02 seconds
      user cpu time       0.00 seconds
      system cpu time     0.02 seconds
      memory              413.59k
      OS Memory           26276.00k
      Timestamp           08/26/2026 06:54:06 PM
      Step Count                        488  Switch Count  14
      Page Faults                       0
      Page Reclaims                     48
      Page Swaps                        0
      Voluntary Context Switches        64
      Involuntary Context Switches      6
      Block Input Operations            0
      Block Output Operations           8
      

NOTE: work._adm_vs26 has 65032 observations.

NOTE: The data set WORK._MOVR_PREF has 105 observations and 2 variables.
NOTE: PROCEDURE CONTENTS used (Total process time):
      real time           0.12 seconds
      user cpu time       0.00 seconds
      system cpu time     0.02 seconds
      memory              2378.09k
183                                                        The SAS System                     Wednesday, August 26, 2026 11:54:06 AM

      OS Memory           27564.00k
      Timestamp           08/26/2026 06:54:06 PM
      Step Count                        489  Switch Count  2
      Page Faults                       0
      Page Reclaims                     340
      Page Swaps                        0
      Voluntary Context Switches        19
      Involuntary Context Switches      2
      Block Input Operations            0
      Block Output Operations           280
      


NOTE: There were 105 observations read from the data set WORK._MOVR_PREF.
NOTE: The data set WORK._MOVR_PREF has 105 observations and 2 variables.
NOTE: DATA statement used (Total process time):
      real time           0.00 seconds
      user cpu time       0.00 seconds
      system cpu time     0.00 seconds
      memory              812.09k
      OS Memory           26536.00k
      Timestamp           08/26/2026 06:54:06 PM
      Step Count                        490  Switch Count  2
      Page Faults                       0
      Page Reclaims                     120
      Page Swaps                        0
      Voluntary Context Switches        11
      Involuntary Context Switches      1
      Block Input Operations            0
      Block Output Operations           264
      

NOTE: m_order_vars_like_ref using REF order from ref_pva.refadvs

NOTE: The data set WORK._MOVR_HAVE has 104 observations and 2 variables.
NOTE: PROCEDURE CONTENTS used (Total process time):
      real time           0.00 seconds
      user cpu time       0.00 seconds
      system cpu time     0.00 seconds
      memory              2373.71k
      OS Memory           27564.00k
      Timestamp           08/26/2026 06:54:06 PM
      Step Count                        491  Switch Count  2
      Page Faults                       0
      Page Reclaims                     340
      Page Swaps                        0
      Voluntary Context Switches        9
      Involuntary Context Switches      0
      Block Input Operations            0
      Block Output Operations           272
      


NOTE: There were 104 observations read from the data set WORK._MOVR_HAVE.
NOTE: The data set WORK._MOVR_HAVE has 104 observations and 2 variables.
NOTE: DATA statement used (Total process time):
      real time           0.00 seconds
      user cpu time       0.00 seconds
184                                                        The SAS System                     Wednesday, August 26, 2026 11:54:06 AM

      system cpu time     0.00 seconds
      memory              808.03k
      OS Memory           26536.00k
      Timestamp           08/26/2026 06:54:06 PM
      Step Count                        492  Switch Count  2
      Page Faults                       0
      Page Reclaims                     120
      Page Swaps                        0
      Voluntary Context Switches        11
      Involuntary Context Switches      0
      Block Input Operations            0
      Block Output Operations           264
      


NOTE: The data set WORK._MOVR_EXTRA has 0 observations and 2 variables.
NOTE: DATA statement used (Total process time):
      real time           0.00 seconds
      user cpu time       0.00 seconds
      system cpu time     0.00 seconds
      memory              529.81k
      OS Memory           26276.00k
      Timestamp           08/26/2026 06:54:06 PM
      Step Count                        493  Switch Count  2
      Page Faults                       0
      Page Reclaims                     87
      Page Swaps                        0
      Voluntary Context Switches        11
      Involuntary Context Switches      0
      Block Input Operations            0
      Block Output Operations           264
      

NOTE: Table WORK._MOVR_CORE created, with 104 rows and 2 columns.

NOTE: Table WORK._MOVR_XOK0 created, with 0 rows and 2 columns.

NOTE: PROCEDURE SQL used (Total process time):
      real time           0.00 seconds
      user cpu time       0.00 seconds
      system cpu time     0.01 seconds
      memory              6975.40k
      OS Memory           31660.00k
      Timestamp           08/26/2026 06:54:06 PM
      Step Count                        494  Switch Count  5
      Page Faults                       0
      Page Reclaims                     413
      Page Swaps                        0
      Voluntary Context Switches        35
      Involuntary Context Switches      1
      Block Input Operations            0
      Block Output Operations           536
      


NOTE: There were 0 observations read from the data set WORK._MOVR_XOK0.
NOTE: The data set WORK._MOVR_XOK has 0 observations and 3 variables.
NOTE: DATA statement used (Total process time):
185                                                        The SAS System                     Wednesday, August 26, 2026 11:54:06 AM

      real time           0.00 seconds
      user cpu time       0.00 seconds
      system cpu time     0.00 seconds
      memory              796.09k
      OS Memory           26536.00k
      Timestamp           08/26/2026 06:54:06 PM
      Step Count                        495  Switch Count  2
      Page Faults                       0
      Page Reclaims                     121
      Page Swaps                        0
      Voluntary Context Switches        11
      Involuntary Context Switches      0
      Block Input Operations            0
      Block Output Operations           264
      

NOTE: Table WORK._MOVR_XSLOT created, with 0 rows and 3 columns.

NOTE: Table WORK._MOVR_CSLOT created, with 104 rows and 3 columns.

NOTE: Table WORK._MOVR_UNION created, with 104 rows and 3 columns.

NOTE: Table WORK._MOVR_FINAL created, with 104 rows and 2 columns.

NOTE: Table WORK._MOVR_DEDUP created, with 104 rows and 2 columns.

NOTE: The query as specified involves ordering by an item that doesn't appear in its SELECT clause.
NOTE: PROCEDURE SQL used (Total process time):
      real time           0.01 seconds
      user cpu time       0.01 seconds
      system cpu time     0.01 seconds
      memory              6761.84k
      OS Memory           31660.00k
      Timestamp           08/26/2026 06:54:06 PM
      Step Count                        496  Switch Count  10
      Page Faults                       0
      Page Reclaims                     940
      Page Swaps                        0
      Voluntary Context Switches        79
      Involuntary Context Switches      4
      Block Input Operations            0
      Block Output Operations           1344
      


NOTE: There were 65032 observations read from the data set WORK._ADM_VS26.
NOTE: The data set ADAM.ADVS has 65032 observations and 104 variables.
NOTE: DATA statement used (Total process time):
      real time           0.98 seconds
      user cpu time       0.02 seconds
      system cpu time     0.12 seconds
      memory              3669.18k
      OS Memory           29608.00k
      Timestamp           08/26/2026 06:54:07 PM
      Step Count                        497  Switch Count  1
      Page Faults                       0
      Page Reclaims                     598
      Page Swaps                        0
186                                                        The SAS System                     Wednesday, August 26, 2026 11:54:07 AM

      Voluntary Context Switches        2424
      Involuntary Context Switches      2
      Block Input Operations            0
      Block Output Operations           208392
      


NOTE: Deleting WORK._MOVR_PREF (memtype=DATA).
NOTE: Deleting WORK._MOVR_HAVE (memtype=DATA).
NOTE: Deleting WORK._MOVR_EXTRA (memtype=DATA).
NOTE: Deleting WORK._MOVR_CORE (memtype=DATA).
NOTE: Deleting WORK._MOVR_XOK (memtype=DATA).
NOTE: Deleting WORK._MOVR_XSLOT (memtype=DATA).
NOTE: Deleting WORK._MOVR_CSLOT (memtype=DATA).
NOTE: Deleting WORK._MOVR_UNION (memtype=DATA).
NOTE: Deleting WORK._MOVR_FINAL (memtype=DATA).
NOTE: Deleting WORK._MOVR_DEDUP (memtype=DATA).
NOTE: PROCEDURE DATASETS used (Total process time):
      real time           0.00 seconds
      user cpu time       0.01 seconds
      system cpu time     0.00 seconds
      memory              425.59k
      OS Memory           26276.00k
      Timestamp           08/26/2026 06:54:07 PM
      Step Count                        498  Switch Count  20
      Page Faults                       0
      Page Reclaims                     48
      Page Swaps                        0
      Voluntary Context Switches        91
      Involuntary Context Switches      0
      Block Input Operations            0
      Block Output Operations           8
      

NOTE: m_order_vars_like_ref done -> adam.advs

NOTE: There were 65032 observations read from the data set ADAM.ADVS.
NOTE: The data set ADAM.ADVS has 65032 observations and 104 variables.
NOTE: PROCEDURE SORT used (Total process time):
      real time           2.29 seconds
      user cpu time       0.05 seconds
      system cpu time     0.22 seconds
      memory              115571.06k
      OS Memory           140304.00k
      Timestamp           08/26/2026 06:54:09 PM
      Step Count                        499  Switch Count  6
      Page Faults                       0
      Page Reclaims                     28379
      Page Swaps                        0
      Voluntary Context Switches        3867
      Involuntary Context Switches      2
      Block Input Operations            0
      Block Output Operations           208392
      


NOTE: Deleting WORK._ADM_VS_PARAM_LOOKUP (memtype=DATA).
NOTE: Deleting WORK._ADM_VS_RANGE_LOOKUP (memtype=DATA).
187                                                        The SAS System                     Wednesday, August 26, 2026 11:54:09 AM

NOTE: Deleting WORK._ADM_VS0 (memtype=DATA).
NOTE: Deleting WORK._ADM_VS01 (memtype=DATA).
NOTE: Deleting WORK._ADM_VS02 (memtype=DATA).
NOTE: Deleting WORK._ADM_VS03 (memtype=DATA).
NOTE: Deleting WORK._ADM_VS04 (memtype=DATA).
NOTE: Deleting WORK._ADM_VS05 (memtype=DATA).
NOTE: Deleting WORK._ADM_VS06 (memtype=DATA).
NOTE: Deleting WORK._ADM_VS07 (memtype=DATA).
NOTE: Deleting WORK._ADM_VS08 (memtype=DATA).
NOTE: Deleting WORK._ADM_VS09 (memtype=DATA).
NOTE: Deleting WORK._ADM_VS10 (memtype=DATA).
NOTE: Deleting WORK._ADM_VS11 (memtype=DATA).
NOTE: Deleting WORK._ADM_VS12 (memtype=DATA).
NOTE: Deleting WORK._ADM_VS13 (memtype=DATA).
NOTE: Deleting WORK._ADM_VS14 (memtype=DATA).
NOTE: Deleting WORK._ADM_VS15 (memtype=DATA).
NOTE: Deleting WORK._ADM_VS16 (memtype=DATA).
NOTE: Deleting WORK._ADM_VS17 (memtype=DATA).
NOTE: Deleting WORK._ADM_VS18 (memtype=DATA).
NOTE: Deleting WORK._ADM_VS19 (memtype=DATA).
NOTE: Deleting WORK._ADM_VS20 (memtype=DATA).
NOTE: Deleting WORK._ADM_VS21 (memtype=DATA).
NOTE: Deleting WORK._ADM_VS22 (memtype=DATA).
NOTE: Deleting WORK._ADM_VS23 (memtype=DATA).
NOTE: Deleting WORK._ADM_VS24 (memtype=DATA).
NOTE: Deleting WORK._ADM_VS25 (memtype=DATA).
NOTE: Deleting WORK._ADM_VS26 (memtype=DATA).
NOTE: PROCEDURE DATASETS used (Total process time):
      real time           0.11 seconds
      user cpu time       0.00 seconds
      system cpu time     0.10 seconds
      memory              412.25k
      OS Memory           26276.00k
      Timestamp           08/26/2026 06:54:09 PM
      Step Count                        500  Switch Count  58
      Page Faults                       0
      Page Reclaims                     48
      Page Swaps                        0
      Voluntary Context Switches        260
      Involuntary Context Switches      29
      Block Input Operations            0
      Block Output Operations           16
      

NOTE: adam.advs has 65032 observations.
NOTE: m_advs_admiral_mirror complete -> adam.advs
NOTE: ADEG builder = m_adeg_admiral_mirror (ad_adeg.R 1:1).
NOTE: m_adeg_admiral_mirror - pure ad_adeg.R 1:1 sequence starting.

NOTE: The data set WORK._ADM_PARAM_LOOKUP has 8 observations and 4 variables.
NOTE: DATA statement used (Total process time):
      real time           0.00 seconds
      user cpu time       0.00 seconds
      system cpu time     0.01 seconds
      memory              543.37k
      OS Memory           26276.00k
      Timestamp           08/26/2026 06:54:10 PM
      Step Count                        501  Switch Count  2
188                                                        The SAS System                     Wednesday, August 26, 2026 11:54:10 AM

      Page Faults                       0
      Page Reclaims                     87
      Page Swaps                        0
      Voluntary Context Switches        10
      Involuntary Context Switches      0
      Block Input Operations            0
      Block Output Operations           264
      


NOTE: The data set WORK._ADM_RANGE_LOOKUP has 8 observations and 3 variables.
NOTE: DATA statement used (Total process time):
      real time           0.00 seconds
      user cpu time       0.00 seconds
      system cpu time     0.00 seconds
      memory              533.81k
      OS Memory           26276.00k
      Timestamp           08/26/2026 06:54:10 PM
      Step Count                        502  Switch Count  2
      Page Faults                       0
      Page Reclaims                     87
      Page Swaps                        0
      Voluntary Context Switches        10
      Involuntary Context Switches      0
      Block Input Operations            0
      Block Output Operations           264
      


NOTE: There were 26717 observations read from the data set RAW.EG.
NOTE: The data set WORK._ADM_EG0 has 26717 observations and 23 variables.
NOTE: DATA statement used (Total process time):
      real time           0.31 seconds
      user cpu time       0.03 seconds
      system cpu time     0.02 seconds
      memory              3470.09k
      OS Memory           29608.00k
      Timestamp           08/26/2026 06:54:10 PM
      Step Count                        503  Switch Count  2
      Page Faults                       0
      Page Reclaims                     601
      Page Swaps                        0
      Voluntary Context Switches        57
      Involuntary Context Switches      0
      Block Input Operations            0
      Block Output Operations           9736
      


NOTE: There were 306 observations read from the data set ADAM.ADSL.
      WHERE 1 /* an obviously TRUE WHERE clause */ ;
NOTE: The data set WORK._DVJ_ADD has 306 observations and 58 variables.
NOTE: DATA statement used (Total process time):
      real time           0.09 seconds
      user cpu time       0.00 seconds
      system cpu time     0.02 seconds
      memory              1193.12k
      OS Memory           26536.00k
189                                                        The SAS System                     Wednesday, August 26, 2026 11:54:10 AM

      Timestamp           08/26/2026 06:54:10 PM
      Step Count                        504  Switch Count  2
      Page Faults                       0
      Page Reclaims                     91
      Page Swaps                        0
      Voluntary Context Switches        20
      Involuntary Context Switches      0
      Block Input Operations            0
      Block Output Operations           520
      


NOTE: There were 26717 observations read from the data set WORK._ADM_EG0.
NOTE: The data set WORK._DVJ_BASE has 26717 observations and 24 variables.
NOTE: DATA statement used (Total process time):
      real time           0.00 seconds
      user cpu time       0.01 seconds
      system cpu time     0.00 seconds
      memory              3446.59k
      OS Memory           29608.00k
      Timestamp           08/26/2026 06:54:10 PM
      Step Count                        505  Switch Count  2
      Page Faults                       0
      Page Reclaims                     598
      Page Swaps                        0
      Voluntary Context Switches        11
      Involuntary Context Switches      0
      Block Input Operations            0
      Block Output Operations           10248
      

NOTE: Table WORK._DVJ_JOINED created, with 26717 rows and 29 columns.

NOTE: PROCEDURE SQL used (Total process time):
      real time           0.03 seconds
      user cpu time       0.02 seconds
      system cpu time     0.02 seconds
      memory              14417.51k
      OS Memory           38836.00k
      Timestamp           08/26/2026 06:54:10 PM
      Step Count                        506  Switch Count  2
      Page Faults                       0
      Page Reclaims                     2935
      Page Swaps                        0
      Voluntary Context Switches        93
      Involuntary Context Switches      2
      Block Input Operations            0
      Block Output Operations           32280
      


NOTE: There were 26717 observations read from the data set WORK._DVJ_JOINED.
NOTE: The data set WORK._DVJ_JOINED has 26717 observations and 29 variables.
NOTE: PROCEDURE SORT used (Total process time):
      real time           0.02 seconds
      user cpu time       0.01 seconds
      system cpu time     0.02 seconds
      memory              14837.46k
190                                                        The SAS System                     Wednesday, August 26, 2026 11:54:10 AM

      OS Memory           39900.00k
      Timestamp           08/26/2026 06:54:10 PM
      Step Count                        507  Switch Count  2
      Page Faults                       0
      Page Reclaims                     3412
      Page Swaps                        0
      Voluntary Context Switches        11
      Involuntary Context Switches      0
      Block Input Operations            0
      Block Output Operations           22024
      


NOTE: There were 26717 observations read from the data set WORK._DVJ_JOINED.
NOTE: The data set WORK._DVJ_OUT has 26717 observations and 29 variables.
NOTE: DATA statement used (Total process time):
      real time           0.01 seconds
      user cpu time       0.00 seconds
      system cpu time     0.00 seconds
      memory              3538.50k
      OS Memory           29608.00k
      Timestamp           08/26/2026 06:54:10 PM
      Step Count                        508  Switch Count  2
      Page Faults                       0
      Page Reclaims                     598
      Page Swaps                        0
      Voluntary Context Switches        12
      Involuntary Context Switches      0
      Block Input Operations            0
      Block Output Operations           22024
      


NOTE: There were 26717 observations read from the data set WORK._DVJ_OUT.
NOTE: The data set WORK._ADM_01 has 26717 observations and 27 variables.
NOTE: DATA statement used (Total process time):
      real time           0.01 seconds
      user cpu time       0.00 seconds
      system cpu time     0.01 seconds
      memory              3470.09k
      OS Memory           29608.00k
      Timestamp           08/26/2026 06:54:10 PM
      Step Count                        509  Switch Count  2
      Page Faults                       0
      Page Reclaims                     598
      Page Swaps                        0
      Voluntary Context Switches        11
      Involuntary Context Switches      0
      Block Input Operations            0
      Block Output Operations           21000
      


NOTE: The data set WORK._DVJ_IN_LBL has 23 observations and 41 variables.
NOTE: PROCEDURE CONTENTS used (Total process time):
      real time           0.00 seconds
      user cpu time       0.00 seconds
      system cpu time     0.01 seconds
191                                                        The SAS System                     Wednesday, August 26, 2026 11:54:10 AM

      memory              2396.59k
      OS Memory           27564.00k
      Timestamp           08/26/2026 06:54:10 PM
      Step Count                        510  Switch Count  2
      Page Faults                       0
      Page Reclaims                     335
      Page Swaps                        0
      Voluntary Context Switches        9
      Involuntary Context Switches      0
      Block Input Operations            0
      Block Output Operations           272
      


NOTE: The data set WORK._DVJ_OUT_LBL has 27 observations and 41 variables.
NOTE: PROCEDURE CONTENTS used (Total process time):
      real time           0.00 seconds
      user cpu time       0.00 seconds
      system cpu time     0.00 seconds
      memory              2397.59k
      OS Memory           27564.00k
      Timestamp           08/26/2026 06:54:10 PM
      Step Count                        511  Switch Count  2
      Page Faults                       0
      Page Reclaims                     334
      Page Swaps                        0
      Voluntary Context Switches        9
      Involuntary Context Switches      0
      Block Input Operations            0
      Block Output Operations           272
      

NOTE: There were 23 observations read from the data set WORK._DVJ_IN_LBL.
NOTE: The data set WORK._DVJ_IN_LBL has 23 observations and 41 variables.
NOTE: DATA statement used (Total process time):
      real time           0.00 seconds
      user cpu time       0.00 seconds
      system cpu time     0.00 seconds
      memory              900.81k
      OS Memory           26536.00k
      Timestamp           08/26/2026 06:54:10 PM
      Step Count                        512  Switch Count  2
      Page Faults                       0
      Page Reclaims                     115
      Page Swaps                        0
      Voluntary Context Switches        10
      Involuntary Context Switches      0
      Block Input Operations            0
      Block Output Operations           264
      


NOTE: There were 27 observations read from the data set WORK._DVJ_OUT_LBL.
NOTE: The data set WORK._DVJ_OUT_LBL has 27 observations and 41 variables.
NOTE: DATA statement used (Total process time):
      real time           0.00 seconds
      user cpu time       0.00 seconds
      system cpu time     0.00 seconds
192                                                        The SAS System                     Wednesday, August 26, 2026 11:54:10 AM

      memory              899.25k
      OS Memory           26536.00k
      Timestamp           08/26/2026 06:54:10 PM
      Step Count                        513  Switch Count  2
      Page Faults                       0
      Page Reclaims                     114
      Page Swaps                        0
      Voluntary Context Switches        10
      Involuntary Context Switches      0
      Block Input Operations            0
      Block Output Operations           264
      


NOTE: There were 23 observations read from the data set WORK._DVJ_IN_LBL.
NOTE: The data set WORK._DVJ_IN_LBL has 23 observations and 41 variables.
NOTE: PROCEDURE SORT used (Total process time):
      real time           0.00 seconds
      user cpu time       0.00 seconds
      system cpu time     0.00 seconds
      memory              847.00k
      OS Memory           26536.00k
      Timestamp           08/26/2026 06:54:10 PM
      Step Count                        514  Switch Count  2
      Page Faults                       0
      Page Reclaims                     107
      Page Swaps                        0
      Voluntary Context Switches        10
      Involuntary Context Switches      1
      Block Input Operations            0
      Block Output Operations           264
      


NOTE: There were 27 observations read from the data set WORK._DVJ_OUT_LBL.
NOTE: The data set WORK._DVJ_OUT_LBL has 27 observations and 41 variables.
NOTE: PROCEDURE SORT used (Total process time):
      real time           0.00 seconds
      user cpu time       0.00 seconds
      system cpu time     0.00 seconds
      memory              847.84k
      OS Memory           26536.00k
      Timestamp           08/26/2026 06:54:10 PM
      Step Count                        515  Switch Count  2
      Page Faults                       0
      Page Reclaims                     106
      Page Swaps                        0
      Voluntary Context Switches        10
      Involuntary Context Switches      0
      Block Input Operations            0
      Block Output Operations           264
      


NOTE: There were 27 observations read from the data set WORK._DVJ_OUT_LBL.
NOTE: There were 23 observations read from the data set WORK._DVJ_IN_LBL.
NOTE: The data set WORK._DVJ_RELABEL has 23 observations and 2 variables.
NOTE: DATA statement used (Total process time):
193                                                        The SAS System                     Wednesday, August 26, 2026 11:54:10 AM

      real time           0.00 seconds
      user cpu time       0.00 seconds
      system cpu time     0.00 seconds
      memory              1252.93k
      OS Memory           26796.00k
      Timestamp           08/26/2026 06:54:10 PM
      Step Count                        516  Switch Count  2
      Page Faults                       0
      Page Reclaims                     154
      Page Swaps                        0
      Voluntary Context Switches        10
      Involuntary Context Switches      0
      Block Input Operations            0
      Block Output Operations           264
      

NOTE: PROCEDURE SQL used (Total process time):
      real time           0.00 seconds
      user cpu time       0.00 seconds
      system cpu time     0.00 seconds
      memory              5456.25k
      OS Memory           31400.00k
      Timestamp           08/26/2026 06:54:10 PM
      Step Count                        517  Switch Count  0
      Page Faults                       0
      Page Reclaims                     52
      Page Swaps                        0
      Voluntary Context Switches        0
      Involuntary Context Switches      1
      Block Input Operations            0
      Block Output Operations           0
      


NOTE: There were 23 observations read from the data set WORK._DVJ_RELABEL.
NOTE: DATA statement used (Total process time):
      real time           0.00 seconds
      user cpu time       0.00 seconds
      system cpu time     0.00 seconds
      memory              627.68k
      OS Memory           26276.00k
      Timestamp           08/26/2026 06:54:10 PM
      Step Count                        518  Switch Count  0
      Page Faults                       0
      Page Reclaims                     57
      Page Swaps                        0
      Voluntary Context Switches        0
      Involuntary Context Switches      0
      Block Input Operations            0
      Block Output Operations           0
      

NOTE: CALL EXECUTE generated line.
1         + proc datasets lib=WORK nolist; modify _ADM_01;
2         + label DOMAIN='Domain Abbreviation
3         +                ';
4         + label EGBLFL='Baseline Flag
5         +                ';
194                                                        The SAS System                     Wednesday, August 26, 2026 11:54:10 AM

6         + label EGDTC='Date/Time of Measurements
7         +               ';
8         + label EGDY='Study Day of Vital Signs
9         +              ';
10        + label EGELTM='Planned Elapsed Time from Time Point Ref
11        +                ';
12        + label EGLOC='Location of Vital Signs Measurement
13        +               ';
14        + label EGORRES='Original Result
15        +                 ';
16        + label EGORRESU='Original Units
17        +                  ';
18        + label EGSEQ='Sequence Number
19        +               ';
20        + label EGSTAT='Completion Status
21        +                ';
22        + label EGSTRESC='Standard Character Result
23        +                  ';
24        + label EGSTRESN='Standard Numeric Result
25        +                  ';
26        + label EGSTRESU='Standard Units
27        +                  ';
28        + label EGTEST='Test Name
29        +                ';
30        + label EGTESTCD='Test Code
31        +                  ';
32        + label EGTPT='Planned Time Point Number
33        +               ';
34        + label EGTPTNUM='Time Point Number
35        +                  ';
36        + label EGTPTREF='Time Point Reference
37        +                  ';
38        + label STUDYID='Study Identifier
39        +                 ';
40        + label USUBJID='Unique Subject Identifier
41        +                 ';
42        + label VISIT='Visit Name
43        +               ';
44        + label VISITDY='Planned Study Day of Visit
45        +                 ';
46        + label VISITNUM='Visit Number
47        +                  ';
48        + quit;

NOTE: MODIFY was successful for WORK._ADM_01.DATA.
NOTE: PROCEDURE DATASETS used (Total process time):
      real time           0.00 seconds
      user cpu time       0.01 seconds
      system cpu time     0.00 seconds
      memory              1772.03k
      OS Memory           27044.00k
      Timestamp           08/26/2026 06:54:10 PM
      Step Count                        519  Switch Count  0
      Page Faults                       0
      Page Reclaims                     274
      Page Swaps                        0
      Voluntary Context Switches        0
      Involuntary Context Switches      1
195                                                        The SAS System                     Wednesday, August 26, 2026 11:54:10 AM

      Block Input Operations            0
      Block Output Operations           16
      

NOTE: m_derive_vars_joined restored 23 label(s) on WORK._ADM_01

NOTE: Deleting WORK._DVJ_ADD (memtype=DATA).
NOTE: Deleting WORK._DVJ_BASE (memtype=DATA).
NOTE: Deleting WORK._DVJ_JOINED (memtype=DATA).
NOTE: Deleting WORK._DVJ_OUT (memtype=DATA).
NOTE: Deleting WORK._DVJ_IN_LBL (memtype=DATA).
NOTE: Deleting WORK._DVJ_OUT_LBL (memtype=DATA).
NOTE: Deleting WORK._DVJ_RELABEL (memtype=DATA).
NOTE: PROCEDURE DATASETS used (Total process time):
      real time           0.00 seconds
      user cpu time       0.00 seconds
      system cpu time     0.01 seconds
      memory              346.18k
      OS Memory           26276.00k
      Timestamp           08/26/2026 06:54:10 PM
      Step Count                        520  Switch Count  14
      Page Faults                       0
      Page Reclaims                     48
      Page Swaps                        0
      Voluntary Context Switches        63
      Involuntary Context Switches      1
      Block Input Operations            0
      Block Output Operations           8
      

NOTE: work._adm_01 has 26717 observations.

NOTE: There were 26717 observations read from the data set WORK._ADM_01.
NOTE: The data set WORK._MDTM_DATE has 26717 observations and 28 variables.
NOTE: DATA statement used (Total process time):
      real time           0.03 seconds
      user cpu time       0.03 seconds
      system cpu time     0.00 seconds
      memory              3575.06k
      OS Memory           29608.00k
      Timestamp           08/26/2026 06:54:10 PM
      Step Count                        521  Switch Count  2
      Page Faults                       0
      Page Reclaims                     598
      Page Swaps                        0
      Voluntary Context Switches        10
      Involuntary Context Switches      0
      Block Input Operations            0
      Block Output Operations           21512
      

NOTE: work._mdtm_date has 26717 observations.

NOTE: There were 26717 observations read from the data set WORK._MDTM_DATE.
NOTE: The data set WORK._ADM_02 has 26717 observations and 29 variables.
NOTE: DATA statement used (Total process time):
      real time           0.01 seconds
      user cpu time       0.01 seconds
196                                                        The SAS System                     Wednesday, August 26, 2026 11:54:10 AM

      system cpu time     0.01 seconds
      memory              3545.87k
      OS Memory           29608.00k
      Timestamp           08/26/2026 06:54:10 PM
      Step Count                        522  Switch Count  2
      Page Faults                       0
      Page Reclaims                     598
      Page Swaps                        0
      Voluntary Context Switches        11
      Involuntary Context Switches      1
      Block Input Operations            0
      Block Output Operations           22024
      


NOTE: Deleting WORK._MDTM_DATE (memtype=DATA).
NOTE: PROCEDURE DATASETS used (Total process time):
      real time           0.00 seconds
      user cpu time       0.00 seconds
      system cpu time     0.00 seconds
      memory              346.21k
      OS Memory           26276.00k
      Timestamp           08/26/2026 06:54:10 PM
      Step Count                        523  Switch Count  2
      Page Faults                       0
      Page Reclaims                     48
      Page Swaps                        0
      Voluntary Context Switches        9
      Involuntary Context Switches      0
      Block Input Operations            0
      Block Output Operations           8
      

NOTE: work._adm_02 has 26717 observations.

NOTE: There were 26717 observations read from the data set WORK._ADM_02.
NOTE: The data set WORK._ADM_03 has 26717 observations and 30 variables.
NOTE: DATA statement used (Total process time):
      real time           0.01 seconds
      user cpu time       0.00 seconds
      system cpu time     0.01 seconds
      memory              3480.81k
      OS Memory           29608.00k
      Timestamp           08/26/2026 06:54:10 PM
      Step Count                        524  Switch Count  2
      Page Faults                       0
      Page Reclaims                     598
      Page Swaps                        0
      Voluntary Context Switches        10
      Involuntary Context Switches      1
      Block Input Operations            0
      Block Output Operations           22280
      

NOTE: work._adm_03 has 26717 observations.
NOTE: Table WORK._LKP created, with 8 rows and 4 columns.

NOTE: PROCEDURE SQL used (Total process time):
197                                                        The SAS System                     Wednesday, August 26, 2026 11:54:10 AM

      real time           0.00 seconds
      user cpu time       0.00 seconds
      system cpu time     0.00 seconds
      memory              5459.09k
      OS Memory           31400.00k
      Timestamp           08/26/2026 06:54:10 PM
      Step Count                        525  Switch Count  2
      Page Faults                       0
      Page Reclaims                     116
      Page Swaps                        0
      Voluntary Context Switches        10
      Involuntary Context Switches      0
      Block Input Operations            0
      Block Output Operations           264
      

NOTE: Table WORK._ADM_04 created, with 26717 rows and 31 columns.

NOTE: PROCEDURE SQL used (Total process time):
      real time           0.04 seconds
      user cpu time       0.02 seconds
      system cpu time     0.03 seconds
      memory              36534.51k
      OS Memory           60852.00k
      Timestamp           08/26/2026 06:54:10 PM
      Step Count                        526  Switch Count  3
      Page Faults                       0
      Page Reclaims                     4310
      Page Swaps                        0
      Voluntary Context Switches        239
      Involuntary Context Switches      1
      Block Input Operations            0
      Block Output Operations           45848
      

NOTE: The file WORK._UNMAP (memtype=DATA) was not found, but appears on a DELETE statement.
NOTE: The file WORK._KEYS (memtype=DATA) was not found, but appears on a DELETE statement.
NOTE: The file WORK._LKP_KEYS (memtype=DATA) was not found, but appears on a DELETE statement.
NOTE: Deleting WORK._LKP (memtype=DATA).
NOTE: PROCEDURE DATASETS used (Total process time):
      real time           0.00 seconds
      user cpu time       0.00 seconds
      system cpu time     0.00 seconds
      memory              346.21k
      OS Memory           26276.00k
      Timestamp           08/26/2026 06:54:10 PM
      Step Count                        527  Switch Count  2
      Page Faults                       0
      Page Reclaims                     48
      Page Swaps                        0
      Voluntary Context Switches        9
      Involuntary Context Switches      0
      Block Input Operations            0
      Block Output Operations           8
      

NOTE: work._adm_04 has 26717 observations.

198                                                        The SAS System                     Wednesday, August 26, 2026 11:54:10 AM

NOTE: There were 26717 observations read from the data set WORK._ADM_04.
NOTE: The data set WORK._ADM_05 has 26717 observations and 33 variables.
NOTE: DATA statement used (Total process time):
      real time           0.01 seconds
      user cpu time       0.01 seconds
      system cpu time     0.01 seconds
      memory              3484.50k
      OS Memory           29608.00k
      Timestamp           08/26/2026 06:54:10 PM
      Step Count                        528  Switch Count  2
      Page Faults                       0
      Page Reclaims                     598
      Page Swaps                        0
      Voluntary Context Switches        11
      Involuntary Context Switches      0
      Block Input Operations            0
      Block Output Operations           33800
      


NOTE: There were 26717 observations read from the data set WORK._ADM_05.
      WHERE 1 /* an obviously TRUE WHERE clause */ ;
NOTE: The data set WORK._ADM_CMP_IN has 26717 observations and 33 variables.
NOTE: DATA statement used (Total process time):
      real time           0.01 seconds
      user cpu time       0.01 seconds
      system cpu time     0.01 seconds
      memory              3493.93k
      OS Memory           29608.00k
      Timestamp           08/26/2026 06:54:10 PM
      Step Count                        529  Switch Count  2
      Page Faults                       0
      Page Reclaims                     598
      Page Swaps                        0
      Voluntary Context Switches        11
      Involuntary Context Switches      0
      Block Input Operations            0
      Block Output Operations           33800
      


NOTE: There were 8220 observations read from the data set WORK._ADM_CMP_IN.
      WHERE PARAMCD='HR';
NOTE: The data set WORK._ADM_CMP_V has 8220 observations and 14 variables.
NOTE: DATA statement used (Total process time):
      real time           0.00 seconds
      user cpu time       0.00 seconds
      system cpu time     0.01 seconds
      memory              3457.90k
      OS Memory           29608.00k
      Timestamp           08/26/2026 06:54:10 PM
      Step Count                        530  Switch Count  2
      Page Faults                       0
      Page Reclaims                     598
      Page Swaps                        0
      Voluntary Context Switches        11
      Involuntary Context Switches      0
      Block Input Operations            0
199                                                        The SAS System                     Wednesday, August 26, 2026 11:54:10 AM

      Block Output Operations           5128
      


NOTE: There were 8220 observations read from the data set WORK._ADM_CMP_V.
NOTE: The data set WORK._ADM_CMP_V has 8220 observations and 14 variables.
NOTE: PROCEDURE SORT used (Total process time):
      real time           0.01 seconds
      user cpu time       0.01 seconds
      system cpu time     0.00 seconds
      memory              7379.65k
      OS Memory           32704.00k
      Timestamp           08/26/2026 06:54:10 PM
      Step Count                        531  Switch Count  2
      Page Faults                       0
      Page Reclaims                     1667
      Page Swaps                        0
      Voluntary Context Switches        11
      Involuntary Context Switches      0
      Block Input Operations            0
      Block Output Operations           5128
      


NOTE: There were 8220 observations read from the data set WORK._ADM_CMP_V.
NOTE: The data set WORK._ADM_CMP_T has 8220 observations and 14 variables.
NOTE: PROCEDURE TRANSPOSE used (Total process time):
      real time           0.06 seconds
      user cpu time       0.06 seconds
      system cpu time     0.01 seconds
      memory              4199.87k
      OS Memory           29608.00k
      Timestamp           08/26/2026 06:54:10 PM
      Step Count                        532  Switch Count  4
      Page Faults                       0
      Page Reclaims                     663
      Page Swaps                        0
      Voluntary Context Switches        20
      Involuntary Context Switches      1
      Block Input Operations            0
      Block Output Operations           5392
      


NOTE: There were 8220 observations read from the data set WORK._ADM_CMP_T.
NOTE: The data set WORK._ADM_CMP_NEW has 8220 observations and 14 variables.
NOTE: DATA statement used (Total process time):
      real time           0.00 seconds
      user cpu time       0.00 seconds
      system cpu time     0.00 seconds
      memory              3430.75k
      OS Memory           29608.00k
      Timestamp           08/26/2026 06:54:10 PM
      Step Count                        533  Switch Count  2
      Page Faults                       0
      Page Reclaims                     598
      Page Swaps                        0
      Voluntary Context Switches        12
200                                                        The SAS System                     Wednesday, August 26, 2026 11:54:10 AM

      Involuntary Context Switches      0
      Block Input Operations            0
      Block Output Operations           5128
      


NOTE: There were 26717 observations read from the data set WORK._ADM_05.
NOTE: There were 8220 observations read from the data set WORK._ADM_CMP_NEW.
NOTE: The data set WORK._ADM_06 has 34937 observations and 33 variables.
NOTE: DATA statement used (Total process time):
      real time           0.02 seconds
      user cpu time       0.00 seconds
      system cpu time     0.02 seconds
      memory              5168.75k
      OS Memory           31660.00k
      Timestamp           08/26/2026 06:54:10 PM
      Step Count                        534  Switch Count  2
      Page Faults                       0
      Page Reclaims                     964
      Page Swaps                        0
      Voluntary Context Switches        11
      Involuntary Context Switches      0
      Block Input Operations            0
      Block Output Operations           44040
      


NOTE: The file WORK._ADM_CMP_C1 (memtype=DATA) was not found, but appears on a DELETE statement.
NOTE: The file WORK._ADM_CMP_CT (memtype=DATA) was not found, but appears on a DELETE statement.
NOTE: Deleting WORK._ADM_CMP_IN (memtype=DATA).
NOTE: Deleting WORK._ADM_CMP_V (memtype=DATA).
NOTE: Deleting WORK._ADM_CMP_T (memtype=DATA).
NOTE: Deleting WORK._ADM_CMP_NEW (memtype=DATA).
NOTE: PROCEDURE DATASETS used (Total process time):
      real time           0.00 seconds
      user cpu time       0.01 seconds
      system cpu time     0.00 seconds
      memory              346.18k
      OS Memory           26276.00k
      Timestamp           08/26/2026 06:54:10 PM
      Step Count                        535  Switch Count  8
      Page Faults                       0
      Page Reclaims                     48
      Page Swaps                        0
      Voluntary Context Switches        36
      Involuntary Context Switches      0
      Block Input Operations            0
      Block Output Operations           8
      

NOTE: work._adm_06 has 34937 observations.

NOTE: There were 34937 observations read from the data set WORK._ADM_06.
      WHERE 1 /* an obviously TRUE WHERE clause */ ;
NOTE: The data set WORK._ADM_CMP_IN has 34937 observations and 33 variables.
NOTE: DATA statement used (Total process time):
      real time           0.02 seconds
      user cpu time       0.00 seconds
201                                                        The SAS System                     Wednesday, August 26, 2026 11:54:10 AM

      system cpu time     0.02 seconds
      memory              3492.34k
      OS Memory           29608.00k
      Timestamp           08/26/2026 06:54:10 PM
      Step Count                        536  Switch Count  2
      Page Faults                       0
      Page Reclaims                     598
      Page Swaps                        0
      Voluntary Context Switches        11
      Involuntary Context Switches      2
      Block Input Operations            0
      Block Output Operations           44040
      


NOTE: There were 16440 observations read from the data set WORK._ADM_CMP_IN.
      WHERE PARAMCD in ('QT', 'RR');
NOTE: The data set WORK._ADM_CMP_V has 16440 observations and 14 variables.
NOTE: DATA statement used (Total process time):
      real time           0.01 seconds
      user cpu time       0.01 seconds
      system cpu time     0.00 seconds
      memory              3470.18k
      OS Memory           29608.00k
      Timestamp           08/26/2026 06:54:10 PM
      Step Count                        537  Switch Count  2
      Page Faults                       0
      Page Reclaims                     598
      Page Swaps                        0
      Voluntary Context Switches        11
      Involuntary Context Switches      1
      Block Input Operations            0
      Block Output Operations           10248
      


NOTE: There were 16440 observations read from the data set WORK._ADM_CMP_V.
NOTE: The data set WORK._ADM_CMP_V has 16440 observations and 14 variables.
NOTE: PROCEDURE SORT used (Total process time):
      real time           0.01 seconds
      user cpu time       0.01 seconds
      system cpu time     0.00 seconds
      memory              12689.46k
      OS Memory           37844.00k
      Timestamp           08/26/2026 06:54:10 PM
      Step Count                        538  Switch Count  2
      Page Faults                       0
      Page Reclaims                     2913
      Page Swaps                        0
      Voluntary Context Switches        11
      Involuntary Context Switches      0
      Block Input Operations            0
      Block Output Operations           10248
      


NOTE: There were 16440 observations read from the data set WORK._ADM_CMP_V.
NOTE: The data set WORK._ADM_CMP_T has 8220 observations and 15 variables.
202                                                        The SAS System                     Wednesday, August 26, 2026 11:54:11 AM

NOTE: PROCEDURE TRANSPOSE used (Total process time):
      real time           0.10 seconds
      user cpu time       0.09 seconds
      system cpu time     0.01 seconds
      memory              4200.25k
      OS Memory           29608.00k
      Timestamp           08/26/2026 06:54:11 PM
      Step Count                        539  Switch Count  4
      Page Faults                       0
      Page Reclaims                     657
      Page Swaps                        0
      Voluntary Context Switches        21
      Involuntary Context Switches      1
      Block Input Operations            0
      Block Output Operations           5648
      


NOTE: There were 8220 observations read from the data set WORK._ADM_CMP_T.
NOTE: The data set WORK._ADM_CMP_NEW has 8220 observations and 14 variables.
NOTE: DATA statement used (Total process time):
      real time           0.00 seconds
      user cpu time       0.00 seconds
      system cpu time     0.01 seconds
      memory              3434.21k
      OS Memory           29608.00k
      Timestamp           08/26/2026 06:54:11 PM
      Step Count                        540  Switch Count  2
      Page Faults                       0
      Page Reclaims                     598
      Page Swaps                        0
      Voluntary Context Switches        11
      Involuntary Context Switches      0
      Block Input Operations            0
      Block Output Operations           5128
      


NOTE: There were 34937 observations read from the data set WORK._ADM_06.
NOTE: There were 8220 observations read from the data set WORK._ADM_CMP_NEW.
NOTE: The data set WORK._ADM_07 has 43157 observations and 33 variables.
NOTE: DATA statement used (Total process time):
      real time           0.02 seconds
      user cpu time       0.01 seconds
      system cpu time     0.01 seconds
      memory              5168.78k
      OS Memory           31660.00k
      Timestamp           08/26/2026 06:54:11 PM
      Step Count                        541  Switch Count  2
      Page Faults                       0
      Page Reclaims                     964
      Page Swaps                        0
      Voluntary Context Switches        11
      Involuntary Context Switches      8
      Block Input Operations            0
      Block Output Operations           54280
      

203                                                        The SAS System                     Wednesday, August 26, 2026 11:54:11 AM


NOTE: The file WORK._ADM_CMP_C1 (memtype=DATA) was not found, but appears on a DELETE statement.
NOTE: The file WORK._ADM_CMP_CT (memtype=DATA) was not found, but appears on a DELETE statement.
NOTE: Deleting WORK._ADM_CMP_IN (memtype=DATA).
NOTE: Deleting WORK._ADM_CMP_V (memtype=DATA).
NOTE: Deleting WORK._ADM_CMP_T (memtype=DATA).
NOTE: Deleting WORK._ADM_CMP_NEW (memtype=DATA).
NOTE: PROCEDURE DATASETS used (Total process time):
      real time           0.00 seconds
      user cpu time       0.00 seconds
      system cpu time     0.00 seconds
      memory              347.18k
      OS Memory           26276.00k
      Timestamp           08/26/2026 06:54:11 PM
      Step Count                        542  Switch Count  8
      Page Faults                       0
      Page Reclaims                     48
      Page Swaps                        0
      Voluntary Context Switches        36
      Involuntary Context Switches      0
      Block Input Operations            0
      Block Output Operations           8
      

NOTE: work._adm_07 has 43157 observations.

NOTE: There were 43157 observations read from the data set WORK._ADM_07.
      WHERE 1 /* an obviously TRUE WHERE clause */ ;
NOTE: The data set WORK._ADM_CMP_IN has 43157 observations and 33 variables.
NOTE: DATA statement used (Total process time):
      real time           0.02 seconds
      user cpu time       0.01 seconds
      system cpu time     0.02 seconds
      memory              3492.40k
      OS Memory           29608.00k
      Timestamp           08/26/2026 06:54:11 PM
      Step Count                        543  Switch Count  2
      Page Faults                       0
      Page Reclaims                     598
      Page Swaps                        0
      Voluntary Context Switches        12
      Involuntary Context Switches      2
      Block Input Operations            0
      Block Output Operations           54280
      


NOTE: There were 16440 observations read from the data set WORK._ADM_CMP_IN.
      WHERE PARAMCD in ('QT', 'RR');
NOTE: The data set WORK._ADM_CMP_V has 16440 observations and 14 variables.
NOTE: DATA statement used (Total process time):
      real time           0.01 seconds
      user cpu time       0.00 seconds
      system cpu time     0.01 seconds
      memory              3470.06k
      OS Memory           29608.00k
      Timestamp           08/26/2026 06:54:11 PM
      Step Count                        544  Switch Count  2
204                                                        The SAS System                     Wednesday, August 26, 2026 11:54:11 AM

      Page Faults                       0
      Page Reclaims                     598
      Page Swaps                        0
      Voluntary Context Switches        12
      Involuntary Context Switches      0
      Block Input Operations            0
      Block Output Operations           10248
      


NOTE: There were 16440 observations read from the data set WORK._ADM_CMP_V.
NOTE: The data set WORK._ADM_CMP_V has 16440 observations and 14 variables.
NOTE: PROCEDURE SORT used (Total process time):
      real time           0.02 seconds
      user cpu time       0.01 seconds
      system cpu time     0.01 seconds
      memory              12688.46k
      OS Memory           37844.00k
      Timestamp           08/26/2026 06:54:11 PM
      Step Count                        545  Switch Count  2
      Page Faults                       0
      Page Reclaims                     2913
      Page Swaps                        0
      Voluntary Context Switches        11
      Involuntary Context Switches      0
      Block Input Operations            0
      Block Output Operations           10248
      


NOTE: There were 16440 observations read from the data set WORK._ADM_CMP_V.
NOTE: The data set WORK._ADM_CMP_T has 8220 observations and 15 variables.
NOTE: PROCEDURE TRANSPOSE used (Total process time):
      real time           0.10 seconds
      user cpu time       0.09 seconds
      system cpu time     0.01 seconds
      memory              4207.40k
      OS Memory           29608.00k
      Timestamp           08/26/2026 06:54:11 PM
      Step Count                        546  Switch Count  4
      Page Faults                       0
      Page Reclaims                     657
      Page Swaps                        0
      Voluntary Context Switches        20
      Involuntary Context Switches      1
      Block Input Operations            0
      Block Output Operations           5648
      


NOTE: There were 8220 observations read from the data set WORK._ADM_CMP_T.
NOTE: The data set WORK._ADM_CMP_NEW has 8220 observations and 14 variables.
NOTE: DATA statement used (Total process time):
      real time           0.00 seconds
      user cpu time       0.00 seconds
      system cpu time     0.00 seconds
      memory              3436.53k
      OS Memory           29608.00k
205                                                        The SAS System                     Wednesday, August 26, 2026 11:54:11 AM

      Timestamp           08/26/2026 06:54:11 PM
      Step Count                        547  Switch Count  2
      Page Faults                       0
      Page Reclaims                     598
      Page Swaps                        0
      Voluntary Context Switches        11
      Involuntary Context Switches      0
      Block Input Operations            0
      Block Output Operations           5128
      


NOTE: There were 43157 observations read from the data set WORK._ADM_07.
NOTE: There were 8220 observations read from the data set WORK._ADM_CMP_NEW.
NOTE: The data set WORK._ADM_08 has 51377 observations and 33 variables.
NOTE: DATA statement used (Total process time):
      real time           0.02 seconds
      user cpu time       0.01 seconds
      system cpu time     0.02 seconds
      memory              5168.90k
      OS Memory           31660.00k
      Timestamp           08/26/2026 06:54:11 PM
      Step Count                        548  Switch Count  2
      Page Faults                       0
      Page Reclaims                     964
      Page Swaps                        0
      Voluntary Context Switches        11
      Involuntary Context Switches      0
      Block Input Operations            0
      Block Output Operations           64520
      


NOTE: The file WORK._ADM_CMP_C1 (memtype=DATA) was not found, but appears on a DELETE statement.
NOTE: The file WORK._ADM_CMP_CT (memtype=DATA) was not found, but appears on a DELETE statement.
NOTE: Deleting WORK._ADM_CMP_IN (memtype=DATA).
NOTE: Deleting WORK._ADM_CMP_V (memtype=DATA).
NOTE: Deleting WORK._ADM_CMP_T (memtype=DATA).
NOTE: Deleting WORK._ADM_CMP_NEW (memtype=DATA).
NOTE: PROCEDURE DATASETS used (Total process time):
      real time           0.00 seconds
      user cpu time       0.00 seconds
      system cpu time     0.01 seconds
      memory              347.15k
      OS Memory           26276.00k
      Timestamp           08/26/2026 06:54:11 PM
      Step Count                        549  Switch Count  8
      Page Faults                       0
      Page Reclaims                     48
      Page Swaps                        0
      Voluntary Context Switches        36
      Involuntary Context Switches      0
      Block Input Operations            0
      Block Output Operations           16
      

NOTE: work._adm_08 has 51377 observations.

206                                                        The SAS System                     Wednesday, August 26, 2026 11:54:11 AM

NOTE: There were 51377 observations read from the data set WORK._ADM_08.
      WHERE 1 /* an obviously TRUE WHERE clause */ ;
NOTE: The data set WORK._ADM_CMP_IN has 51377 observations and 33 variables.
NOTE: DATA statement used (Total process time):
      real time           0.03 seconds
      user cpu time       0.01 seconds
      system cpu time     0.02 seconds
      memory              3492.34k
      OS Memory           29608.00k
      Timestamp           08/26/2026 06:54:11 PM
      Step Count                        550  Switch Count  2
      Page Faults                       0
      Page Reclaims                     598
      Page Swaps                        0
      Voluntary Context Switches        10
      Involuntary Context Switches      0
      Block Input Operations            0
      Block Output Operations           64520
      


NOTE: There were 16440 observations read from the data set WORK._ADM_CMP_IN.
      WHERE PARAMCD in ('QT', 'RR');
NOTE: The data set WORK._ADM_CMP_V has 16440 observations and 14 variables.
NOTE: DATA statement used (Total process time):
      real time           0.01 seconds
      user cpu time       0.01 seconds
      system cpu time     0.01 seconds
      memory              3469.75k
      OS Memory           29608.00k
      Timestamp           08/26/2026 06:54:11 PM
      Step Count                        551  Switch Count  2
      Page Faults                       0
      Page Reclaims                     598
      Page Swaps                        0
      Voluntary Context Switches        10
      Involuntary Context Switches      1
      Block Input Operations            0
      Block Output Operations           10248
      


NOTE: There were 16440 observations read from the data set WORK._ADM_CMP_V.
NOTE: The data set WORK._ADM_CMP_V has 16440 observations and 14 variables.
NOTE: PROCEDURE SORT used (Total process time):
      real time           0.02 seconds
      user cpu time       0.01 seconds
      system cpu time     0.01 seconds
      memory              12688.50k
      OS Memory           37844.00k
      Timestamp           08/26/2026 06:54:11 PM
      Step Count                        552  Switch Count  2
      Page Faults                       0
      Page Reclaims                     2913
      Page Swaps                        0
      Voluntary Context Switches        10
      Involuntary Context Switches      0
      Block Input Operations            0
207                                                        The SAS System                     Wednesday, August 26, 2026 11:54:11 AM

      Block Output Operations           10248
      


NOTE: There were 16440 observations read from the data set WORK._ADM_CMP_V.
NOTE: The data set WORK._ADM_CMP_T has 8220 observations and 15 variables.
NOTE: PROCEDURE TRANSPOSE used (Total process time):
      real time           0.10 seconds
      user cpu time       0.10 seconds
      system cpu time     0.01 seconds
      memory              4200.21k
      OS Memory           29608.00k
      Timestamp           08/26/2026 06:54:11 PM
      Step Count                        553  Switch Count  4
      Page Faults                       0
      Page Reclaims                     657
      Page Swaps                        0
      Voluntary Context Switches        20
      Involuntary Context Switches      1
      Block Input Operations            0
      Block Output Operations           5648
      


NOTE: There were 8220 observations read from the data set WORK._ADM_CMP_T.
NOTE: The data set WORK._ADM_CMP_NEW has 8220 observations and 14 variables.
NOTE: DATA statement used (Total process time):
      real time           0.00 seconds
      user cpu time       0.00 seconds
      system cpu time     0.00 seconds
      memory              3434.15k
      OS Memory           29608.00k
      Timestamp           08/26/2026 06:54:11 PM
      Step Count                        554  Switch Count  2
      Page Faults                       0
      Page Reclaims                     598
      Page Swaps                        0
      Voluntary Context Switches        11
      Involuntary Context Switches      1
      Block Input Operations            0
      Block Output Operations           5128
      


NOTE: There were 51377 observations read from the data set WORK._ADM_08.
NOTE: There were 8220 observations read from the data set WORK._ADM_CMP_NEW.
NOTE: The data set WORK._ADM_09 has 59597 observations and 33 variables.
NOTE: DATA statement used (Total process time):
      real time           0.03 seconds
      user cpu time       0.01 seconds
      system cpu time     0.02 seconds
      memory              5168.87k
      OS Memory           31660.00k
      Timestamp           08/26/2026 06:54:11 PM
      Step Count                        555  Switch Count  2
      Page Faults                       0
      Page Reclaims                     964
      Page Swaps                        0
208                                                        The SAS System                     Wednesday, August 26, 2026 11:54:11 AM

      Voluntary Context Switches        11
      Involuntary Context Switches      0
      Block Input Operations            0
      Block Output Operations           75016
      


NOTE: The file WORK._ADM_CMP_C1 (memtype=DATA) was not found, but appears on a DELETE statement.
NOTE: The file WORK._ADM_CMP_CT (memtype=DATA) was not found, but appears on a DELETE statement.
NOTE: Deleting WORK._ADM_CMP_IN (memtype=DATA).
NOTE: Deleting WORK._ADM_CMP_V (memtype=DATA).
NOTE: Deleting WORK._ADM_CMP_T (memtype=DATA).
NOTE: Deleting WORK._ADM_CMP_NEW (memtype=DATA).
NOTE: PROCEDURE DATASETS used (Total process time):
      real time           0.00 seconds
      user cpu time       0.00 seconds
      system cpu time     0.01 seconds
      memory              346.18k
      OS Memory           26276.00k
      Timestamp           08/26/2026 06:54:11 PM
      Step Count                        556  Switch Count  8
      Page Faults                       0
      Page Reclaims                     48
      Page Swaps                        0
      Voluntary Context Switches        36
      Involuntary Context Switches      1
      Block Input Operations            0
      Block Output Operations           8
      

NOTE: work._adm_09 has 59597 observations.

NOTE: There were 59597 observations read from the data set WORK._ADM_09.
NOTE: The data set WORK._ADM_10 has 59597 observations and 38 variables.
NOTE: DATA statement used (Total process time):
      real time           0.67 seconds
      user cpu time       0.61 seconds
      system cpu time     0.06 seconds
      memory              3670.90k
      OS Memory           29608.00k
      Timestamp           08/26/2026 06:54:12 PM
      Step Count                        557  Switch Count  2
      Page Faults                       0
      Page Reclaims                     598
      Page Swaps                        0
      Voluntary Context Switches        11
      Involuntary Context Switches      0
      Block Input Operations            0
      Block Output Operations           93704
      

NOTE: Table WORK._ADM_SUM created, with 19159 rows and 13 columns.

NOTE: PROCEDURE SQL used (Total process time):
      real time           0.06 seconds
      user cpu time       0.09 seconds
      system cpu time     0.03 seconds
      memory              45075.92k
209                                                        The SAS System                     Wednesday, August 26, 2026 11:54:12 AM

      OS Memory           69508.00k
      Timestamp           08/26/2026 06:54:12 PM
      Step Count                        558  Switch Count  3
      Page Faults                       0
      Page Reclaims                     10377
      Page Swaps                        0
      Voluntary Context Switches        582
      Involuntary Context Switches      0
      Block Input Operations            0
      Block Output Operations           13064
      


NOTE: There were 59597 observations read from the data set WORK._ADM_10.
NOTE: There were 19159 observations read from the data set WORK._ADM_SUM.
NOTE: The data set WORK._ADM_11 has 78756 observations and 39 variables.
NOTE: DATA statement used (Total process time):
      real time           0.04 seconds
      user cpu time       0.01 seconds
      system cpu time     0.03 seconds
      memory              5216.93k
      OS Memory           31660.00k
      Timestamp           08/26/2026 06:54:12 PM
      Step Count                        559  Switch Count  2
      Page Faults                       0
      Page Reclaims                     964
      Page Swaps                        0
      Voluntary Context Switches        11
      Involuntary Context Switches      0
      Block Input Operations            0
      Block Output Operations           127752
      

NOTE: Deleting WORK._ADM_SUM (memtype=DATA).
NOTE: PROCEDURE DATASETS used (Total process time):
      real time           0.00 seconds
      user cpu time       0.00 seconds
      system cpu time     0.00 seconds
      memory              347.21k
      OS Memory           26276.00k
      Timestamp           08/26/2026 06:54:12 PM
      Step Count                        560  Switch Count  2
      Page Faults                       0
      Page Reclaims                     48
      Page Swaps                        0
      Voluntary Context Switches        9
      Involuntary Context Switches      0
      Block Input Operations            0
      Block Output Operations           8
      

NOTE: work._adm_11 has 78756 observations.

NOTE: There were 78756 observations read from the data set WORK._ADM_11.
NOTE: The data set WORK._ADM_ONTRT has 78756 observations and 40 variables.
NOTE: DATA statement used (Total process time):
      real time           0.05 seconds
      user cpu time       0.01 seconds
210                                                        The SAS System                     Wednesday, August 26, 2026 11:54:12 AM

      system cpu time     0.04 seconds
      memory              3508.65k
      OS Memory           29608.00k
      Timestamp           08/26/2026 06:54:12 PM
      Step Count                        561  Switch Count  2
      Page Faults                       0
      Page Reclaims                     598
      Page Swaps                        0
      Voluntary Context Switches        11
      Involuntary Context Switches      1
      Block Input Operations            0
      Block Output Operations           127752
      

NOTE: work._adm_ontrt has 78756 observations.

NOTE: There were 78756 observations read from the data set WORK._ADM_ONTRT.
NOTE: The data set WORK._ADM_12 has 78756 observations and 40 variables.
NOTE: DATA statement used (Total process time):
      real time           0.04 seconds
      user cpu time       0.02 seconds
      system cpu time     0.03 seconds
      memory              3489.06k
      OS Memory           29608.00k
      Timestamp           08/26/2026 06:54:12 PM
      Step Count                        562  Switch Count  2
      Page Faults                       0
      Page Reclaims                     598
      Page Swaps                        0
      Voluntary Context Switches        11
      Involuntary Context Switches      0
      Block Input Operations            0
      Block Output Operations           127752
      


NOTE: Deleting WORK._ADM_ONTRT (memtype=DATA).
NOTE: PROCEDURE DATASETS used (Total process time):
      real time           0.01 seconds
      user cpu time       0.00 seconds
      system cpu time     0.01 seconds
      memory              346.21k
      OS Memory           26276.00k
      Timestamp           08/26/2026 06:54:12 PM
      Step Count                        563  Switch Count  2
      Page Faults                       0
      Page Reclaims                     48
      Page Swaps                        0
      Voluntary Context Switches        9
      Involuntary Context Switches      0
      Block Input Operations            0
      Block Output Operations           8
      


NOTE: There were 8 observations read from the data set WORK._ADM_RANGE_LOOKUP.
      WHERE 1 /* an obviously TRUE WHERE clause */ ;
NOTE: The data set WORK._DVJ_ADD has 8 observations and 3 variables.
211                                                        The SAS System                     Wednesday, August 26, 2026 11:54:12 AM

NOTE: DATA statement used (Total process time):
      real time           0.00 seconds
      user cpu time       0.00 seconds
      system cpu time     0.00 seconds
      memory              802.65k
      OS Memory           26536.00k
      Timestamp           08/26/2026 06:54:12 PM
      Step Count                        564  Switch Count  2
      Page Faults                       0
      Page Reclaims                     121
      Page Swaps                        0
      Voluntary Context Switches        12
      Involuntary Context Switches      0
      Block Input Operations            0
      Block Output Operations           264
      


NOTE: There were 78756 observations read from the data set WORK._ADM_12.
NOTE: The data set WORK._DVJ_BASE has 78756 observations and 41 variables.
NOTE: DATA statement used (Total process time):
      real time           0.04 seconds
      user cpu time       0.01 seconds
      system cpu time     0.04 seconds
      memory              3502.06k
      OS Memory           29608.00k
      Timestamp           08/26/2026 06:54:12 PM
      Step Count                        565  Switch Count  2
      Page Faults                       0
      Page Reclaims                     598
      Page Swaps                        0
      Voluntary Context Switches        11
      Involuntary Context Switches      3
      Block Input Operations            0
      Block Output Operations           128520
      

NOTE: Table WORK._DVJ_JOINED created, with 78756 rows and 44 columns.

NOTE: PROCEDURE SQL used (Total process time):
      real time           0.16 seconds
      user cpu time       0.08 seconds
      system cpu time     0.12 seconds
      memory              104277.89k
      OS Memory           128432.00k
      Timestamp           08/26/2026 06:54:12 PM
      Step Count                        566  Switch Count  3
      Page Faults                       0
      Page Reclaims                     18353
      Page Swaps                        0
      Voluntary Context Switches        1118
      Involuntary Context Switches      1
      Block Input Operations            0
      Block Output Operations           264984
      


NOTE: There were 78756 observations read from the data set WORK._DVJ_JOINED.
212                                                        The SAS System                     Wednesday, August 26, 2026 11:54:12 AM

NOTE: The data set WORK._DVJ_JOINED has 78756 observations and 44 variables.
NOTE: PROCEDURE SORT used (Total process time):
      real time           0.10 seconds
      user cpu time       0.04 seconds
      system cpu time     0.06 seconds
      memory              71888.03k
      OS Memory           96836.00k
      Timestamp           08/26/2026 06:54:12 PM
      Step Count                        567  Switch Count  2
      Page Faults                       0
      Page Reclaims                     17589
      Page Swaps                        0
      Voluntary Context Switches        11
      Involuntary Context Switches      0
      Block Input Operations            0
      Block Output Operations           131848
      


NOTE: There were 78756 observations read from the data set WORK._DVJ_JOINED.
NOTE: The data set WORK._DVJ_OUT has 78756 observations and 44 variables.
NOTE: DATA statement used (Total process time):
      real time           0.05 seconds
      user cpu time       0.02 seconds
      system cpu time     0.03 seconds
      memory              3568.78k
      OS Memory           29608.00k
      Timestamp           08/26/2026 06:54:12 PM
      Step Count                        568  Switch Count  2
      Page Faults                       0
      Page Reclaims                     598
      Page Swaps                        0
      Voluntary Context Switches        11
      Involuntary Context Switches      2
      Block Input Operations            0
      Block Output Operations           131848
      


NOTE: There were 78756 observations read from the data set WORK._DVJ_OUT.
NOTE: The data set WORK._ADM_13 has 78756 observations and 42 variables.
NOTE: DATA statement used (Total process time):
      real time           0.04 seconds
      user cpu time       0.01 seconds
      system cpu time     0.03 seconds
      memory              3507.25k
      OS Memory           29608.00k
      Timestamp           08/26/2026 06:54:12 PM
      Step Count                        569  Switch Count  2
      Page Faults                       0
      Page Reclaims                     598
      Page Swaps                        0
      Voluntary Context Switches        11
      Involuntary Context Switches      0
      Block Input Operations            0
      Block Output Operations           130312
      

213                                                        The SAS System                     Wednesday, August 26, 2026 11:54:12 AM


NOTE: The data set WORK._DVJ_IN_LBL has 40 observations and 41 variables.
NOTE: PROCEDURE CONTENTS used (Total process time):
      real time           0.00 seconds
      user cpu time       0.00 seconds
      system cpu time     0.00 seconds
      memory              2416.03k
      OS Memory           27564.00k
      Timestamp           08/26/2026 06:54:12 PM
      Step Count                        570  Switch Count  2
      Page Faults                       0
      Page Reclaims                     331
      Page Swaps                        0
      Voluntary Context Switches        9
      Involuntary Context Switches      0
      Block Input Operations            0
      Block Output Operations           272
      


NOTE: The data set WORK._DVJ_OUT_LBL has 42 observations and 41 variables.
NOTE: PROCEDURE CONTENTS used (Total process time):
      real time           0.00 seconds
      user cpu time       0.01 seconds
      system cpu time     0.00 seconds
      memory              2403.84k
      OS Memory           27564.00k
      Timestamp           08/26/2026 06:54:12 PM
      Step Count                        571  Switch Count  2
      Page Faults                       0
      Page Reclaims                     331
      Page Swaps                        0
      Voluntary Context Switches        9
      Involuntary Context Switches      0
      Block Input Operations            0
      Block Output Operations           272
      

NOTE: There were 40 observations read from the data set WORK._DVJ_IN_LBL.
NOTE: The data set WORK._DVJ_IN_LBL has 40 observations and 41 variables.
NOTE: DATA statement used (Total process time):
      real time           0.00 seconds
      user cpu time       0.00 seconds
      system cpu time     0.00 seconds
      memory              899.40k
      OS Memory           26536.00k
      Timestamp           08/26/2026 06:54:12 PM
      Step Count                        572  Switch Count  2
      Page Faults                       0
      Page Reclaims                     111
      Page Swaps                        0
      Voluntary Context Switches        11
      Involuntary Context Switches      0
      Block Input Operations            0
      Block Output Operations           264
      


214                                                        The SAS System                     Wednesday, August 26, 2026 11:54:12 AM

NOTE: There were 42 observations read from the data set WORK._DVJ_OUT_LBL.
NOTE: The data set WORK._DVJ_OUT_LBL has 42 observations and 41 variables.
NOTE: DATA statement used (Total process time):
      real time           0.00 seconds
      user cpu time       0.00 seconds
      system cpu time     0.00 seconds
      memory              900.96k
      OS Memory           26536.00k
      Timestamp           08/26/2026 06:54:12 PM
      Step Count                        573  Switch Count  2
      Page Faults                       0
      Page Reclaims                     111
      Page Swaps                        0
      Voluntary Context Switches        11
      Involuntary Context Switches      1
      Block Input Operations            0
      Block Output Operations           264
      


NOTE: There were 40 observations read from the data set WORK._DVJ_IN_LBL.
NOTE: The data set WORK._DVJ_IN_LBL has 40 observations and 41 variables.
NOTE: PROCEDURE SORT used (Total process time):
      real time           0.00 seconds
      user cpu time       0.00 seconds
      system cpu time     0.01 seconds
      memory              847.96k
      OS Memory           26536.00k
      Timestamp           08/26/2026 06:54:12 PM
      Step Count                        574  Switch Count  2
      Page Faults                       0
      Page Reclaims                     103
      Page Swaps                        0
      Voluntary Context Switches        11
      Involuntary Context Switches      0
      Block Input Operations            0
      Block Output Operations           264
      


NOTE: There were 42 observations read from the data set WORK._DVJ_OUT_LBL.
NOTE: The data set WORK._DVJ_OUT_LBL has 42 observations and 41 variables.
NOTE: PROCEDURE SORT used (Total process time):
      real time           0.00 seconds
      user cpu time       0.00 seconds
      system cpu time     0.00 seconds
      memory              846.87k
      OS Memory           26536.00k
      Timestamp           08/26/2026 06:54:12 PM
      Step Count                        575  Switch Count  2
      Page Faults                       0
      Page Reclaims                     103
      Page Swaps                        0
      Voluntary Context Switches        11
      Involuntary Context Switches      0
      Block Input Operations            0
      Block Output Operations           264
      
215                                                        The SAS System                     Wednesday, August 26, 2026 11:54:12 AM



NOTE: There were 42 observations read from the data set WORK._DVJ_OUT_LBL.
NOTE: There were 40 observations read from the data set WORK._DVJ_IN_LBL.
NOTE: The data set WORK._DVJ_RELABEL has 25 observations and 2 variables.
NOTE: DATA statement used (Total process time):
      real time           0.00 seconds
      user cpu time       0.00 seconds
      system cpu time     0.00 seconds
      memory              1253.06k
      OS Memory           26796.00k
      Timestamp           08/26/2026 06:54:12 PM
      Step Count                        576  Switch Count  2
      Page Faults                       0
      Page Reclaims                     154
      Page Swaps                        0
      Voluntary Context Switches        11
      Involuntary Context Switches      0
      Block Input Operations            0
      Block Output Operations           264
      

NOTE: PROCEDURE SQL used (Total process time):
      real time           0.00 seconds
      user cpu time       0.00 seconds
      system cpu time     0.00 seconds
      memory              5455.68k
      OS Memory           31400.00k
      Timestamp           08/26/2026 06:54:12 PM
      Step Count                        577  Switch Count  0
      Page Faults                       0
      Page Reclaims                     52
      Page Swaps                        0
      Voluntary Context Switches        0
      Involuntary Context Switches      0
      Block Input Operations            0
      Block Output Operations           0
      


NOTE: There were 25 observations read from the data set WORK._DVJ_RELABEL.
NOTE: DATA statement used (Total process time):
      real time           0.00 seconds
      user cpu time       0.01 seconds
      system cpu time     0.00 seconds
      memory              626.15k
      OS Memory           26276.00k
      Timestamp           08/26/2026 06:54:12 PM
      Step Count                        578  Switch Count  0
      Page Faults                       0
      Page Reclaims                     57
      Page Swaps                        0
      Voluntary Context Switches        0
      Involuntary Context Switches      0
      Block Input Operations            0
      Block Output Operations           0
      

216                                                        The SAS System                     Wednesday, August 26, 2026 11:54:12 AM

NOTE: CALL EXECUTE generated line.
1         + proc datasets lib=WORK nolist; modify _ADM_13;
2         + label DOMAIN='Domain Abbreviation
3         +                ';
4         + label EGBLFL='Baseline Flag
5         +                ';
6         + label EGDTC='Date/Time of Measurements
7         +               ';
8         + label EGDY='Study Day of Vital Signs
9         +              ';
10        + label EGELTM='Planned Elapsed Time from Time Point Ref
11        +                ';
12        + label EGLOC='Location of Vital Signs Measurement
13        +               ';
14        + label EGORRES='Original Result
15        +                 ';
16        + label EGORRESU='Original Units
17        +                  ';
18        + label EGSEQ='Sequence Number
19        +               ';
20        + label EGSTAT='Completion Status
21        +                ';
22        + label EGSTRESC='Standard Character Result
23        +                  ';
24        + label EGSTRESN='Standard Numeric Result
25        +                  ';
26        + label EGSTRESU='Standard Units
27        +                  ';
28        + label EGTEST='Test Name
29        +                ';
30        + label EGTESTCD='Test Code
31        +                  ';
32        + label EGTPT='Planned Time Point Number
33        +               ';
34        + label EGTPTNUM='Time Point Number
35        +                  ';
36        + label EGTPTREF='Time Point Reference
37        +                  ';
38        + label STUDYID='Study Identifier
39        +                 ';
40        + label TRTEDT='Date of Last Exposure to Treatment
41        +                ';
42        + label TRTSDT='Date of First Exposure to Treatment
43        +                ';
44        + label USUBJID='Unique Subject Identifier
45        +                 ';
46        + label VISIT='Visit Name
47        +               ';
48        + label VISITDY='Planned Study Day of Visit
49        +                 ';
50        + label VISITNUM='Visit Number
51        +                  ';
52        + quit;

NOTE: MODIFY was successful for WORK._ADM_13.DATA.
NOTE: PROCEDURE DATASETS used (Total process time):
      real time           0.00 seconds
      user cpu time       0.00 seconds
217                                                        The SAS System                     Wednesday, August 26, 2026 11:54:12 AM

      system cpu time     0.00 seconds
      memory              1789.56k
      OS Memory           27044.00k
      Timestamp           08/26/2026 06:54:12 PM
      Step Count                        579  Switch Count  0
      Page Faults                       0
      Page Reclaims                     274
      Page Swaps                        0
      Voluntary Context Switches        0
      Involuntary Context Switches      1
      Block Input Operations            0
      Block Output Operations           8
      

NOTE: m_derive_vars_joined restored 25 label(s) on WORK._ADM_13

NOTE: Deleting WORK._DVJ_ADD (memtype=DATA).
NOTE: Deleting WORK._DVJ_BASE (memtype=DATA).
NOTE: Deleting WORK._DVJ_JOINED (memtype=DATA).
NOTE: Deleting WORK._DVJ_OUT (memtype=DATA).
NOTE: Deleting WORK._DVJ_IN_LBL (memtype=DATA).
NOTE: Deleting WORK._DVJ_OUT_LBL (memtype=DATA).
NOTE: Deleting WORK._DVJ_RELABEL (memtype=DATA).
NOTE: PROCEDURE DATASETS used (Total process time):
      real time           0.02 seconds
      user cpu time       0.00 seconds
      system cpu time     0.02 seconds
      memory              350.71k
      OS Memory           26276.00k
      Timestamp           08/26/2026 06:54:12 PM
      Step Count                        580  Switch Count  14
      Page Faults                       0
      Page Reclaims                     48
      Page Swaps                        0
      Voluntary Context Switches        65
      Involuntary Context Switches      3
      Block Input Operations            0
      Block Output Operations           8
      

NOTE: work._adm_13 has 78756 observations.

NOTE: There were 78756 observations read from the data set WORK._ADM_13.
NOTE: The data set WORK._ADM_14 has 78756 observations and 43 variables.
NOTE: DATA statement used (Total process time):
      real time           0.04 seconds
      user cpu time       0.02 seconds
      system cpu time     0.04 seconds
      memory              3502.75k
      OS Memory           29608.00k
      Timestamp           08/26/2026 06:54:13 PM
      Step Count                        581  Switch Count  2
      Page Faults                       0
      Page Reclaims                     598
      Page Swaps                        0
      Voluntary Context Switches        11
      Involuntary Context Switches      0
      Block Input Operations            0
218                                                        The SAS System                     Wednesday, August 26, 2026 11:54:13 AM

      Block Output Operations           131848
      


NOTE: There were 78756 observations read from the data set WORK._ADM_14.
NOTE: The data set WORK._ADM_15 has 78756 observations and 44 variables.
NOTE: DATA statement used (Total process time):
      real time           0.05 seconds
      user cpu time       0.01 seconds
      system cpu time     0.03 seconds
      memory              3510.43k
      OS Memory           29608.00k
      Timestamp           08/26/2026 06:54:13 PM
      Step Count                        582  Switch Count  2
      Page Faults                       0
      Page Reclaims                     598
      Page Swaps                        0
      Voluntary Context Switches        11
      Involuntary Context Switches      0
      Block Input Operations            0
      Block Output Operations           148488
      


NOTE: There were 78756 observations read from the data set WORK._ADM_15.
NOTE: The data set WORK._ADM_EX_ALL has 78756 observations and 46 variables.
NOTE: DATA statement used (Total process time):
      real time           0.05 seconds
      user cpu time       0.01 seconds
      system cpu time     0.04 seconds
      memory              3513.40k
      OS Memory           29608.00k
      Timestamp           08/26/2026 06:54:13 PM
      Step Count                        583  Switch Count  2
      Page Faults                       0
      Page Reclaims                     598
      Page Swaps                        0
      Voluntary Context Switches        11
      Involuntary Context Switches      1
      Block Input Operations            0
      Block Output Operations           149512
      


NOTE: There were 5285 observations read from the data set WORK._ADM_EX_ALL.
      WHERE ((not MISSING(AVAL)) or (not MISSING(AVALC))) and (not MISSING(TRTSDT)) and (ADT<=TRTSDT) and (not MISSING(BASETYPE)) 
      and (UPCASE(STRIP(DTYPE))='AVERAGE') and (UPCASE(STRIP(PARAMCD)) not = 'EGINTP');
NOTE: The data set WORK._ADM_EX_CAND has 5285 observations and 46 variables.
NOTE: DATA statement used (Total process time):
      real time           0.04 seconds
      user cpu time       0.03 seconds
      system cpu time     0.02 seconds
      memory              3547.15k
      OS Memory           29608.00k
      Timestamp           08/26/2026 06:54:13 PM
      Step Count                        584  Switch Count  2
      Page Faults                       0
      Page Reclaims                     598
219                                                        The SAS System                     Wednesday, August 26, 2026 11:54:13 AM

      Page Swaps                        0
      Voluntary Context Switches        11
      Involuntary Context Switches      0
      Block Input Operations            0
      Block Output Operations           10248
      


NOTE: There were 5285 observations read from the data set WORK._ADM_EX_CAND.
NOTE: The data set WORK._ADM_EX_S has 5285 observations and 46 variables.
NOTE: PROCEDURE SORT used (Total process time):
      real time           0.01 seconds
      user cpu time       0.00 seconds
      system cpu time     0.00 seconds
      memory              8712.37k
      OS Memory           33740.00k
      Timestamp           08/26/2026 06:54:13 PM
      Step Count                        585  Switch Count  2
      Page Faults                       0
      Page Reclaims                     1932
      Page Swaps                        0
      Voluntary Context Switches        12
      Involuntary Context Switches      1
      Block Input Operations            0
      Block Output Operations           10256
      


NOTE: There were 5285 observations read from the data set WORK._ADM_EX_S.
NOTE: The data set WORK._ADM_EX_FLG has 1778 observations and 2 variables.
NOTE: DATA statement used (Total process time):
      real time           0.00 seconds
      user cpu time       0.00 seconds
      system cpu time     0.01 seconds
      memory              2269.03k
      OS Memory           27304.00k
      Timestamp           08/26/2026 06:54:13 PM
      Step Count                        586  Switch Count  2
      Page Faults                       0
      Page Reclaims                     306
      Page Swaps                        0
      Voluntary Context Switches        10
      Involuntary Context Switches      0
      Block Input Operations            0
      Block Output Operations           264
      


NOTE: There were 78756 observations read from the data set WORK._ADM_EX_ALL.
NOTE: The data set WORK._ADM_EX_ALL has 78756 observations and 46 variables.
NOTE: PROCEDURE SORT used (Total process time):
      real time           0.11 seconds
      user cpu time       0.04 seconds
      system cpu time     0.07 seconds
      memory              80049.37k
      OS Memory           105024.00k
      Timestamp           08/26/2026 06:54:13 PM
      Step Count                        587  Switch Count  2
220                                                        The SAS System                     Wednesday, August 26, 2026 11:54:13 AM

      Page Faults                       0
      Page Reclaims                     19527
      Page Swaps                        0
      Voluntary Context Switches        11
      Involuntary Context Switches      1
      Block Input Operations            0
      Block Output Operations           149512
      


NOTE: There were 1778 observations read from the data set WORK._ADM_EX_FLG.
NOTE: The data set WORK._ADM_EX_FLG has 1778 observations and 2 variables.
NOTE: PROCEDURE SORT used (Total process time):
      real time           0.00 seconds
      user cpu time       0.00 seconds
      system cpu time     0.00 seconds
      memory              798.40k
      OS Memory           26536.00k
      Timestamp           08/26/2026 06:54:13 PM
      Step Count                        588  Switch Count  2
      Page Faults                       0
      Page Reclaims                     106
      Page Swaps                        0
      Voluntary Context Switches        11
      Involuntary Context Switches      0
      Block Input Operations            0
      Block Output Operations           272
      


NOTE: There were 78756 observations read from the data set WORK._ADM_EX_ALL.
NOTE: There were 1778 observations read from the data set WORK._ADM_EX_FLG.
NOTE: The data set WORK._ADM_16 has 78756 observations and 45 variables.
NOTE: DATA statement used (Total process time):
      real time           0.05 seconds
      user cpu time       0.01 seconds
      system cpu time     0.05 seconds
      memory              3952.81k
      OS Memory           29868.00k
      Timestamp           08/26/2026 06:54:13 PM
      Step Count                        589  Switch Count  2
      Page Faults                       0
      Page Reclaims                     632
      Page Swaps                        0
      Voluntary Context Switches        11
      Involuntary Context Switches      2
      Block Input Operations            0
      Block Output Operations           148488
      


NOTE: Deleting WORK._ADM_EX_ALL (memtype=DATA).
NOTE: Deleting WORK._ADM_EX_CAND (memtype=DATA).
NOTE: Deleting WORK._ADM_EX_S (memtype=DATA).
NOTE: Deleting WORK._ADM_EX_FLG (memtype=DATA).
NOTE: PROCEDURE DATASETS used (Total process time):
      real time           0.00 seconds
      user cpu time       0.00 seconds
221                                                        The SAS System                     Wednesday, August 26, 2026 11:54:13 AM

      system cpu time     0.01 seconds
      memory              357.84k
      OS Memory           26276.00k
      Timestamp           08/26/2026 06:54:13 PM
      Step Count                        590  Switch Count  8
      Page Faults                       0
      Page Reclaims                     48
      Page Swaps                        0
      Voluntary Context Switches        36
      Involuntary Context Switches      0
      Block Input Operations            0
      Block Output Operations           8
      

NOTE: work._adm_16 has 78756 observations.
NOTE: Table WORK._BASE_SRC created, with 1778 rows and 5 columns.

NOTE: PROCEDURE SQL used (Total process time):
      real time           0.01 seconds
      user cpu time       0.01 seconds
      system cpu time     0.02 seconds
      memory              6841.78k
      OS Memory           32168.00k
      Timestamp           08/26/2026 06:54:13 PM
      Step Count                        591  Switch Count  3
      Page Faults                       0
      Page Reclaims                     553
      Page Swaps                        0
      Voluntary Context Switches        22
      Involuntary Context Switches      0
      Block Input Operations            0
      Block Output Operations           520
      


NOTE: There were 78756 observations read from the data set WORK._ADM_16.
NOTE: The data set WORK._BASE_ALL has 78756 observations and 45 variables.
NOTE: PROCEDURE SORT used (Total process time):
      real time           0.12 seconds
      user cpu time       0.04 seconds
      system cpu time     0.08 seconds
      memory              90309.15k
      OS Memory           114880.00k
      Timestamp           08/26/2026 06:54:13 PM
      Step Count                        592  Switch Count  2
      Page Faults                       0
      Page Reclaims                     21989
      Page Swaps                        0
      Voluntary Context Switches        11
      Involuntary Context Switches      1
      Block Input Operations            0
      Block Output Operations           148496
      


NOTE: Input data set is already sorted, no sorting done.
NOTE: PROCEDURE SORT used (Total process time):
      real time           0.00 seconds
222                                                        The SAS System                     Wednesday, August 26, 2026 11:54:13 AM

      user cpu time       0.00 seconds
      system cpu time     0.00 seconds
      memory              534.18k
      OS Memory           26276.00k
      Timestamp           08/26/2026 06:54:13 PM
      Step Count                        593  Switch Count  0
      Page Faults                       0
      Page Reclaims                     49
      Page Swaps                        0
      Voluntary Context Switches        0
      Involuntary Context Switches      0
      Block Input Operations            0
      Block Output Operations           0
      


NOTE: There were 78756 observations read from the data set WORK._BASE_ALL.
NOTE: There were 1778 observations read from the data set WORK._BASE_SRC.
NOTE: The data set WORK._ADM_17 has 78756 observations and 46 variables.
NOTE: DATA statement used (Total process time):
      real time           0.06 seconds
      user cpu time       0.03 seconds
      system cpu time     0.03 seconds
      memory              4141.56k
      OS Memory           30124.00k
      Timestamp           08/26/2026 06:54:13 PM
      Step Count                        594  Switch Count  2
      Page Faults                       0
      Page Reclaims                     667
      Page Swaps                        0
      Voluntary Context Switches        11
      Involuntary Context Switches      3
      Block Input Operations            0
      Block Output Operations           149512
      


NOTE: Deleting WORK._BASE_SRC (memtype=DATA).
NOTE: Deleting WORK._BASE_ALL (memtype=DATA).
NOTE: PROCEDURE DATASETS used (Total process time):
      real time           0.00 seconds
      user cpu time       0.00 seconds
      system cpu time     0.01 seconds
      memory              348.37k
      OS Memory           26276.00k
      Timestamp           08/26/2026 06:54:13 PM
      Step Count                        595  Switch Count  4
      Page Faults                       0
      Page Reclaims                     52
      Page Swaps                        0
      Voluntary Context Switches        18
      Involuntary Context Switches      1
      Block Input Operations            0
      Block Output Operations           8
      

NOTE: work._adm_17 has 78756 observations.

223                                                        The SAS System                     Wednesday, August 26, 2026 11:54:13 AM

NOTE: There were 78756 observations read from the data set WORK._ADM_17.
NOTE: The data set WORK._BASE_CAND has 78756 observations and 46 variables.
NOTE: PROCEDURE SORT used (Total process time):
      real time           0.12 seconds
      user cpu time       0.05 seconds
      system cpu time     0.07 seconds
      memory              91379.37k
      OS Memory           115908.00k
      Timestamp           08/26/2026 06:54:13 PM
      Step Count                        596  Switch Count  2
      Page Faults                       0
      Page Reclaims                     22174
      Page Swaps                        0
      Voluntary Context Switches        11
      Involuntary Context Switches      3
      Block Input Operations            0
      Block Output Operations           149520
      


NOTE: There were 1778 observations read from the data set WORK._BASE_CAND.
      WHERE ABLFL='Y';
NOTE: The data set WORK._BASE_SRC has 1778 observations and 5 variables.
NOTE: DATA statement used (Total process time):
      real time           0.01 seconds
      user cpu time       0.01 seconds
      system cpu time     0.02 seconds
      memory              2814.59k
      OS Memory           28328.00k
      Timestamp           08/26/2026 06:54:13 PM
      Step Count                        597  Switch Count  2
      Page Faults                       0
      Page Reclaims                     438
      Page Swaps                        0
      Voluntary Context Switches        12
      Involuntary Context Switches      0
      Block Input Operations            0
      Block Output Operations           1288
      


NOTE: There were 78756 observations read from the data set WORK._ADM_17.
NOTE: The data set WORK._BASE_ALL has 78756 observations and 46 variables.
NOTE: PROCEDURE SORT used (Total process time):
      real time           0.12 seconds
      user cpu time       0.04 seconds
      system cpu time     0.07 seconds
      memory              91348.81k
      OS Memory           115908.00k
      Timestamp           08/26/2026 06:54:13 PM
      Step Count                        598  Switch Count  2
      Page Faults                       0
      Page Reclaims                     22174
      Page Swaps                        0
      Voluntary Context Switches        11
      Involuntary Context Switches      3
      Block Input Operations            0
      Block Output Operations           149520
224                                                        The SAS System                     Wednesday, August 26, 2026 11:54:13 AM

      


NOTE: There were 1778 observations read from the data set WORK._BASE_SRC.
NOTE: The data set WORK._BASE_SRC has 1778 observations and 5 variables.
NOTE: PROCEDURE SORT used (Total process time):
      real time           0.00 seconds
      user cpu time       0.00 seconds
      system cpu time     0.01 seconds
      memory              2381.28k
      OS Memory           27956.00k
      Timestamp           08/26/2026 06:54:13 PM
      Step Count                        599  Switch Count  2
      Page Faults                       0
      Page Reclaims                     357
      Page Swaps                        0
      Voluntary Context Switches        11
      Involuntary Context Switches      0
      Block Input Operations            0
      Block Output Operations           1288
      


NOTE: There were 78756 observations read from the data set WORK._BASE_ALL.
NOTE: There were 1778 observations read from the data set WORK._BASE_SRC.
NOTE: The data set WORK._ADM_18 has 78756 observations and 47 variables.
NOTE: DATA statement used (Total process time):
      real time           0.07 seconds
      user cpu time       0.02 seconds
      system cpu time     0.04 seconds
      memory              4525.81k
      OS Memory           30508.00k
      Timestamp           08/26/2026 06:54:13 PM
      Step Count                        600  Switch Count  2
      Page Faults                       0
      Page Reclaims                     763
      Page Swaps                        0
      Voluntary Context Switches        11
      Involuntary Context Switches      2
      Block Input Operations            0
      Block Output Operations           180232
      


NOTE: Deleting WORK._BASE_SRC (memtype=DATA).
NOTE: Deleting WORK._BASE_ALL (memtype=DATA).
NOTE: Deleting WORK._BASE_CAND (memtype=DATA).
NOTE: PROCEDURE DATASETS used (Total process time):
      real time           0.01 seconds
      user cpu time       0.00 seconds
      system cpu time     0.02 seconds
      memory              352.71k
      OS Memory           26276.00k
      Timestamp           08/26/2026 06:54:13 PM
      Step Count                        601  Switch Count  6
      Page Faults                       0
      Page Reclaims                     48
      Page Swaps                        0
225                                                        The SAS System                     Wednesday, August 26, 2026 11:54:13 AM

      Voluntary Context Switches        27
      Involuntary Context Switches      3
      Block Input Operations            0
      Block Output Operations           8
      

NOTE: work._adm_18 has 78756 observations.

NOTE: There were 78756 observations read from the data set WORK._ADM_18.
NOTE: The data set WORK._BASE_CAND has 78756 observations and 47 variables.
NOTE: PROCEDURE SORT used (Total process time):
      real time           0.14 seconds
      user cpu time       0.05 seconds
      system cpu time     0.09 seconds
      memory              106625.53k
      OS Memory           131196.00k
      Timestamp           08/26/2026 06:54:14 PM
      Step Count                        602  Switch Count  2
      Page Faults                       0
      Page Reclaims                     26118
      Page Swaps                        0
      Voluntary Context Switches        10
      Involuntary Context Switches      1
      Block Input Operations            0
      Block Output Operations           180240
      


NOTE: There were 1778 observations read from the data set WORK._BASE_CAND.
      WHERE ABLFL='Y';
NOTE: The data set WORK._BASE_SRC has 1778 observations and 5 variables.
NOTE: DATA statement used (Total process time):
      real time           0.02 seconds
      user cpu time       0.01 seconds
      system cpu time     0.01 seconds
      memory              2527.34k
      OS Memory           27816.00k
      Timestamp           08/26/2026 06:54:14 PM
      Step Count                        603  Switch Count  2
      Page Faults                       0
      Page Reclaims                     382
      Page Swaps                        0
      Voluntary Context Switches        10
      Involuntary Context Switches      0
      Block Input Operations            0
      Block Output Operations           776
      


NOTE: There were 78756 observations read from the data set WORK._ADM_18.
NOTE: The data set WORK._BASE_ALL has 78756 observations and 47 variables.
NOTE: PROCEDURE SORT used (Total process time):
      real time           0.14 seconds
      user cpu time       0.05 seconds
      system cpu time     0.09 seconds
      memory              106594.53k
      OS Memory           131196.00k
      Timestamp           08/26/2026 06:54:14 PM
226                                                        The SAS System                     Wednesday, August 26, 2026 11:54:14 AM

      Step Count                        604  Switch Count  2
      Page Faults                       0
      Page Reclaims                     26118
      Page Swaps                        0
      Voluntary Context Switches        11
      Involuntary Context Switches      1
      Block Input Operations            0
      Block Output Operations           180256
      


NOTE: There were 1778 observations read from the data set WORK._BASE_SRC.
NOTE: The data set WORK._BASE_SRC has 1778 observations and 5 variables.
NOTE: PROCEDURE SORT used (Total process time):
      real time           0.00 seconds
      user cpu time       0.01 seconds
      system cpu time     0.00 seconds
      memory              2150.90k
      OS Memory           27700.00k
      Timestamp           08/26/2026 06:54:14 PM
      Step Count                        605  Switch Count  2
      Page Faults                       0
      Page Reclaims                     216
      Page Swaps                        0
      Voluntary Context Switches        11
      Involuntary Context Switches      0
      Block Input Operations            0
      Block Output Operations           776
      


NOTE: There were 78756 observations read from the data set WORK._BASE_ALL.
NOTE: There were 1778 observations read from the data set WORK._BASE_SRC.
NOTE: The data set WORK._ADM_19 has 78756 observations and 48 variables.
NOTE: DATA statement used (Total process time):
      real time           0.07 seconds
      user cpu time       0.02 seconds
      system cpu time     0.05 seconds
      memory              4275.78k
      OS Memory           30252.00k
      Timestamp           08/26/2026 06:54:14 PM
      Step Count                        606  Switch Count  2
      Page Faults                       0
      Page Reclaims                     699
      Page Swaps                        0
      Voluntary Context Switches        11
      Involuntary Context Switches      2
      Block Input Operations            0
      Block Output Operations           183560
      


NOTE: Deleting WORK._BASE_SRC (memtype=DATA).
NOTE: Deleting WORK._BASE_ALL (memtype=DATA).
NOTE: Deleting WORK._BASE_CAND (memtype=DATA).
NOTE: PROCEDURE DATASETS used (Total process time):
      real time           0.01 seconds
      user cpu time       0.00 seconds
227                                                        The SAS System                     Wednesday, August 26, 2026 11:54:14 AM

      system cpu time     0.02 seconds
      memory              353.84k
      OS Memory           26276.00k
      Timestamp           08/26/2026 06:54:14 PM
      Step Count                        607  Switch Count  6
      Page Faults                       0
      Page Reclaims                     48
      Page Swaps                        0
      Voluntary Context Switches        27
      Involuntary Context Switches      2
      Block Input Operations            0
      Block Output Operations           16
      

NOTE: work._adm_19 has 78756 observations.

NOTE: There were 78756 observations read from the data set WORK._ADM_19.
NOTE: The data set WORK._ADM_CHG has 78756 observations and 49 variables.
NOTE: DATA statement used (Total process time):
      real time           0.06 seconds
      user cpu time       0.02 seconds
      system cpu time     0.05 seconds
      memory              3511.40k
      OS Memory           29608.00k
      Timestamp           08/26/2026 06:54:14 PM
      Step Count                        608  Switch Count  2
      Page Faults                       0
      Page Reclaims                     598
      Page Swaps                        0
      Voluntary Context Switches        11
      Involuntary Context Switches      0
      Block Input Operations            0
      Block Output Operations           185096
      

NOTE: work._adm_chg has 78756 observations.

NOTE: There were 78756 observations read from the data set WORK._ADM_CHG.
NOTE: The data set WORK._ADM_20 has 78756 observations and 49 variables.
NOTE: DATA statement used (Total process time):
      real time           0.06 seconds
      user cpu time       0.02 seconds
      system cpu time     0.05 seconds
      memory              3524.56k
      OS Memory           29608.00k
      Timestamp           08/26/2026 06:54:14 PM
      Step Count                        609  Switch Count  2
      Page Faults                       0
      Page Reclaims                     598
      Page Swaps                        0
      Voluntary Context Switches        11
      Involuntary Context Switches      1
      Block Input Operations            0
      Block Output Operations           185096
      


NOTE: Deleting WORK._ADM_CHG (memtype=DATA).
228                                                        The SAS System                     Wednesday, August 26, 2026 11:54:14 AM

NOTE: PROCEDURE DATASETS used (Total process time):
      real time           0.00 seconds
      user cpu time       0.00 seconds
      system cpu time     0.00 seconds
      memory              351.43k
      OS Memory           26276.00k
      Timestamp           08/26/2026 06:54:14 PM
      Step Count                        610  Switch Count  2
      Page Faults                       0
      Page Reclaims                     48
      Page Swaps                        0
      Voluntary Context Switches        9
      Involuntary Context Switches      0
      Block Input Operations            0
      Block Output Operations           8
      


NOTE: There were 78756 observations read from the data set WORK._ADM_20.
NOTE: The data set WORK._ADM_PCHG has 78756 observations and 50 variables.
NOTE: DATA statement used (Total process time):
      real time           0.06 seconds
      user cpu time       0.02 seconds
      system cpu time     0.05 seconds
      memory              3518.28k
      OS Memory           29608.00k
      Timestamp           08/26/2026 06:54:14 PM
      Step Count                        611  Switch Count  2
      Page Faults                       0
      Page Reclaims                     598
      Page Swaps                        0
      Voluntary Context Switches        11
      Involuntary Context Switches      2
      Block Input Operations            0
      Block Output Operations           185096
      

NOTE: work._adm_pchg has 78756 observations.

NOTE: There were 78756 observations read from the data set WORK._ADM_PCHG.
NOTE: The data set WORK._ADM_21 has 78756 observations and 50 variables.
NOTE: DATA statement used (Total process time):
      real time           0.06 seconds
      user cpu time       0.01 seconds
      system cpu time     0.05 seconds
      memory              3526.25k
      OS Memory           29608.00k
      Timestamp           08/26/2026 06:54:14 PM
      Step Count                        612  Switch Count  2
      Page Faults                       0
      Page Reclaims                     598
      Page Swaps                        0
      Voluntary Context Switches        11
      Involuntary Context Switches      1
      Block Input Operations            0
      Block Output Operations           185096
      

229                                                        The SAS System                     Wednesday, August 26, 2026 11:54:14 AM


NOTE: Deleting WORK._ADM_PCHG (memtype=DATA).
NOTE: PROCEDURE DATASETS used (Total process time):
      real time           0.00 seconds
      user cpu time       0.00 seconds
      system cpu time     0.01 seconds
      memory              351.43k
      OS Memory           26276.00k
      Timestamp           08/26/2026 06:54:14 PM
      Step Count                        613  Switch Count  2
      Page Faults                       0
      Page Reclaims                     48
      Page Swaps                        0
      Voluntary Context Switches        9
      Involuntary Context Switches      0
      Block Input Operations            0
      Block Output Operations           8
      


NOTE: There were 78756 observations read from the data set WORK._ADM_21.
NOTE: The data set WORK._ADM_EX_ALL has 78756 observations and 52 variables.
NOTE: DATA statement used (Total process time):
      real time           0.06 seconds
      user cpu time       0.03 seconds
      system cpu time     0.05 seconds
      memory              3534.78k
      OS Memory           29608.00k
      Timestamp           08/26/2026 06:54:14 PM
      Step Count                        614  Switch Count  2
      Page Faults                       0
      Page Reclaims                     598
      Page Swaps                        0
      Voluntary Context Switches        11
      Involuntary Context Switches      0
      Block Input Operations            0
      Block Output Operations           186888
      


NOTE: There were 12516 observations read from the data set WORK._ADM_EX_ALL.
      WHERE (not MISSING(AVISITN)) and ((ONTRTFL='Y') or (ABLFL='Y')) and (UPCASE(STRIP(DTYPE))='AVERAGE');
NOTE: The data set WORK._ADM_EX_CAND has 12516 observations and 52 variables.
NOTE: DATA statement used (Total process time):
      real time           0.04 seconds
      user cpu time       0.03 seconds
      system cpu time     0.01 seconds
      memory              3586.21k
      OS Memory           29608.00k
      Timestamp           08/26/2026 06:54:14 PM
      Step Count                        615  Switch Count  2
      Page Faults                       0
      Page Reclaims                     598
      Page Swaps                        0
      Voluntary Context Switches        11
      Involuntary Context Switches      0
      Block Input Operations            0
      Block Output Operations           29704
230                                                        The SAS System                     Wednesday, August 26, 2026 11:54:14 AM

      


NOTE: There were 12516 observations read from the data set WORK._ADM_EX_CAND.
NOTE: The data set WORK._ADM_EX_S has 12516 observations and 52 variables.
NOTE: PROCEDURE SORT used (Total process time):
      real time           0.02 seconds
      user cpu time       0.00 seconds
      system cpu time     0.02 seconds
      memory              21185.28k
      OS Memory           46076.00k
      Timestamp           08/26/2026 06:54:14 PM
      Step Count                        616  Switch Count  2
      Page Faults                       0
      Page Reclaims                     4827
      Page Swaps                        0
      Voluntary Context Switches        10
      Involuntary Context Switches      1
      Block Input Operations            0
      Block Output Operations           29712
      


NOTE: There were 12516 observations read from the data set WORK._ADM_EX_S.
NOTE: The data set WORK._ADM_EX_FLG has 12516 observations and 2 variables.
NOTE: DATA statement used (Total process time):
      real time           0.00 seconds
      user cpu time       0.00 seconds
      system cpu time     0.00 seconds
      memory              2374.28k
      OS Memory           27560.00k
      Timestamp           08/26/2026 06:54:14 PM
      Step Count                        617  Switch Count  2
      Page Faults                       0
      Page Reclaims                     331
      Page Swaps                        0
      Voluntary Context Switches        10
      Involuntary Context Switches      0
      Block Input Operations            0
      Block Output Operations           520
      


NOTE: There were 78756 observations read from the data set WORK._ADM_EX_ALL.
NOTE: The data set WORK._ADM_EX_ALL has 78756 observations and 52 variables.
NOTE: PROCEDURE SORT used (Total process time):
      real time           0.13 seconds
      user cpu time       0.04 seconds
      system cpu time     0.11 seconds
      memory              99027.71k
      OS Memory           124052.00k
      Timestamp           08/26/2026 06:54:14 PM
      Step Count                        618  Switch Count  2
      Page Faults                       0
      Page Reclaims                     24168
      Page Swaps                        0
      Voluntary Context Switches        15
      Involuntary Context Switches      1
231                                                        The SAS System                     Wednesday, August 26, 2026 11:54:14 AM

      Block Input Operations            0
      Block Output Operations           186888
      


NOTE: There were 12516 observations read from the data set WORK._ADM_EX_FLG.
NOTE: The data set WORK._ADM_EX_FLG has 12516 observations and 2 variables.
NOTE: PROCEDURE SORT used (Total process time):
      real time           0.00 seconds
      user cpu time       0.00 seconds
      system cpu time     0.00 seconds
      memory              2171.40k
      OS Memory           27572.00k
      Timestamp           08/26/2026 06:54:14 PM
      Step Count                        619  Switch Count  2
      Page Faults                       0
      Page Reclaims                     153
      Page Swaps                        0
      Voluntary Context Switches        10
      Involuntary Context Switches      0
      Block Input Operations            0
      Block Output Operations           520
      


NOTE: There were 78756 observations read from the data set WORK._ADM_EX_ALL.
NOTE: There were 12516 observations read from the data set WORK._ADM_EX_FLG.
NOTE: The data set WORK._ADM_22 has 78756 observations and 51 variables.
NOTE: DATA statement used (Total process time):
      real time           0.07 seconds
      user cpu time       0.03 seconds
      system cpu time     0.04 seconds
      memory              4112.93k
      OS Memory           30124.00k
      Timestamp           08/26/2026 06:54:15 PM
      Step Count                        620  Switch Count  2
      Page Faults                       0
      Page Reclaims                     667
      Page Swaps                        0
      Voluntary Context Switches        12
      Involuntary Context Switches      0
      Block Input Operations            0
      Block Output Operations           185096
      


NOTE: Deleting WORK._ADM_EX_ALL (memtype=DATA).
NOTE: Deleting WORK._ADM_EX_CAND (memtype=DATA).
NOTE: Deleting WORK._ADM_EX_S (memtype=DATA).
NOTE: Deleting WORK._ADM_EX_FLG (memtype=DATA).
NOTE: PROCEDURE DATASETS used (Total process time):
      real time           0.01 seconds
      user cpu time       0.00 seconds
      system cpu time     0.01 seconds
      memory              405.12k
      OS Memory           26276.00k
      Timestamp           08/26/2026 06:54:15 PM
      Step Count                        621  Switch Count  8
232                                                        The SAS System                     Wednesday, August 26, 2026 11:54:15 AM

      Page Faults                       0
      Page Reclaims                     48
      Page Swaps                        0
      Voluntary Context Switches        36
      Involuntary Context Switches      1
      Block Input Operations            0
      Block Output Operations           8
      

NOTE: work._adm_22 has 78756 observations.

NOTE: There were 78756 observations read from the data set WORK._ADM_22.
NOTE: The data set WORK._ADM_23 has 78756 observations and 53 variables.
NOTE: DATA statement used (Total process time):
      real time           0.07 seconds
      user cpu time       0.02 seconds
      system cpu time     0.06 seconds
      memory              3534.81k
      OS Memory           29608.00k
      Timestamp           08/26/2026 06:54:15 PM
      Step Count                        622  Switch Count  2
      Page Faults                       0
      Page Reclaims                     598
      Page Swaps                        0
      Voluntary Context Switches        11
      Involuntary Context Switches      3
      Block Input Operations            0
      Block Output Operations           216840
      


NOTE: There were 78756 observations read from the data set WORK._ADM_23.
NOTE: The data set WORK._ADM_OBS has 78756 observations and 59 variables.
NOTE: DATA statement used (Total process time):
      real time           0.07 seconds
      user cpu time       0.02 seconds
      system cpu time     0.06 seconds
      memory              3555.96k
      OS Memory           29608.00k
      Timestamp           08/26/2026 06:54:15 PM
      Step Count                        623  Switch Count  2
      Page Faults                       0
      Page Reclaims                     598
      Page Swaps                        0
      Voluntary Context Switches        11
      Involuntary Context Switches      1
      Block Input Operations            0
      Block Output Operations           224264
      


NOTE: There were 78756 observations read from the data set WORK._ADM_OBS.
NOTE: The data set WORK._ADM_OBS has 78756 observations and 59 variables.
NOTE: PROCEDURE SORT used (Total process time):
      real time           0.17 seconds
      user cpu time       0.05 seconds
      system cpu time     0.12 seconds
      memory              128056.87k
233                                                        The SAS System                     Wednesday, August 26, 2026 11:54:15 AM

      OS Memory           152928.00k
      Timestamp           08/26/2026 06:54:15 PM
      Step Count                        624  Switch Count  2
      Page Faults                       0
      Page Reclaims                     31433
      Page Swaps                        0
      Voluntary Context Switches        11
      Involuntary Context Switches      1
      Block Input Operations            0
      Block Output Operations           224264
      


NOTE: There were 78756 observations read from the data set WORK._ADM_OBS.
NOTE: The data set WORK._ADM_24 has 78756 observations and 54 variables.
NOTE: DATA statement used (Total process time):
      real time           0.07 seconds
      user cpu time       0.02 seconds
      system cpu time     0.06 seconds
      memory              3594.93k
      OS Memory           29608.00k
      Timestamp           08/26/2026 06:54:15 PM
      Step Count                        625  Switch Count  2
      Page Faults                       0
      Page Reclaims                     598
      Page Swaps                        0
      Voluntary Context Switches        11
      Involuntary Context Switches      3
      Block Input Operations            0
      Block Output Operations           216840
      


NOTE: Deleting WORK._ADM_OBS (memtype=DATA).
NOTE: PROCEDURE DATASETS used (Total process time):
      real time           0.01 seconds
      user cpu time       0.00 seconds
      system cpu time     0.01 seconds
      memory              405.15k
      OS Memory           26276.00k
      Timestamp           08/26/2026 06:54:15 PM
      Step Count                        626  Switch Count  2
      Page Faults                       0
      Page Reclaims                     48
      Page Swaps                        0
      Voluntary Context Switches        9
      Involuntary Context Switches      0
      Block Input Operations            0
      Block Output Operations           16
      

NOTE: m_adm_derive_var_obs_number missing-last ADM_OBS_NA_LAST=20260825P.

NOTE: There were 78756 observations read from the data set WORK._ADM_24.
NOTE: The data set WORK._ADM_25 has 78756 observations and 56 variables.
NOTE: DATA statement used (Total process time):
      real time           0.07 seconds
      user cpu time       0.03 seconds
234                                                        The SAS System                     Wednesday, August 26, 2026 11:54:15 AM

      system cpu time     0.05 seconds
      memory              3561.09k
      OS Memory           29608.00k
      Timestamp           08/26/2026 06:54:15 PM
      Step Count                        627  Switch Count  2
      Page Faults                       0
      Page Reclaims                     598
      Page Swaps                        0
      Voluntary Context Switches        11
      Involuntary Context Switches      0
      Block Input Operations            0
      Block Output Operations           224264
      


NOTE: There were 78756 observations read from the data set WORK._ADM_25.
NOTE: The data set WORK._ADM_26 has 78756 observations and 58 variables.
NOTE: DATA statement used (Total process time):
      real time           0.07 seconds
      user cpu time       0.02 seconds
      system cpu time     0.06 seconds
      memory              3567.40k
      OS Memory           29608.00k
      Timestamp           08/26/2026 06:54:15 PM
      Step Count                        628  Switch Count  2
      Page Faults                       0
      Page Reclaims                     598
      Page Swaps                        0
      Voluntary Context Switches        11
      Involuntary Context Switches      1
      Block Input Operations            0
      Block Output Operations           226568
      


NOTE: There were 8 observations read from the data set WORK._ADM_PARAM_LOOKUP.
NOTE: 0 observations with duplicate key values were deleted.
NOTE: The data set WORK._ADM_PLU has 8 observations and 4 variables.
NOTE: PROCEDURE SORT used (Total process time):
      real time           0.00 seconds
      user cpu time       0.00 seconds
      system cpu time     0.00 seconds
      memory              1042.43k
      OS Memory           26796.00k
      Timestamp           08/26/2026 06:54:15 PM
      Step Count                        629  Switch Count  2
      Page Faults                       0
      Page Reclaims                     147
      Page Swaps                        0
      Voluntary Context Switches        11
      Involuntary Context Switches      0
      Block Input Operations            0
      Block Output Operations           272
      


NOTE: There were 78756 observations read from the data set WORK._ADM_26.
NOTE: The data set WORK._ADM_PBASE has 78756 observations and 58 variables.
235                                                        The SAS System                     Wednesday, August 26, 2026 11:54:15 AM

NOTE: PROCEDURE SORT used (Total process time):
      real time           0.15 seconds
      user cpu time       0.04 seconds
      system cpu time     0.11 seconds
      memory              118707.53k
      OS Memory           143456.00k
      Timestamp           08/26/2026 06:54:15 PM
      Step Count                        630  Switch Count  2
      Page Faults                       0
      Page Reclaims                     29319
      Page Swaps                        0
      Voluntary Context Switches        11
      Involuntary Context Switches      1
      Block Input Operations            0
      Block Output Operations           226576
      


NOTE: There were 78756 observations read from the data set WORK._ADM_PBASE.
NOTE: There were 8 observations read from the data set WORK._ADM_PLU.
NOTE: The data set WORK._ADM_27 has 78756 observations and 60 variables.
NOTE: DATA statement used (Total process time):
      real time           0.08 seconds
      user cpu time       0.02 seconds
      system cpu time     0.06 seconds
      memory              3989.90k
      OS Memory           29868.00k
      Timestamp           08/26/2026 06:54:15 PM
      Step Count                        631  Switch Count  2
      Page Faults                       0
      Page Reclaims                     632
      Page Swaps                        0
      Voluntary Context Switches        11
      Involuntary Context Switches      0
      Block Input Operations            0
      Block Output Operations           240136
      


NOTE: Deleting WORK._ADM_PLU (memtype=DATA).
NOTE: Deleting WORK._ADM_PBASE (memtype=DATA).
NOTE: PROCEDURE DATASETS used (Total process time):
      real time           0.01 seconds
      user cpu time       0.01 seconds
      system cpu time     0.01 seconds
      memory              405.15k
      OS Memory           26276.00k
      Timestamp           08/26/2026 06:54:15 PM
      Step Count                        632  Switch Count  4
      Page Faults                       0
      Page Reclaims                     48
      Page Swaps                        0
      Voluntary Context Switches        18
      Involuntary Context Switches      0
      Block Input Operations            0
      Block Output Operations           8
      

236                                                        The SAS System                     Wednesday, August 26, 2026 11:54:15 AM

NOTE: ADEG PARAM PARAMN overlay ADM_PARAM_OVERLAY=20260825N.

NOTE: The data set WORK._MRAS_A has 58 observations and 1 variables.
NOTE: PROCEDURE CONTENTS used (Total process time):
      real time           0.12 seconds
      user cpu time       0.00 seconds
      system cpu time     0.02 seconds
      memory              1157.87k
      OS Memory           26796.00k
      Timestamp           08/26/2026 06:54:15 PM
      Step Count                        633  Switch Count  2
      Page Faults                       0
      Page Reclaims                     149
      Page Swaps                        0
      Voluntary Context Switches        20
      Involuntary Context Switches      0
      Block Input Operations            0
      Block Output Operations           272
      


NOTE: The data set WORK._MRAS_R has 108 observations and 1 variables.
NOTE: PROCEDURE CONTENTS used (Total process time):
      real time           0.51 seconds
      user cpu time       0.00 seconds
      system cpu time     0.02 seconds
      memory              2401.93k
      OS Memory           27564.00k
      Timestamp           08/26/2026 06:54:16 PM
      Step Count                        634  Switch Count  2
      Page Faults                       0
      Page Reclaims                     341
      Page Swaps                        0
      Voluntary Context Switches        18
      Involuntary Context Switches      0
      Block Input Operations            0
      Block Output Operations           272
      


NOTE: The data set WORK._MRAS_D has 60 observations and 1 variables.
NOTE: PROCEDURE CONTENTS used (Total process time):
      real time           0.00 seconds
      user cpu time       0.00 seconds
      system cpu time     0.00 seconds
      memory              2358.34k
      OS Memory           27564.00k
      Timestamp           08/26/2026 06:54:16 PM
      Step Count                        635  Switch Count  2
      Page Faults                       0
      Page Reclaims                     341
      Page Swaps                        0
      Voluntary Context Switches        9
      Involuntary Context Switches      1
      Block Input Operations            0
      Block Output Operations           272
      

237                                                        The SAS System                     Wednesday, August 26, 2026 11:54:16 AM


NOTE: There were 58 observations read from the data set WORK._MRAS_A.
NOTE: The data set WORK._MRAS_A has 58 observations and 1 variables.
NOTE: DATA statement used (Total process time):
      real time           0.00 seconds
      user cpu time       0.01 seconds
      system cpu time     0.00 seconds
      memory              807.00k
      OS Memory           26536.00k
      Timestamp           08/26/2026 06:54:16 PM
      Step Count                        636  Switch Count  2
      Page Faults                       0
      Page Reclaims                     121
      Page Swaps                        0
      Voluntary Context Switches        10
      Involuntary Context Switches      0
      Block Input Operations            0
      Block Output Operations           264
      


NOTE: There were 108 observations read from the data set WORK._MRAS_R.
NOTE: The data set WORK._MRAS_R has 108 observations and 1 variables.
NOTE: DATA statement used (Total process time):
      real time           0.00 seconds
      user cpu time       0.00 seconds
      system cpu time     0.00 seconds
      memory              809.40k
      OS Memory           26536.00k
      Timestamp           08/26/2026 06:54:16 PM
      Step Count                        637  Switch Count  2
      Page Faults                       0
      Page Reclaims                     121
      Page Swaps                        0
      Voluntary Context Switches        10
      Involuntary Context Switches      1
      Block Input Operations            0
      Block Output Operations           264
      


NOTE: There were 60 observations read from the data set WORK._MRAS_D.
NOTE: The data set WORK._MRAS_D has 60 observations and 1 variables.
NOTE: DATA statement used (Total process time):
      real time           0.00 seconds
      user cpu time       0.00 seconds
      system cpu time     0.00 seconds
      memory              809.40k
      OS Memory           26536.00k
      Timestamp           08/26/2026 06:54:16 PM
      Step Count                        638  Switch Count  2
      Page Faults                       0
      Page Reclaims                     121
      Page Swaps                        0
      Voluntary Context Switches        11
      Involuntary Context Switches      0
      Block Input Operations            0
      Block Output Operations           264
238                                                        The SAS System                     Wednesday, August 26, 2026 11:54:16 AM

      

NOTE: The query as specified involves ordering by an item that doesn't appear in its SELECT clause.
NOTE: PROCEDURE SQL used (Total process time):
      real time           0.00 seconds
      user cpu time       0.00 seconds
      system cpu time     0.00 seconds
      memory              10388.31k
      OS Memory           34024.00k
      Timestamp           08/26/2026 06:54:16 PM
      Step Count                        639  Switch Count  0
      Page Faults                       0
      Page Reclaims                     264
      Page Swaps                        0
      Voluntary Context Switches        13
      Involuntary Context Switches      0
      Block Input Operations            0
      Block Output Operations           24
      


NOTE: Deleting WORK._MRAS_A (memtype=DATA).
NOTE: Deleting WORK._MRAS_R (memtype=DATA).
NOTE: Deleting WORK._MRAS_D (memtype=DATA).
NOTE: PROCEDURE DATASETS used (Total process time):
      real time           0.00 seconds
      user cpu time       0.01 seconds
      system cpu time     0.00 seconds
      memory              414.62k
      OS Memory           26276.00k
      Timestamp           08/26/2026 06:54:16 PM
      Step Count                        640  Switch Count  6
      Page Faults                       0
      Page Reclaims                     48
      Page Swaps                        0
      Voluntary Context Switches        27
      Involuntary Context Switches      0
      Block Input Operations            0
      Block Output Operations           8
      

NOTE: m_adm_merge_remaining_adsl ADM_REMAIN_ADSL=20260825R nadd=47 vars=ACTARM=ACTARM ACTARMCD=ACTARMCD AGE=AGE AGEGR1=AGEGR1 
AGEU=AGEU ARM=ARM ARMCD=ARMCD COUNTRY=COUNTRY DMDTC=DMDTC DMDY=DMDY DTH30FL=DTH30FL DTHA30FL=DTHA30FL DTHADY=DTHADY 
DTHB30FL=DTHB30FL DTHCAUS=DTHCAUS DTHCGR1=DTHCGR1 DTHDOM=DTHDOM DTHDT=DTHDT DTHDTC=DTHDTC DTHDTF=DTHDTF DTHFL=DTHFL EOSDT=EOSDT 
EOSSTT=EOSSTT ETHNIC=ETHNIC FRVDT=FRVDT LDDTHELD=LDDTHELD LDDTHGR1=LDDTHGR1 RACE=RACE RACEGR1=RACEGR1 RANDDT=RANDDT REGION1=REGION1 
RFENDTC=RFENDTC RFICDTC=RFICDTC RFPENDTC=RFPENDTC RFSTDTC=RFSTDTC RFXENDTC=RFXENDTC RFXSTDTC=RFXSTDTC SAFFL=SAFFL SCRFDT=SCRFDT 
SEX=SEX SITEID=SITEID SUBJID=SUBJID TRTDURD=TRTDURD TRTEDTM=TRTEDTM TRTETMF=TRTETMF TRTSDTM=TRTSDTM TRTSTMF=TRTSTMF

NOTE: There were 306 observations read from the data set ADAM.ADSL.
      WHERE 1 /* an obviously TRUE WHERE clause */ ;
NOTE: The data set WORK._DVJ_ADD has 306 observations and 58 variables.
NOTE: DATA statement used (Total process time):
      real time           0.23 seconds
      user cpu time       0.00 seconds
      system cpu time     0.02 seconds
      memory              1193.06k
      OS Memory           26536.00k
      Timestamp           08/26/2026 06:54:16 PM
239                                                        The SAS System                     Wednesday, August 26, 2026 11:54:16 AM

      Step Count                        641  Switch Count  2
      Page Faults                       0
      Page Reclaims                     91
      Page Swaps                        0
      Voluntary Context Switches        19
      Involuntary Context Switches      1
      Block Input Operations            0
      Block Output Operations           520
      


NOTE: There were 78756 observations read from the data set WORK._ADM_27.
NOTE: The data set WORK._DVJ_BASE has 78756 observations and 61 variables.
NOTE: DATA statement used (Total process time):
      real time           0.08 seconds
      user cpu time       0.02 seconds
      system cpu time     0.07 seconds
      memory              3553.90k
      OS Memory           29608.00k
      Timestamp           08/26/2026 06:54:16 PM
      Step Count                        642  Switch Count  2
      Page Faults                       0
      Page Reclaims                     598
      Page Swaps                        0
      Voluntary Context Switches        11
      Involuntary Context Switches      1
      Block Input Operations            0
      Block Output Operations           242952
      

NOTE: Table WORK._DVJ_JOINED created, with 78756 rows and 109 columns.

NOTE: PROCEDURE SQL used (Total process time):
      real time           0.31 seconds
      user cpu time       0.14 seconds
      system cpu time     0.21 seconds
      memory              154031.92k
      OS Memory           177840.00k
      Timestamp           08/26/2026 06:54:17 PM
      Step Count                        643  Switch Count  3
      Page Faults                       0
      Page Reclaims                     33321
      Page Swaps                        0
      Voluntary Context Switches        2047
      Involuntary Context Switches      1
      Block Input Operations            0
      Block Output Operations           561176
      


NOTE: There were 78756 observations read from the data set WORK._DVJ_JOINED.
NOTE: The data set WORK._DVJ_JOINED has 78756 observations and 109 variables.
NOTE: PROCEDURE SORT used (Total process time):
      real time           0.22 seconds
      user cpu time       0.06 seconds
      system cpu time     0.16 seconds
      memory              161504.18k
      OS Memory           186244.00k
240                                                        The SAS System                     Wednesday, August 26, 2026 11:54:17 AM

      Timestamp           08/26/2026 06:54:17 PM
      Step Count                        644  Switch Count  2
      Page Faults                       0
      Page Reclaims                     40040
      Page Swaps                        0
      Voluntary Context Switches        11
      Involuntary Context Switches      0
      Block Input Operations            0
      Block Output Operations           310280
      


NOTE: There were 78756 observations read from the data set WORK._DVJ_JOINED.
NOTE: The data set WORK._DVJ_OUT has 78756 observations and 109 variables.
NOTE: DATA statement used (Total process time):
      real time           0.10 seconds
      user cpu time       0.03 seconds
      system cpu time     0.08 seconds
      memory              3638.59k
      OS Memory           29608.00k
      Timestamp           08/26/2026 06:54:17 PM
      Step Count                        645  Switch Count  2
      Page Faults                       0
      Page Reclaims                     598
      Page Swaps                        0
      Voluntary Context Switches        11
      Involuntary Context Switches      0
      Block Input Operations            0
      Block Output Operations           310280
      


NOTE: There were 78756 observations read from the data set WORK._DVJ_OUT.
NOTE: The data set WORK._ADM_28 has 78756 observations and 107 variables.
NOTE: DATA statement used (Total process time):
      real time           0.11 seconds
      user cpu time       0.03 seconds
      system cpu time     0.08 seconds
      memory              3607.75k
      OS Memory           29608.00k
      Timestamp           08/26/2026 06:54:17 PM
      Step Count                        646  Switch Count  2
      Page Faults                       0
      Page Reclaims                     598
      Page Swaps                        0
      Voluntary Context Switches        11
      Involuntary Context Switches      1
      Block Input Operations            0
      Block Output Operations           310280
      


NOTE: The data set WORK._DVJ_IN_LBL has 60 observations and 41 variables.
NOTE: PROCEDURE CONTENTS used (Total process time):
      real time           0.00 seconds
      user cpu time       0.00 seconds
      system cpu time     0.00 seconds
      memory              2411.59k
241                                                        The SAS System                     Wednesday, August 26, 2026 11:54:17 AM

      OS Memory           27564.00k
      Timestamp           08/26/2026 06:54:17 PM
      Step Count                        647  Switch Count  2
      Page Faults                       0
      Page Reclaims                     328
      Page Swaps                        0
      Voluntary Context Switches        9
      Involuntary Context Switches      0
      Block Input Operations            0
      Block Output Operations           272
      


NOTE: The data set WORK._DVJ_OUT_LBL has 107 observations and 41 variables.
NOTE: PROCEDURE CONTENTS used (Total process time):
      real time           0.00 seconds
      user cpu time       0.01 seconds
      system cpu time     0.00 seconds
      memory              2447.25k
      OS Memory           27564.00k
      Timestamp           08/26/2026 06:54:17 PM
      Step Count                        648  Switch Count  2
      Page Faults                       0
      Page Reclaims                     317
      Page Swaps                        0
      Voluntary Context Switches        9
      Involuntary Context Switches      0
      Block Input Operations            0
      Block Output Operations           272
      

NOTE: There were 60 observations read from the data set WORK._DVJ_IN_LBL.
NOTE: The data set WORK._DVJ_IN_LBL has 60 observations and 41 variables.
NOTE: DATA statement used (Total process time):
      real time           0.00 seconds
      user cpu time       0.00 seconds
      system cpu time     0.00 seconds
      memory              900.87k
      OS Memory           26536.00k
      Timestamp           08/26/2026 06:54:17 PM
      Step Count                        649  Switch Count  2
      Page Faults                       0
      Page Reclaims                     107
      Page Swaps                        0
      Voluntary Context Switches        11
      Involuntary Context Switches      0
      Block Input Operations            0
      Block Output Operations           264
      


NOTE: There were 107 observations read from the data set WORK._DVJ_OUT_LBL.
NOTE: The data set WORK._DVJ_OUT_LBL has 107 observations and 41 variables.
NOTE: DATA statement used (Total process time):
      real time           0.00 seconds
      user cpu time       0.00 seconds
      system cpu time     0.00 seconds
      memory              900.84k
242                                                        The SAS System                     Wednesday, August 26, 2026 11:54:17 AM

      OS Memory           26536.00k
      Timestamp           08/26/2026 06:54:17 PM
      Step Count                        650  Switch Count  2
      Page Faults                       0
      Page Reclaims                     97
      Page Swaps                        0
      Voluntary Context Switches        12
      Involuntary Context Switches      0
      Block Input Operations            0
      Block Output Operations           264
      


NOTE: There were 60 observations read from the data set WORK._DVJ_IN_LBL.
NOTE: The data set WORK._DVJ_IN_LBL has 60 observations and 41 variables.
NOTE: PROCEDURE SORT used (Total process time):
      real time           0.00 seconds
      user cpu time       0.00 seconds
      system cpu time     0.00 seconds
      memory              847.96k
      OS Memory           26536.00k
      Timestamp           08/26/2026 06:54:17 PM
      Step Count                        651  Switch Count  2
      Page Faults                       0
      Page Reclaims                     99
      Page Swaps                        0
      Voluntary Context Switches        10
      Involuntary Context Switches      0
      Block Input Operations            0
      Block Output Operations           264
      


NOTE: There were 107 observations read from the data set WORK._DVJ_OUT_LBL.
NOTE: The data set WORK._DVJ_OUT_LBL has 107 observations and 41 variables.
NOTE: PROCEDURE SORT used (Total process time):
      real time           0.00 seconds
      user cpu time       0.00 seconds
      system cpu time     0.00 seconds
      memory              846.84k
      OS Memory           26536.00k
      Timestamp           08/26/2026 06:54:17 PM
      Step Count                        652  Switch Count  2
      Page Faults                       0
      Page Reclaims                     89
      Page Swaps                        0
      Voluntary Context Switches        10
      Involuntary Context Switches      0
      Block Input Operations            0
      Block Output Operations           264
      


NOTE: There were 107 observations read from the data set WORK._DVJ_OUT_LBL.
NOTE: There were 60 observations read from the data set WORK._DVJ_IN_LBL.
NOTE: The data set WORK._DVJ_RELABEL has 25 observations and 2 variables.
NOTE: DATA statement used (Total process time):
      real time           0.00 seconds
243                                                        The SAS System                     Wednesday, August 26, 2026 11:54:17 AM

      user cpu time       0.01 seconds
      system cpu time     0.00 seconds
      memory              1253.00k
      OS Memory           26796.00k
      Timestamp           08/26/2026 06:54:17 PM
      Step Count                        653  Switch Count  2
      Page Faults                       0
      Page Reclaims                     154
      Page Swaps                        0
      Voluntary Context Switches        10
      Involuntary Context Switches      0
      Block Input Operations            0
      Block Output Operations           264
      

NOTE: PROCEDURE SQL used (Total process time):
      real time           0.00 seconds
      user cpu time       0.00 seconds
      system cpu time     0.00 seconds
      memory              5455.75k
      OS Memory           31400.00k
      Timestamp           08/26/2026 06:54:17 PM
      Step Count                        654  Switch Count  0
      Page Faults                       0
      Page Reclaims                     52
      Page Swaps                        0
      Voluntary Context Switches        0
      Involuntary Context Switches      0
      Block Input Operations            0
      Block Output Operations           0
      


NOTE: There were 25 observations read from the data set WORK._DVJ_RELABEL.
NOTE: DATA statement used (Total process time):
      real time           0.00 seconds
      user cpu time       0.00 seconds
      system cpu time     0.01 seconds
      memory              627.68k
      OS Memory           26276.00k
      Timestamp           08/26/2026 06:54:17 PM
      Step Count                        655  Switch Count  0
      Page Faults                       0
      Page Reclaims                     57
      Page Swaps                        0
      Voluntary Context Switches        0
      Involuntary Context Switches      0
      Block Input Operations            0
      Block Output Operations           0
      

NOTE: CALL EXECUTE generated line.
1         + proc datasets lib=WORK nolist; modify _ADM_28;
2         + label DOMAIN='Domain Abbreviation
3         +                ';
4         + label EGBLFL='Baseline Flag
5         +                ';
6         + label EGDTC='Date/Time of Measurements
244                                                        The SAS System                     Wednesday, August 26, 2026 11:54:17 AM

7         +               ';
8         + label EGDY='Study Day of Vital Signs
9         +              ';
10        + label EGELTM='Planned Elapsed Time from Time Point Ref
11        +                ';
12        + label EGLOC='Location of Vital Signs Measurement
13        +               ';
14        + label EGORRES='Original Result
15        +                 ';
16        + label EGORRESU='Original Units
17        +                  ';
18        + label EGSEQ='Sequence Number
19        +               ';
20        + label EGSTAT='Completion Status
21        +                ';
22        + label EGSTRESC='Standard Character Result
23        +                  ';
24        + label EGSTRESN='Standard Numeric Result
25        +                  ';
26        + label EGSTRESU='Standard Units
27        +                  ';
28        + label EGTEST='Test Name
29        +                ';
30        + label EGTESTCD='Test Code
31        +                  ';
32        + label EGTPT='Planned Time Point Number
33        +               ';
34        + label EGTPTNUM='Time Point Number
35        +                  ';
36        + label EGTPTREF='Time Point Reference
37        +                  ';
38        + label STUDYID='Study Identifier
39        +                 ';
40        + label TRTEDT='Date of Last Exposure to Treatment
41        +                ';
42        + label TRTSDT='Date of First Exposure to Treatment
43        +                ';
44        + label USUBJID='Unique Subject Identifier
45        +                 ';
46        + label VISIT='Visit Name
47        +               ';
48        + label VISITDY='Planned Study Day of Visit
49        +                 ';
50        + label VISITNUM='Visit Number
51        +                  ';
52        + quit;

NOTE: MODIFY was successful for WORK._ADM_28.DATA.
NOTE: PROCEDURE DATASETS used (Total process time):
      real time           0.00 seconds
      user cpu time       0.00 seconds
      system cpu time     0.00 seconds
      memory              1899.87k
      OS Memory           27044.00k
      Timestamp           08/26/2026 06:54:17 PM
      Step Count                        656  Switch Count  0
      Page Faults                       0
      Page Reclaims                     274
245                                                        The SAS System                     Wednesday, August 26, 2026 11:54:17 AM

      Page Swaps                        0
      Voluntary Context Switches        0
      Involuntary Context Switches      0
      Block Input Operations            0
      Block Output Operations           8
      

NOTE: m_derive_vars_joined restored 25 label(s) on WORK._ADM_28

NOTE: Deleting WORK._DVJ_ADD (memtype=DATA).
NOTE: Deleting WORK._DVJ_BASE (memtype=DATA).
NOTE: Deleting WORK._DVJ_JOINED (memtype=DATA).
NOTE: Deleting WORK._DVJ_OUT (memtype=DATA).
NOTE: Deleting WORK._DVJ_IN_LBL (memtype=DATA).
NOTE: Deleting WORK._DVJ_OUT_LBL (memtype=DATA).
NOTE: Deleting WORK._DVJ_RELABEL (memtype=DATA).
NOTE: PROCEDURE DATASETS used (Total process time):
      real time           0.03 seconds
      user cpu time       0.00 seconds
      system cpu time     0.03 seconds
      memory              406.46k
      OS Memory           26276.00k
      Timestamp           08/26/2026 06:54:17 PM
      Step Count                        657  Switch Count  14
      Page Faults                       0
      Page Reclaims                     48
      Page Swaps                        0
      Voluntary Context Switches        63
      Involuntary Context Switches      7
      Block Input Operations            0
      Block Output Operations           8
      

NOTE: work._adm_28 has 78756 observations.

NOTE: The data set WORK._MOVR_PREF has 108 observations and 2 variables.
NOTE: PROCEDURE CONTENTS used (Total process time):
      real time           0.23 seconds
      user cpu time       0.01 seconds
      system cpu time     0.02 seconds
      memory              2401.62k
      OS Memory           27564.00k
      Timestamp           08/26/2026 06:54:17 PM
      Step Count                        658  Switch Count  2
      Page Faults                       0
      Page Reclaims                     340
      Page Swaps                        0
      Voluntary Context Switches        17
      Involuntary Context Switches      3
      Block Input Operations            0
      Block Output Operations           272
      


NOTE: There were 108 observations read from the data set WORK._MOVR_PREF.
NOTE: The data set WORK._MOVR_PREF has 108 observations and 2 variables.
NOTE: DATA statement used (Total process time):
      real time           0.00 seconds
246                                                        The SAS System                     Wednesday, August 26, 2026 11:54:17 AM

      user cpu time       0.00 seconds
      system cpu time     0.00 seconds
      memory              814.87k
      OS Memory           26536.00k
      Timestamp           08/26/2026 06:54:17 PM
      Step Count                        659  Switch Count  2
      Page Faults                       0
      Page Reclaims                     120
      Page Swaps                        0
      Voluntary Context Switches        11
      Involuntary Context Switches      0
      Block Input Operations            0
      Block Output Operations           264
      

NOTE: m_order_vars_like_ref using REF order from ref_pva.refadeg

NOTE: The data set WORK._MOVR_HAVE has 107 observations and 2 variables.
NOTE: PROCEDURE CONTENTS used (Total process time):
      real time           0.00 seconds
      user cpu time       0.00 seconds
      system cpu time     0.00 seconds
      memory              2395.71k
      OS Memory           27564.00k
      Timestamp           08/26/2026 06:54:17 PM
      Step Count                        660  Switch Count  2
      Page Faults                       0
      Page Reclaims                     340
      Page Swaps                        0
      Voluntary Context Switches        9
      Involuntary Context Switches      0
      Block Input Operations            0
      Block Output Operations           272
      


NOTE: There were 107 observations read from the data set WORK._MOVR_HAVE.
NOTE: The data set WORK._MOVR_HAVE has 107 observations and 2 variables.
NOTE: DATA statement used (Total process time):
      real time           0.00 seconds
      user cpu time       0.00 seconds
      system cpu time     0.00 seconds
      memory              808.68k
      OS Memory           26536.00k
      Timestamp           08/26/2026 06:54:17 PM
      Step Count                        661  Switch Count  2
      Page Faults                       0
      Page Reclaims                     120
      Page Swaps                        0
      Voluntary Context Switches        11
      Involuntary Context Switches      1
      Block Input Operations            0
      Block Output Operations           264
      


NOTE: The data set WORK._MOVR_EXTRA has 0 observations and 2 variables.
NOTE: DATA statement used (Total process time):
247                                                        The SAS System                     Wednesday, August 26, 2026 11:54:17 AM

      real time           0.00 seconds
      user cpu time       0.00 seconds
      system cpu time     0.01 seconds
      memory              529.68k
      OS Memory           26276.00k
      Timestamp           08/26/2026 06:54:17 PM
      Step Count                        662  Switch Count  2
      Page Faults                       0
      Page Reclaims                     87
      Page Swaps                        0
      Voluntary Context Switches        11
      Involuntary Context Switches      0
      Block Input Operations            0
      Block Output Operations           264
      

NOTE: Table WORK._MOVR_CORE created, with 107 rows and 2 columns.

NOTE: Table WORK._MOVR_XOK0 created, with 0 rows and 2 columns.

NOTE: PROCEDURE SQL used (Total process time):
      real time           0.00 seconds
      user cpu time       0.01 seconds
      system cpu time     0.00 seconds
      memory              6976.25k
      OS Memory           31660.00k
      Timestamp           08/26/2026 06:54:17 PM
      Step Count                        663  Switch Count  5
      Page Faults                       0
      Page Reclaims                     413
      Page Swaps                        0
      Voluntary Context Switches        37
      Involuntary Context Switches      0
      Block Input Operations            0
      Block Output Operations           536
      


NOTE: There were 0 observations read from the data set WORK._MOVR_XOK0.
NOTE: The data set WORK._MOVR_XOK has 0 observations and 3 variables.
NOTE: DATA statement used (Total process time):
      real time           0.00 seconds
      user cpu time       0.00 seconds
      system cpu time     0.00 seconds
      memory              797.50k
      OS Memory           26536.00k
      Timestamp           08/26/2026 06:54:17 PM
      Step Count                        664  Switch Count  2
      Page Faults                       0
      Page Reclaims                     121
      Page Swaps                        0
      Voluntary Context Switches        11
      Involuntary Context Switches      0
      Block Input Operations            0
      Block Output Operations           264
      

NOTE: Table WORK._MOVR_XSLOT created, with 0 rows and 3 columns.
248                                                        The SAS System                     Wednesday, August 26, 2026 11:54:17 AM


NOTE: Table WORK._MOVR_CSLOT created, with 107 rows and 3 columns.

NOTE: Table WORK._MOVR_UNION created, with 107 rows and 3 columns.

NOTE: Table WORK._MOVR_FINAL created, with 107 rows and 2 columns.

NOTE: Table WORK._MOVR_DEDUP created, with 107 rows and 2 columns.

NOTE: The query as specified involves ordering by an item that doesn't appear in its SELECT clause.
NOTE: PROCEDURE SQL used (Total process time):
      real time           0.01 seconds
      user cpu time       0.01 seconds
      system cpu time     0.00 seconds
      memory              6754.65k
      OS Memory           31660.00k
      Timestamp           08/26/2026 06:54:17 PM
      Step Count                        665  Switch Count  10
      Page Faults                       0
      Page Reclaims                     941
      Page Swaps                        0
      Voluntary Context Switches        81
      Involuntary Context Switches      1
      Block Input Operations            0
      Block Output Operations           1336
      


NOTE: There were 78756 observations read from the data set WORK._ADM_28.
NOTE: The data set ADAM.ADEG has 78756 observations and 107 variables.
NOTE: DATA statement used (Total process time):
      real time           1.72 seconds
      user cpu time       0.03 seconds
      system cpu time     0.17 seconds
      memory              3673.78k
      OS Memory           29608.00k
      Timestamp           08/26/2026 06:54:19 PM
      Step Count                        666  Switch Count  1
      Page Faults                       0
      Page Reclaims                     598
      Page Swaps                        0
      Voluntary Context Switches        4048
      Involuntary Context Switches      1
      Block Input Operations            0
      Block Output Operations           310280
      


NOTE: Deleting WORK._MOVR_PREF (memtype=DATA).
NOTE: Deleting WORK._MOVR_HAVE (memtype=DATA).
NOTE: Deleting WORK._MOVR_EXTRA (memtype=DATA).
NOTE: Deleting WORK._MOVR_CORE (memtype=DATA).
NOTE: Deleting WORK._MOVR_XOK (memtype=DATA).
NOTE: Deleting WORK._MOVR_XSLOT (memtype=DATA).
NOTE: Deleting WORK._MOVR_CSLOT (memtype=DATA).
NOTE: Deleting WORK._MOVR_UNION (memtype=DATA).
NOTE: Deleting WORK._MOVR_FINAL (memtype=DATA).
NOTE: Deleting WORK._MOVR_DEDUP (memtype=DATA).
249                                                        The SAS System                     Wednesday, August 26, 2026 11:54:19 AM

NOTE: PROCEDURE DATASETS used (Total process time):
      real time           0.00 seconds
      user cpu time       0.00 seconds
      system cpu time     0.00 seconds
      memory              419.81k
      OS Memory           26276.00k
      Timestamp           08/26/2026 06:54:19 PM
      Step Count                        667  Switch Count  20
      Page Faults                       0
      Page Reclaims                     48
      Page Swaps                        0
      Voluntary Context Switches        91
      Involuntary Context Switches      0
      Block Input Operations            0
      Block Output Operations           8
      

NOTE: m_order_vars_like_ref done -> adam.adeg

NOTE: There were 78756 observations read from the data set ADAM.ADEG.
NOTE: The data set ADAM.ADEG has 78756 observations and 107 variables.
NOTE: PROCEDURE SORT used (Total process time):
      real time           3.35 seconds
      user cpu time       0.07 seconds
      system cpu time     0.29 seconds
      memory              166869.37k
      OS Memory           191632.00k
      Timestamp           08/26/2026 06:54:23 PM
      Step Count                        668  Switch Count  9
      Page Faults                       0
      Page Reclaims                     41390
      Page Swaps                        0
      Voluntary Context Switches        4649
      Involuntary Context Switches      46
      Block Input Operations            0
      Block Output Operations           310280
      


NOTE: Deleting WORK._ADM_PARAM_LOOKUP (memtype=DATA).
NOTE: Deleting WORK._ADM_RANGE_LOOKUP (memtype=DATA).
NOTE: Deleting WORK._ADM_EG0 (memtype=DATA).
NOTE: Deleting WORK._ADM_01 (memtype=DATA).
NOTE: Deleting WORK._ADM_02 (memtype=DATA).
NOTE: Deleting WORK._ADM_03 (memtype=DATA).
NOTE: Deleting WORK._ADM_04 (memtype=DATA).
NOTE: Deleting WORK._ADM_05 (memtype=DATA).
NOTE: Deleting WORK._ADM_06 (memtype=DATA).
NOTE: Deleting WORK._ADM_07 (memtype=DATA).
NOTE: Deleting WORK._ADM_08 (memtype=DATA).
NOTE: Deleting WORK._ADM_09 (memtype=DATA).
NOTE: Deleting WORK._ADM_10 (memtype=DATA).
NOTE: Deleting WORK._ADM_11 (memtype=DATA).
NOTE: Deleting WORK._ADM_12 (memtype=DATA).
NOTE: Deleting WORK._ADM_13 (memtype=DATA).
NOTE: Deleting WORK._ADM_14 (memtype=DATA).
NOTE: Deleting WORK._ADM_15 (memtype=DATA).
NOTE: Deleting WORK._ADM_16 (memtype=DATA).
250                                                        The SAS System                     Wednesday, August 26, 2026 11:54:23 AM

NOTE: Deleting WORK._ADM_17 (memtype=DATA).
NOTE: Deleting WORK._ADM_18 (memtype=DATA).
NOTE: Deleting WORK._ADM_19 (memtype=DATA).
NOTE: Deleting WORK._ADM_20 (memtype=DATA).
NOTE: Deleting WORK._ADM_21 (memtype=DATA).
NOTE: Deleting WORK._ADM_22 (memtype=DATA).
NOTE: Deleting WORK._ADM_23 (memtype=DATA).
NOTE: Deleting WORK._ADM_24 (memtype=DATA).
NOTE: Deleting WORK._ADM_25 (memtype=DATA).
NOTE: Deleting WORK._ADM_26 (memtype=DATA).
NOTE: Deleting WORK._ADM_27 (memtype=DATA).
NOTE: Deleting WORK._ADM_28 (memtype=DATA).
NOTE: PROCEDURE DATASETS used (Total process time):
      real time           0.36 seconds
      user cpu time       0.01 seconds
      system cpu time     0.15 seconds
      memory              408.93k
      OS Memory           26276.00k
      Timestamp           08/26/2026 06:54:23 PM
      Step Count                        669  Switch Count  62
      Page Faults                       0
      Page Reclaims                     48
      Page Swaps                        0
      Voluntary Context Switches        284
      Involuntary Context Switches      37
      Block Input Operations            0
      Block Output Operations           24
      

NOTE: adam.adeg has 78756 observations.
NOTE: m_adeg_admiral_mirror complete -> adam.adeg
NOTE: m_adcm_pva starting cm=raw.cm adsl=adam.adsl out=adam.adcm

NOTE: There were 306 observations read from the data set ADAM.ADSL.
      WHERE 1 /* an obviously TRUE WHERE clause */ ;
NOTE: The data set WORK._DVJ_ADD has 306 observations and 58 variables.
NOTE: DATA statement used (Total process time):
      real time           0.10 seconds
      user cpu time       0.01 seconds
      system cpu time     0.02 seconds
      memory              1192.62k
      OS Memory           26536.00k
      Timestamp           08/26/2026 06:54:23 PM
      Step Count                        670  Switch Count  2
      Page Faults                       0
      Page Reclaims                     91
      Page Swaps                        0
      Voluntary Context Switches        20
      Involuntary Context Switches      0
      Block Input Operations            0
      Block Output Operations           520
      


NOTE: There were 7510 observations read from the data set RAW.CM.
NOTE: The data set WORK._DVJ_BASE has 7510 observations and 23 variables.
NOTE: DATA statement used (Total process time):
      real time           0.14 seconds
251                                                        The SAS System                     Wednesday, August 26, 2026 11:54:23 AM

      user cpu time       0.00 seconds
      system cpu time     0.02 seconds
      memory              3444.15k
      OS Memory           29608.00k
      Timestamp           08/26/2026 06:54:23 PM
      Step Count                        671  Switch Count  2
      Page Faults                       0
      Page Reclaims                     598
      Page Swaps                        0
      Voluntary Context Switches        36
      Involuntary Context Switches      1
      Block Input Operations            0
      Block Output Operations           4872
      

NOTE: Table WORK._DVJ_JOINED created, with 7510 rows and 33 columns.

NOTE: PROCEDURE SQL used (Total process time):
      real time           0.02 seconds
      user cpu time       0.01 seconds
      system cpu time     0.01 seconds
      memory              18373.79k
      OS Memory           42676.00k
      Timestamp           08/26/2026 06:54:23 PM
      Step Count                        672  Switch Count  2
      Page Faults                       0
      Page Reclaims                     1881
      Page Swaps                        0
      Voluntary Context Switches        73
      Involuntary Context Switches      2
      Block Input Operations            0
      Block Output Operations           13848
      


NOTE: There were 7510 observations read from the data set WORK._DVJ_JOINED.
NOTE: The data set WORK._DVJ_JOINED has 7510 observations and 33 variables.
NOTE: PROCEDURE SORT used (Total process time):
      real time           0.01 seconds
      user cpu time       0.00 seconds
      system cpu time     0.01 seconds
      memory              7430.18k
      OS Memory           32704.00k
      Timestamp           08/26/2026 06:54:23 PM
      Step Count                        673  Switch Count  2
      Page Faults                       0
      Page Reclaims                     1605
      Page Swaps                        0
      Voluntary Context Switches        10
      Involuntary Context Switches      1
      Block Input Operations            0
      Block Output Operations           8712
      


NOTE: There were 7510 observations read from the data set WORK._DVJ_JOINED.
NOTE: The data set WORK._DVJ_OUT has 7510 observations and 33 variables.
NOTE: DATA statement used (Total process time):
252                                                        The SAS System                     Wednesday, August 26, 2026 11:54:23 AM

      real time           0.00 seconds
      user cpu time       0.01 seconds
      system cpu time     0.00 seconds
      memory              3547.06k
      OS Memory           29608.00k
      Timestamp           08/26/2026 06:54:23 PM
      Step Count                        674  Switch Count  2
      Page Faults                       0
      Page Reclaims                     598
      Page Swaps                        0
      Voluntary Context Switches        10
      Involuntary Context Switches      0
      Block Input Operations            0
      Block Output Operations           8712
      


NOTE: There were 7510 observations read from the data set WORK._DVJ_OUT.
NOTE: The data set WORK._ADCM_PVA_0 has 7510 observations and 30 variables.
NOTE: DATA statement used (Total process time):
      real time           0.00 seconds
      user cpu time       0.00 seconds
      system cpu time     0.01 seconds
      memory              3481.81k
      OS Memory           29608.00k
      Timestamp           08/26/2026 06:54:23 PM
      Step Count                        675  Switch Count  2
      Page Faults                       0
      Page Reclaims                     598
      Page Swaps                        0
      Voluntary Context Switches        10
      Involuntary Context Switches      0
      Block Input Operations            0
      Block Output Operations           8456
      


NOTE: The data set WORK._DVJ_IN_LBL has 22 observations and 41 variables.
NOTE: PROCEDURE CONTENTS used (Total process time):
      real time           0.10 seconds
      user cpu time       0.00 seconds
      system cpu time     0.02 seconds
      memory              2396.15k
      OS Memory           27564.00k
      Timestamp           08/26/2026 06:54:24 PM
      Step Count                        676  Switch Count  2
      Page Faults                       0
      Page Reclaims                     335
      Page Swaps                        0
      Voluntary Context Switches        17
      Involuntary Context Switches      0
      Block Input Operations            0
      Block Output Operations           272
      


NOTE: The data set WORK._DVJ_OUT_LBL has 30 observations and 41 variables.
NOTE: PROCEDURE CONTENTS used (Total process time):
253                                                        The SAS System                     Wednesday, August 26, 2026 11:54:24 AM

      real time           0.00 seconds
      user cpu time       0.00 seconds
      system cpu time     0.00 seconds
      memory              2397.15k
      OS Memory           27564.00k
      Timestamp           08/26/2026 06:54:24 PM
      Step Count                        677  Switch Count  2
      Page Faults                       0
      Page Reclaims                     334
      Page Swaps                        0
      Voluntary Context Switches        9
      Involuntary Context Switches      0
      Block Input Operations            0
      Block Output Operations           272
      

NOTE: There were 22 observations read from the data set WORK._DVJ_IN_LBL.
NOTE: The data set WORK._DVJ_IN_LBL has 22 observations and 41 variables.
NOTE: DATA statement used (Total process time):
      real time           0.00 seconds
      user cpu time       0.01 seconds
      system cpu time     0.00 seconds
      memory              901.28k
      OS Memory           26536.00k
      Timestamp           08/26/2026 06:54:24 PM
      Step Count                        678  Switch Count  2
      Page Faults                       0
      Page Reclaims                     115
      Page Swaps                        0
      Voluntary Context Switches        11
      Involuntary Context Switches      0
      Block Input Operations            0
      Block Output Operations           264
      


NOTE: There were 30 observations read from the data set WORK._DVJ_OUT_LBL.
NOTE: The data set WORK._DVJ_OUT_LBL has 30 observations and 41 variables.
NOTE: DATA statement used (Total process time):
      real time           0.00 seconds
      user cpu time       0.00 seconds
      system cpu time     0.00 seconds
      memory              901.15k
      OS Memory           26536.00k
      Timestamp           08/26/2026 06:54:24 PM
      Step Count                        679  Switch Count  2
      Page Faults                       0
      Page Reclaims                     114
      Page Swaps                        0
      Voluntary Context Switches        11
      Involuntary Context Switches      0
      Block Input Operations            0
      Block Output Operations           264
      


NOTE: There were 22 observations read from the data set WORK._DVJ_IN_LBL.
NOTE: The data set WORK._DVJ_IN_LBL has 22 observations and 41 variables.
254                                                        The SAS System                     Wednesday, August 26, 2026 11:54:24 AM

NOTE: PROCEDURE SORT used (Total process time):
      real time           0.00 seconds
      user cpu time       0.00 seconds
      system cpu time     0.00 seconds
      memory              848.31k
      OS Memory           26536.00k
      Timestamp           08/26/2026 06:54:24 PM
      Step Count                        680  Switch Count  2
      Page Faults                       0
      Page Reclaims                     107
      Page Swaps                        0
      Voluntary Context Switches        10
      Involuntary Context Switches      0
      Block Input Operations            0
      Block Output Operations           264
      


NOTE: There were 30 observations read from the data set WORK._DVJ_OUT_LBL.
NOTE: The data set WORK._DVJ_OUT_LBL has 30 observations and 41 variables.
NOTE: PROCEDURE SORT used (Total process time):
      real time           0.00 seconds
      user cpu time       0.00 seconds
      system cpu time     0.01 seconds
      memory              847.21k
      OS Memory           26536.00k
      Timestamp           08/26/2026 06:54:24 PM
      Step Count                        681  Switch Count  2
      Page Faults                       0
      Page Reclaims                     106
      Page Swaps                        0
      Voluntary Context Switches        11
      Involuntary Context Switches      0
      Block Input Operations            0
      Block Output Operations           264
      


NOTE: There were 30 observations read from the data set WORK._DVJ_OUT_LBL.
NOTE: There were 22 observations read from the data set WORK._DVJ_IN_LBL.
NOTE: The data set WORK._DVJ_RELABEL has 21 observations and 2 variables.
NOTE: DATA statement used (Total process time):
      real time           0.00 seconds
      user cpu time       0.00 seconds
      system cpu time     0.00 seconds
      memory              1253.71k
      OS Memory           26796.00k
      Timestamp           08/26/2026 06:54:24 PM
      Step Count                        682  Switch Count  2
      Page Faults                       0
      Page Reclaims                     154
      Page Swaps                        0
      Voluntary Context Switches        10
      Involuntary Context Switches      0
      Block Input Operations            0
      Block Output Operations           264
      

255                                                        The SAS System                     Wednesday, August 26, 2026 11:54:24 AM

NOTE: PROCEDURE SQL used (Total process time):
      real time           0.00 seconds
      user cpu time       0.00 seconds
      system cpu time     0.00 seconds
      memory              5456.21k
      OS Memory           31400.00k
      Timestamp           08/26/2026 06:54:24 PM
      Step Count                        683  Switch Count  0
      Page Faults                       0
      Page Reclaims                     52
      Page Swaps                        0
      Voluntary Context Switches        0
      Involuntary Context Switches      1
      Block Input Operations            0
      Block Output Operations           0
      


NOTE: There were 21 observations read from the data set WORK._DVJ_RELABEL.
NOTE: DATA statement used (Total process time):
      real time           0.00 seconds
      user cpu time       0.01 seconds
      system cpu time     0.00 seconds
      memory              628.00k
      OS Memory           26276.00k
      Timestamp           08/26/2026 06:54:24 PM
      Step Count                        684  Switch Count  0
      Page Faults                       0
      Page Reclaims                     57
      Page Swaps                        0
      Voluntary Context Switches        0
      Involuntary Context Switches      1
      Block Input Operations            0
      Block Output Operations           0
      

NOTE: CALL EXECUTE generated line.
1         + proc datasets lib=WORK nolist; modify _ADCM_PVA_0;
2         + label CMCLAS='Medication Class
3         +                ';
4         + label CMDECOD='Standardized Medication Name
5         +                 ';
6         + label CMDOSE='Dose per Administration
7         +                ';
8         + label CMDOSFRQ='Dosing Frequency per Interval
9         +                  ';
10        + label CMDOSU='Dose Units
11        +                ';
12        + label CMDTC='Date/Time of Collection
13        +               ';
14        + label CMENDTC='End Date/Time of Medication
15        +                 ';
16        + label CMENDY='Study Day of End of Medication
17        +                ';
18        + label CMINDC='Indication
19        +                ';
20        + label CMROUTE='Route of Administration
21        +                 ';
256                                                        The SAS System                     Wednesday, August 26, 2026 11:54:24 AM

22        + label CMSEQ='Sequence Number
23        +               ';
24        + label CMSPID='Sponsor-Defined Identifier
25        +                ';
26        + label CMSTDTC='Start Date/Time of Medication
27        +                 ';
28        + label CMSTDY='Study Day of Start of Medication
29        +                ';
30        + label CMTRT='Reported Name of Drug, Med, or Therapy
31        +               ';
32        + label DOMAIN='Domain Abbreviation
33        +                ';
34        + label STUDYID='Study Identifier
35        +                 ';
36        + label USUBJID='Unique Subject Identifier
37        +                 ';
38        + label VISIT='Visit Name
39        +               ';
40        + label VISITDY='Planned Study Day of Visit
41        +                 ';
42        + label VISITNUM='Visit Number
43        +                  ';
44        + quit;

NOTE: MODIFY was successful for WORK._ADCM_PVA_0.DATA.
NOTE: PROCEDURE DATASETS used (Total process time):
      real time           0.00 seconds
      user cpu time       0.00 seconds
      system cpu time     0.00 seconds
      memory              1773.56k
      OS Memory           27044.00k
      Timestamp           08/26/2026 06:54:24 PM
      Step Count                        685  Switch Count  0
      Page Faults                       0
      Page Reclaims                     274
      Page Swaps                        0
      Voluntary Context Switches        0
      Involuntary Context Switches      1
      Block Input Operations            0
      Block Output Operations           8
      

NOTE: m_derive_vars_joined restored 21 label(s) on WORK._ADCM_PVA_0

NOTE: Deleting WORK._DVJ_ADD (memtype=DATA).
NOTE: Deleting WORK._DVJ_BASE (memtype=DATA).
NOTE: Deleting WORK._DVJ_JOINED (memtype=DATA).
NOTE: Deleting WORK._DVJ_OUT (memtype=DATA).
NOTE: Deleting WORK._DVJ_IN_LBL (memtype=DATA).
NOTE: Deleting WORK._DVJ_OUT_LBL (memtype=DATA).
NOTE: Deleting WORK._DVJ_RELABEL (memtype=DATA).
NOTE: PROCEDURE DATASETS used (Total process time):
      real time           0.00 seconds
      user cpu time       0.00 seconds
      system cpu time     0.00 seconds
      memory              348.40k
      OS Memory           26276.00k
      Timestamp           08/26/2026 06:54:24 PM
257                                                        The SAS System                     Wednesday, August 26, 2026 11:54:24 AM

      Step Count                        686  Switch Count  14
      Page Faults                       0
      Page Reclaims                     48
      Page Swaps                        0
      Voluntary Context Switches        63
      Involuntary Context Switches      1
      Block Input Operations            0
      Block Output Operations           16
      

NOTE: work._adcm_pva_0 has 7510 observations.

NOTE: There were 7510 observations read from the data set WORK._ADCM_PVA_0.
NOTE: The data set WORK._MDTM_DATE has 7510 observations and 32 variables.
NOTE: DATA statement used (Total process time):
      real time           0.01 seconds
      user cpu time       0.01 seconds
      system cpu time     0.01 seconds
      memory              3580.59k
      OS Memory           29608.00k
      Timestamp           08/26/2026 06:54:24 PM
      Step Count                        687  Switch Count  2
      Page Faults                       0
      Page Reclaims                     598
      Page Swaps                        0
      Voluntary Context Switches        10
      Involuntary Context Switches      2
      Block Input Operations            0
      Block Output Operations           8456
      

NOTE: work._mdtm_date has 7510 observations.

NOTE: There were 7510 observations read from the data set WORK._MDTM_DATE.
NOTE: The data set WORK._ADCM_PVA_1 has 7510 observations and 33 variables.
NOTE: DATA statement used (Total process time):
      real time           0.00 seconds
      user cpu time       0.01 seconds
      system cpu time     0.00 seconds
      memory              3552.56k
      OS Memory           29608.00k
      Timestamp           08/26/2026 06:54:24 PM
      Step Count                        688  Switch Count  2
      Page Faults                       0
      Page Reclaims                     598
      Page Swaps                        0
      Voluntary Context Switches        10
      Involuntary Context Switches      1
      Block Input Operations            0
      Block Output Operations           8456
      


NOTE: Deleting WORK._MDTM_DATE (memtype=DATA).
NOTE: PROCEDURE DATASETS used (Total process time):
      real time           0.00 seconds
      user cpu time       0.00 seconds
      system cpu time     0.00 seconds
258                                                        The SAS System                     Wednesday, August 26, 2026 11:54:24 AM

      memory              346.53k
      OS Memory           26276.00k
      Timestamp           08/26/2026 06:54:24 PM
      Step Count                        689  Switch Count  2
      Page Faults                       0
      Page Reclaims                     48
      Page Swaps                        0
      Voluntary Context Switches        9
      Involuntary Context Switches      0
      Block Input Operations            0
      Block Output Operations           8
      

NOTE: work._adcm_pva_1 has 7510 observations.

NOTE: There were 7510 observations read from the data set WORK._ADCM_PVA_1.
NOTE: The data set WORK._MDTM_DATE has 7510 observations and 35 variables.
NOTE: DATA statement used (Total process time):
      real time           0.00 seconds
      user cpu time       0.00 seconds
      system cpu time     0.01 seconds
      memory              3605.71k
      OS Memory           29608.00k
      Timestamp           08/26/2026 06:54:24 PM
      Step Count                        690  Switch Count  2
      Page Faults                       0
      Page Reclaims                     598
      Page Swaps                        0
      Voluntary Context Switches        10
      Involuntary Context Switches      0
      Block Input Operations            0
      Block Output Operations           8712
      

NOTE: work._mdtm_date has 7510 observations.

NOTE: There were 7510 observations read from the data set WORK._MDTM_DATE.
NOTE: The data set WORK._ADCM_PVA_2 has 7510 observations and 36 variables.
NOTE: DATA statement used (Total process time):
      real time           0.00 seconds
      user cpu time       0.00 seconds
      system cpu time     0.00 seconds
      memory              3560.59k
      OS Memory           29608.00k
      Timestamp           08/26/2026 06:54:24 PM
      Step Count                        691  Switch Count  2
      Page Faults                       0
      Page Reclaims                     598
      Page Swaps                        0
      Voluntary Context Switches        10
      Involuntary Context Switches      1
      Block Input Operations            0
      Block Output Operations           8712
      


NOTE: Deleting WORK._MDTM_DATE (memtype=DATA).
NOTE: PROCEDURE DATASETS used (Total process time):
259                                                        The SAS System                     Wednesday, August 26, 2026 11:54:24 AM

      real time           0.00 seconds
      user cpu time       0.00 seconds
      system cpu time     0.00 seconds
      memory              346.56k
      OS Memory           26276.00k
      Timestamp           08/26/2026 06:54:24 PM
      Step Count                        692  Switch Count  2
      Page Faults                       0
      Page Reclaims                     48
      Page Swaps                        0
      Voluntary Context Switches        10
      Involuntary Context Switches      0
      Block Input Operations            0
      Block Output Operations           8
      

NOTE: work._adcm_pva_2 has 7510 observations.

NOTE: There were 7510 observations read from the data set WORK._ADCM_PVA_2.
NOTE: The data set WORK._ADCM_PVA_3 has 7510 observations and 38 variables.
NOTE: DATA statement used (Total process time):
      real time           0.00 seconds
      user cpu time       0.01 seconds
      system cpu time     0.01 seconds
      memory              3493.12k
      OS Memory           29608.00k
      Timestamp           08/26/2026 06:54:24 PM
      Step Count                        693  Switch Count  2
      Page Faults                       0
      Page Reclaims                     598
      Page Swaps                        0
      Voluntary Context Switches        10
      Involuntary Context Switches      0
      Block Input Operations            0
      Block Output Operations           8968
      

NOTE: work._adcm_pva_3 has 7510 observations.

NOTE: There were 7510 observations read from the data set WORK._ADCM_PVA_3.
NOTE: The data set WORK._ADCM_PVA_3B has 7510 observations and 38 variables.
NOTE: DATA statement used (Total process time):
      real time           0.00 seconds
      user cpu time       0.00 seconds
      system cpu time     0.00 seconds
      memory              3504.00k
      OS Memory           29608.00k
      Timestamp           08/26/2026 06:54:24 PM
      Step Count                        694  Switch Count  2
      Page Faults                       0
      Page Reclaims                     598
      Page Swaps                        0
      Voluntary Context Switches        10
      Involuntary Context Switches      0
      Block Input Operations            0
      Block Output Operations           8968
      

260                                                        The SAS System                     Wednesday, August 26, 2026 11:54:24 AM


NOTE: There were 7510 observations read from the data set WORK._ADCM_PVA_3B.
NOTE: The data set WORK._ADCM_PVA_3C has 7510 observations and 38 variables.
NOTE: DATA statement used (Total process time):
      real time           0.01 seconds
      user cpu time       0.01 seconds
      system cpu time     0.01 seconds
      memory              3558.09k
      OS Memory           29608.00k
      Timestamp           08/26/2026 06:54:24 PM
      Step Count                        695  Switch Count  2
      Page Faults                       0
      Page Reclaims                     598
      Page Swaps                        0
      Voluntary Context Switches        12
      Involuntary Context Switches      1
      Block Input Operations            0
      Block Output Operations           8968
      


NOTE: There were 7510 observations read from the data set WORK._ADCM_PVA_3C.
NOTE: The data set WORK._ADCM_PVA_4 has 7510 observations and 41 variables.
NOTE: DATA statement used (Total process time):
      real time           0.00 seconds
      user cpu time       0.00 seconds
      system cpu time     0.00 seconds
      memory              3579.93k
      OS Memory           29608.00k
      Timestamp           08/26/2026 06:54:24 PM
      Step Count                        696  Switch Count  2
      Page Faults                       0
      Page Reclaims                     598
      Page Swaps                        0
      Voluntary Context Switches        10
      Involuntary Context Switches      1
      Block Input Operations            0
      Block Output Operations           9480
      


NOTE: There were 7510 observations read from the data set WORK._ADCM_PVA_4.
NOTE: The data set WORK._ADCM_PVA_5 has 7510 observations and 44 variables.
NOTE: DATA statement used (Total process time):
      real time           0.00 seconds
      user cpu time       0.01 seconds
      system cpu time     0.01 seconds
      memory              3518.96k
      OS Memory           29608.00k
      Timestamp           08/26/2026 06:54:24 PM
      Step Count                        697  Switch Count  2
      Page Faults                       0
      Page Reclaims                     598
      Page Swaps                        0
      Voluntary Context Switches        10
      Involuntary Context Switches      0
      Block Input Operations            0
      Block Output Operations           9736
261                                                        The SAS System                     Wednesday, August 26, 2026 11:54:24 AM

      

NOTE: work._adcm_pva_5 has 7510 observations.

NOTE: There were 7510 observations read from the data set WORK._ADCM_PVA_5.
NOTE: The data set WORK._ADCM_PVA_6 has 7510 observations and 45 variables.
NOTE: DATA statement used (Total process time):
      real time           0.00 seconds
      user cpu time       0.00 seconds
      system cpu time     0.00 seconds
      memory              3524.59k
      OS Memory           29608.00k
      Timestamp           08/26/2026 06:54:24 PM
      Step Count                        698  Switch Count  2
      Page Faults                       0
      Page Reclaims                     598
      Page Swaps                        0
      Voluntary Context Switches        10
      Involuntary Context Switches      1
      Block Input Operations            0
      Block Output Operations           9736
      

NOTE: work._adcm_pva_6 has 7510 observations.

NOTE: There were 7510 observations read from the data set WORK._ADCM_PVA_6.
NOTE: The data set WORK._ADCM_PREORD has 7510 observations and 22 variables.
NOTE: DATA statement used (Total process time):
      real time           0.00 seconds
      user cpu time       0.00 seconds
      system cpu time     0.01 seconds
      memory              3497.68k
      OS Memory           29608.00k
      Timestamp           08/26/2026 06:54:24 PM
      Step Count                        699  Switch Count  2
      Page Faults                       0
      Page Reclaims                     598
      Page Swaps                        0
      Voluntary Context Switches        10
      Involuntary Context Switches      0
      Block Input Operations            0
      Block Output Operations           6672
      


NOTE: The data set WORK._MRAS_A has 58 observations and 1 variables.
NOTE: PROCEDURE CONTENTS used (Total process time):
      real time           0.10 seconds
      user cpu time       0.00 seconds
      system cpu time     0.02 seconds
      memory              1157.21k
      OS Memory           26796.00k
      Timestamp           08/26/2026 06:54:24 PM
      Step Count                        700  Switch Count  2
      Page Faults                       0
      Page Reclaims                     149
      Page Swaps                        0
      Voluntary Context Switches        18
262                                                        The SAS System                     Wednesday, August 26, 2026 11:54:24 AM

      Involuntary Context Switches      0
      Block Input Operations            0
      Block Output Operations           272
      


NOTE: The data set WORK._MRAS_R has 95 observations and 1 variables.
NOTE: PROCEDURE CONTENTS used (Total process time):
      real time           0.48 seconds
      user cpu time       0.00 seconds
      system cpu time     0.01 seconds
      memory              2376.25k
      OS Memory           27564.00k
      Timestamp           08/26/2026 06:54:24 PM
      Step Count                        701  Switch Count  2
      Page Faults                       0
      Page Reclaims                     341
      Page Swaps                        0
      Voluntary Context Switches        17
      Involuntary Context Switches      0
      Block Input Operations            0
      Block Output Operations           272
      


NOTE: The data set WORK._MRAS_D has 22 observations and 1 variables.
NOTE: PROCEDURE CONTENTS used (Total process time):
      real time           0.00 seconds
      user cpu time       0.00 seconds
      system cpu time     0.01 seconds
      memory              2341.68k
      OS Memory           27564.00k
      Timestamp           08/26/2026 06:54:24 PM
      Step Count                        702  Switch Count  2
      Page Faults                       0
      Page Reclaims                     341
      Page Swaps                        0
      Voluntary Context Switches        9
      Involuntary Context Switches      0
      Block Input Operations            0
      Block Output Operations           272
      


NOTE: There were 58 observations read from the data set WORK._MRAS_A.
NOTE: The data set WORK._MRAS_A has 58 observations and 1 variables.
NOTE: DATA statement used (Total process time):
      real time           0.00 seconds
      user cpu time       0.00 seconds
      system cpu time     0.00 seconds
      memory              808.87k
      OS Memory           26536.00k
      Timestamp           08/26/2026 06:54:24 PM
      Step Count                        703  Switch Count  2
      Page Faults                       0
      Page Reclaims                     121
      Page Swaps                        0
      Voluntary Context Switches        11
263                                                        The SAS System                     Wednesday, August 26, 2026 11:54:24 AM

      Involuntary Context Switches      0
      Block Input Operations            0
      Block Output Operations           264
      


NOTE: There were 95 observations read from the data set WORK._MRAS_R.
NOTE: The data set WORK._MRAS_R has 95 observations and 1 variables.
NOTE: DATA statement used (Total process time):
      real time           0.00 seconds
      user cpu time       0.00 seconds
      system cpu time     0.00 seconds
      memory              808.87k
      OS Memory           26536.00k
      Timestamp           08/26/2026 06:54:24 PM
      Step Count                        704  Switch Count  2
      Page Faults                       0
      Page Reclaims                     121
      Page Swaps                        0
      Voluntary Context Switches        11
      Involuntary Context Switches      0
      Block Input Operations            0
      Block Output Operations           264
      


NOTE: There were 22 observations read from the data set WORK._MRAS_D.
NOTE: The data set WORK._MRAS_D has 22 observations and 1 variables.
NOTE: DATA statement used (Total process time):
      real time           0.00 seconds
      user cpu time       0.01 seconds
      system cpu time     0.00 seconds
      memory              808.87k
      OS Memory           26536.00k
      Timestamp           08/26/2026 06:54:24 PM
      Step Count                        705  Switch Count  2
      Page Faults                       0
      Page Reclaims                     121
      Page Swaps                        0
      Voluntary Context Switches        11
      Involuntary Context Switches      0
      Block Input Operations            0
      Block Output Operations           264
      

NOTE: The query as specified involves ordering by an item that doesn't appear in its SELECT clause.
NOTE: PROCEDURE SQL used (Total process time):
      real time           0.00 seconds
      user cpu time       0.00 seconds
      system cpu time     0.00 seconds
      memory              10387.84k
      OS Memory           34024.00k
      Timestamp           08/26/2026 06:54:24 PM
      Step Count                        706  Switch Count  0
      Page Faults                       0
      Page Reclaims                     252
      Page Swaps                        0
      Voluntary Context Switches        14
264                                                        The SAS System                     Wednesday, August 26, 2026 11:54:24 AM

      Involuntary Context Switches      1
      Block Input Operations            0
      Block Output Operations           16
      


NOTE: Deleting WORK._MRAS_A (memtype=DATA).
NOTE: Deleting WORK._MRAS_R (memtype=DATA).
NOTE: Deleting WORK._MRAS_D (memtype=DATA).
NOTE: PROCEDURE DATASETS used (Total process time):
      real time           0.00 seconds
      user cpu time       0.00 seconds
      system cpu time     0.00 seconds
      memory              346.53k
      OS Memory           26276.00k
      Timestamp           08/26/2026 06:54:24 PM
      Step Count                        707  Switch Count  6
      Page Faults                       0
      Page Reclaims                     48
      Page Swaps                        0
      Voluntary Context Switches        27
      Involuntary Context Switches      1
      Block Input Operations            0
      Block Output Operations           8
      

NOTE: m_adm_merge_remaining_adsl ADM_REMAIN_ADSL=20260825R nadd=47 vars=ACTARM=ACTARM ACTARMCD=ACTARMCD AGE=AGE AGEGR1=AGEGR1 
AGEU=AGEU ARM=ARM ARMCD=ARMCD COUNTRY=COUNTRY DMDTC=DMDTC DMDY=DMDY DTH30FL=DTH30FL DTHA30FL=DTHA30FL DTHADY=DTHADY 
DTHB30FL=DTHB30FL DTHCAUS=DTHCAUS DTHCGR1=DTHCGR1 DTHDOM=DTHDOM DTHDT=DTHDT DTHDTC=DTHDTC DTHDTF=DTHDTF DTHFL=DTHFL EOSDT=EOSDT 
EOSSTT=EOSSTT ETHNIC=ETHNIC FRVDT=FRVDT LDDTHELD=LDDTHELD LDDTHGR1=LDDTHGR1 RACE=RACE RACEGR1=RACEGR1 RANDDT=RANDDT REGION1=REGION1 
RFENDTC=RFENDTC RFICDTC=RFICDTC RFPENDTC=RFPENDTC RFSTDTC=RFSTDTC RFXENDTC=RFXENDTC RFXSTDTC=RFXSTDTC SAFFL=SAFFL SCRFDT=SCRFDT 
SEX=SEX TRT01A=TRT01A TRT01P=TRT01P TRTDURD=TRTDURD TRTEDTM=TRTEDTM TRTETMF=TRTETMF TRTSDTM=TRTSDTM TRTSTMF=TRTSTMF

NOTE: There were 306 observations read from the data set ADAM.ADSL.
      WHERE 1 /* an obviously TRUE WHERE clause */ ;
NOTE: The data set WORK._DVJ_ADD has 306 observations and 58 variables.
NOTE: DATA statement used (Total process time):
      real time           0.11 seconds
      user cpu time       0.00 seconds
      system cpu time     0.02 seconds
      memory              1193.62k
      OS Memory           26536.00k
      Timestamp           08/26/2026 06:54:24 PM
      Step Count                        708  Switch Count  2
      Page Faults                       0
      Page Reclaims                     91
      Page Swaps                        0
      Voluntary Context Switches        21
      Involuntary Context Switches      0
      Block Input Operations            0
      Block Output Operations           520
      


NOTE: There were 7510 observations read from the data set WORK._ADCM_PREORD.
NOTE: The data set WORK._DVJ_BASE has 7510 observations and 23 variables.
NOTE: DATA statement used (Total process time):
      real time           0.00 seconds
265                                                        The SAS System                     Wednesday, August 26, 2026 11:54:24 AM

      user cpu time       0.01 seconds
      system cpu time     0.00 seconds
      memory              3443.31k
      OS Memory           29608.00k
      Timestamp           08/26/2026 06:54:24 PM
      Step Count                        709  Switch Count  2
      Page Faults                       0
      Page Reclaims                     598
      Page Swaps                        0
      Voluntary Context Switches        11
      Involuntary Context Switches      0
      Block Input Operations            0
      Block Output Operations           6664
      

NOTE: Table WORK._DVJ_JOINED created, with 7510 rows and 71 columns.

NOTE: PROCEDURE SQL used (Total process time):
      real time           0.02 seconds
      user cpu time       0.01 seconds
      system cpu time     0.01 seconds
      memory              22039.92k
      OS Memory           46004.00k
      Timestamp           08/26/2026 06:54:24 PM
      Step Count                        710  Switch Count  2
      Page Faults                       0
      Page Reclaims                     2094
      Page Swaps                        0
      Voluntary Context Switches        92
      Involuntary Context Switches      3
      Block Input Operations            0
      Block Output Operations           21272
      


NOTE: There were 7510 observations read from the data set WORK._DVJ_JOINED.
NOTE: The data set WORK._DVJ_JOINED has 7510 observations and 71 variables.
NOTE: PROCEDURE SORT used (Total process time):
      real time           0.01 seconds
      user cpu time       0.00 seconds
      system cpu time     0.01 seconds
      memory              11679.37k
      OS Memory           36816.00k
      Timestamp           08/26/2026 06:54:25 PM
      Step Count                        711  Switch Count  2
      Page Faults                       0
      Page Reclaims                     2485
      Page Swaps                        0
      Voluntary Context Switches        11
      Involuntary Context Switches      0
      Block Input Operations            0
      Block Output Operations           16136
      


NOTE: There were 7510 observations read from the data set WORK._DVJ_JOINED.
NOTE: The data set WORK._DVJ_OUT has 7510 observations and 71 variables.
NOTE: DATA statement used (Total process time):
266                                                        The SAS System                     Wednesday, August 26, 2026 11:54:25 AM

      real time           0.00 seconds
      user cpu time       0.00 seconds
      system cpu time     0.01 seconds
      memory              3622.81k
      OS Memory           29608.00k
      Timestamp           08/26/2026 06:54:25 PM
      Step Count                        712  Switch Count  2
      Page Faults                       0
      Page Reclaims                     598
      Page Swaps                        0
      Voluntary Context Switches        11
      Involuntary Context Switches      1
      Block Input Operations            0
      Block Output Operations           16136
      


NOTE: There were 7510 observations read from the data set WORK._DVJ_OUT.
NOTE: The data set WORK._ADCM_PREORD2 has 7510 observations and 69 variables.
NOTE: DATA statement used (Total process time):
      real time           0.00 seconds
      user cpu time       0.00 seconds
      system cpu time     0.00 seconds
      memory              3574.93k
      OS Memory           29608.00k
      Timestamp           08/26/2026 06:54:25 PM
      Step Count                        713  Switch Count  2
      Page Faults                       0
      Page Reclaims                     598
      Page Swaps                        0
      Voluntary Context Switches        11
      Involuntary Context Switches      0
      Block Input Operations            0
      Block Output Operations           15880
      


NOTE: The data set WORK._DVJ_IN_LBL has 22 observations and 41 variables.
NOTE: PROCEDURE CONTENTS used (Total process time):
      real time           0.00 seconds
      user cpu time       0.00 seconds
      system cpu time     0.00 seconds
      memory              2396.12k
      OS Memory           27564.00k
      Timestamp           08/26/2026 06:54:25 PM
      Step Count                        714  Switch Count  2
      Page Faults                       0
      Page Reclaims                     335
      Page Swaps                        0
      Voluntary Context Switches        9
      Involuntary Context Switches      0
      Block Input Operations            0
      Block Output Operations           272
      


NOTE: The data set WORK._DVJ_OUT_LBL has 69 observations and 41 variables.
NOTE: PROCEDURE CONTENTS used (Total process time):
267                                                        The SAS System                     Wednesday, August 26, 2026 11:54:25 AM

      real time           0.00 seconds
      user cpu time       0.00 seconds
      system cpu time     0.01 seconds
      memory              2422.18k
      OS Memory           27564.00k
      Timestamp           08/26/2026 06:54:25 PM
      Step Count                        715  Switch Count  2
      Page Faults                       0
      Page Reclaims                     325
      Page Swaps                        0
      Voluntary Context Switches        10
      Involuntary Context Switches      0
      Block Input Operations            0
      Block Output Operations           272
      

NOTE: There were 22 observations read from the data set WORK._DVJ_IN_LBL.
NOTE: The data set WORK._DVJ_IN_LBL has 22 observations and 41 variables.
NOTE: DATA statement used (Total process time):
      real time           0.00 seconds
      user cpu time       0.01 seconds
      system cpu time     0.00 seconds
      memory              899.65k
      OS Memory           26536.00k
      Timestamp           08/26/2026 06:54:25 PM
      Step Count                        716  Switch Count  2
      Page Faults                       0
      Page Reclaims                     115
      Page Swaps                        0
      Voluntary Context Switches        11
      Involuntary Context Switches      0
      Block Input Operations            0
      Block Output Operations           264
      


NOTE: There were 69 observations read from the data set WORK._DVJ_OUT_LBL.
NOTE: The data set WORK._DVJ_OUT_LBL has 69 observations and 41 variables.
NOTE: DATA statement used (Total process time):
      real time           0.00 seconds
      user cpu time       0.00 seconds
      system cpu time     0.00 seconds
      memory              899.65k
      OS Memory           26536.00k
      Timestamp           08/26/2026 06:54:25 PM
      Step Count                        717  Switch Count  2
      Page Faults                       0
      Page Reclaims                     105
      Page Swaps                        0
      Voluntary Context Switches        10
      Involuntary Context Switches      0
      Block Input Operations            0
      Block Output Operations           264
      


NOTE: There were 22 observations read from the data set WORK._DVJ_IN_LBL.
NOTE: The data set WORK._DVJ_IN_LBL has 22 observations and 41 variables.
268                                                        The SAS System                     Wednesday, August 26, 2026 11:54:25 AM

NOTE: PROCEDURE SORT used (Total process time):
      real time           0.00 seconds
      user cpu time       0.00 seconds
      system cpu time     0.00 seconds
      memory              847.18k
      OS Memory           26536.00k
      Timestamp           08/26/2026 06:54:25 PM
      Step Count                        718  Switch Count  2
      Page Faults                       0
      Page Reclaims                     107
      Page Swaps                        0
      Voluntary Context Switches        10
      Involuntary Context Switches      0
      Block Input Operations            0
      Block Output Operations           264
      


NOTE: There were 69 observations read from the data set WORK._DVJ_OUT_LBL.
NOTE: The data set WORK._DVJ_OUT_LBL has 69 observations and 41 variables.
NOTE: PROCEDURE SORT used (Total process time):
      real time           0.00 seconds
      user cpu time       0.00 seconds
      system cpu time     0.00 seconds
      memory              847.34k
      OS Memory           26536.00k
      Timestamp           08/26/2026 06:54:25 PM
      Step Count                        719  Switch Count  2
      Page Faults                       0
      Page Reclaims                     97
      Page Swaps                        0
      Voluntary Context Switches        11
      Involuntary Context Switches      1
      Block Input Operations            0
      Block Output Operations           264
      


NOTE: There were 69 observations read from the data set WORK._DVJ_OUT_LBL.
NOTE: There were 22 observations read from the data set WORK._DVJ_IN_LBL.
NOTE: The data set WORK._DVJ_RELABEL has 11 observations and 2 variables.
NOTE: DATA statement used (Total process time):
      real time           0.00 seconds
      user cpu time       0.01 seconds
      system cpu time     0.00 seconds
      memory              1252.50k
      OS Memory           26796.00k
      Timestamp           08/26/2026 06:54:25 PM
      Step Count                        720  Switch Count  2
      Page Faults                       0
      Page Reclaims                     155
      Page Swaps                        0
      Voluntary Context Switches        10
      Involuntary Context Switches      0
      Block Input Operations            0
      Block Output Operations           264
      

269                                                        The SAS System                     Wednesday, August 26, 2026 11:54:25 AM

NOTE: PROCEDURE SQL used (Total process time):
      real time           0.00 seconds
      user cpu time       0.00 seconds
      system cpu time     0.00 seconds
      memory              5456.21k
      OS Memory           31400.00k
      Timestamp           08/26/2026 06:54:25 PM
      Step Count                        721  Switch Count  0
      Page Faults                       0
      Page Reclaims                     52
      Page Swaps                        0
      Voluntary Context Switches        0
      Involuntary Context Switches      0
      Block Input Operations            0
      Block Output Operations           0
      


NOTE: There were 11 observations read from the data set WORK._DVJ_RELABEL.
NOTE: DATA statement used (Total process time):
      real time           0.00 seconds
      user cpu time       0.00 seconds
      system cpu time     0.00 seconds
      memory              626.12k
      OS Memory           26276.00k
      Timestamp           08/26/2026 06:54:25 PM
      Step Count                        722  Switch Count  0
      Page Faults                       0
      Page Reclaims                     57
      Page Swaps                        0
      Voluntary Context Switches        0
      Involuntary Context Switches      1
      Block Input Operations            0
      Block Output Operations           0
      

NOTE: CALL EXECUTE generated line.
1         + proc datasets lib=WORK nolist; modify _ADCM_PREORD2;
2         + label CMDECOD='Standardized Medication Name
3         +                 ';
4         + label CMDOSFRQ='Dosing Frequency per Interval
5         +                  ';
6         + label CMROUTE='Route of Administration
7         +                 ';
8         + label CMSEQ='Sequence Number
9         +               ';
10        + label CMTRT='Reported Name of Drug, Med, or Therapy
11        +               ';
12        + label SITEID='Study Site Identifier
13        +                ';
14        + label STUDYID='Study Identifier
15        +                 ';
16        + label SUBJID='Subject Identifier for the Study
17        +                ';
18        + label TRTEDT='Date of Last Exposure to Treatment
19        +                ';
20        + label TRTSDT='Date of First Exposure to Treatment
21        +                ';
270                                                        The SAS System                     Wednesday, August 26, 2026 11:54:25 AM

22        + label USUBJID='Unique Subject Identifier
23        +                 ';
24        + quit;

NOTE: MODIFY was successful for WORK._ADCM_PREORD2.DATA.
NOTE: PROCEDURE DATASETS used (Total process time):
      real time           0.00 seconds
      user cpu time       0.00 seconds
      system cpu time     0.00 seconds
      memory              1786.71k
      OS Memory           27044.00k
      Timestamp           08/26/2026 06:54:25 PM
      Step Count                        723  Switch Count  0
      Page Faults                       0
      Page Reclaims                     274
      Page Swaps                        0
      Voluntary Context Switches        0
      Involuntary Context Switches      0
      Block Input Operations            0
      Block Output Operations           16
      

NOTE: m_derive_vars_joined restored 11 label(s) on WORK._ADCM_PREORD2

NOTE: Deleting WORK._DVJ_ADD (memtype=DATA).
NOTE: Deleting WORK._DVJ_BASE (memtype=DATA).
NOTE: Deleting WORK._DVJ_JOINED (memtype=DATA).
NOTE: Deleting WORK._DVJ_OUT (memtype=DATA).
NOTE: Deleting WORK._DVJ_IN_LBL (memtype=DATA).
NOTE: Deleting WORK._DVJ_OUT_LBL (memtype=DATA).
NOTE: Deleting WORK._DVJ_RELABEL (memtype=DATA).
NOTE: PROCEDURE DATASETS used (Total process time):
      real time           0.00 seconds
      user cpu time       0.00 seconds
      system cpu time     0.00 seconds
      memory              347.34k
      OS Memory           26276.00k
      Timestamp           08/26/2026 06:54:25 PM
      Step Count                        724  Switch Count  14
      Page Faults                       0
      Page Reclaims                     48
      Page Swaps                        0
      Voluntary Context Switches        63
      Involuntary Context Switches      1
      Block Input Operations            0
      Block Output Operations           8
      

NOTE: work._adcm_preord2 has 7510 observations.

NOTE: The data set WORK._MOVR_PREF has 95 observations and 2 variables.
NOTE: PROCEDURE CONTENTS used (Total process time):
      real time           0.11 seconds
      user cpu time       0.00 seconds
      system cpu time     0.02 seconds
      memory              2376.25k
      OS Memory           27564.00k
      Timestamp           08/26/2026 06:54:25 PM
271                                                        The SAS System                     Wednesday, August 26, 2026 11:54:25 AM

      Step Count                        725  Switch Count  2
      Page Faults                       0
      Page Reclaims                     340
      Page Swaps                        0
      Voluntary Context Switches        18
      Involuntary Context Switches      2
      Block Input Operations            0
      Block Output Operations           272
      


NOTE: There were 95 observations read from the data set WORK._MOVR_PREF.
NOTE: The data set WORK._MOVR_PREF has 95 observations and 2 variables.
NOTE: DATA statement used (Total process time):
      real time           0.00 seconds
      user cpu time       0.01 seconds
      system cpu time     0.00 seconds
      memory              813.68k
      OS Memory           26536.00k
      Timestamp           08/26/2026 06:54:25 PM
      Step Count                        726  Switch Count  2
      Page Faults                       0
      Page Reclaims                     120
      Page Swaps                        0
      Voluntary Context Switches        10
      Involuntary Context Switches      0
      Block Input Operations            0
      Block Output Operations           264
      

NOTE: m_order_vars_like_ref using REF order from ref_pva.refadcm

NOTE: The data set WORK._MOVR_HAVE has 69 observations and 2 variables.
NOTE: PROCEDURE CONTENTS used (Total process time):
      real time           0.00 seconds
      user cpu time       0.00 seconds
      system cpu time     0.00 seconds
      memory              2368.15k
      OS Memory           27564.00k
      Timestamp           08/26/2026 06:54:25 PM
      Step Count                        727  Switch Count  2
      Page Faults                       0
      Page Reclaims                     341
      Page Swaps                        0
      Voluntary Context Switches        9
      Involuntary Context Switches      0
      Block Input Operations            0
      Block Output Operations           272
      


NOTE: There were 69 observations read from the data set WORK._MOVR_HAVE.
NOTE: The data set WORK._MOVR_HAVE has 69 observations and 2 variables.
NOTE: DATA statement used (Total process time):
      real time           0.00 seconds
      user cpu time       0.00 seconds
      system cpu time     0.00 seconds
      memory              808.87k
272                                                        The SAS System                     Wednesday, August 26, 2026 11:54:25 AM

      OS Memory           26536.00k
      Timestamp           08/26/2026 06:54:25 PM
      Step Count                        728  Switch Count  2
      Page Faults                       0
      Page Reclaims                     121
      Page Swaps                        0
      Voluntary Context Switches        10
      Involuntary Context Switches      0
      Block Input Operations            0
      Block Output Operations           264
      


NOTE: The data set WORK._MOVR_EXTRA has 5 observations and 2 variables.
NOTE: DATA statement used (Total process time):
      real time           0.00 seconds
      user cpu time       0.00 seconds
      system cpu time     0.00 seconds
      memory              606.90k
      OS Memory           26276.00k
      Timestamp           08/26/2026 06:54:25 PM
      Step Count                        729  Switch Count  2
      Page Faults                       0
      Page Reclaims                     87
      Page Swaps                        0
      Voluntary Context Switches        10
      Involuntary Context Switches      0
      Block Input Operations            0
      Block Output Operations           272
      

NOTE: Table WORK._MOVR_CORE created, with 64 rows and 2 columns.

NOTE: Table WORK._MOVR_XOK0 created, with 5 rows and 2 columns.

NOTE: PROCEDURE SQL used (Total process time):
      real time           0.00 seconds
      user cpu time       0.01 seconds
      system cpu time     0.00 seconds
      memory              6973.28k
      OS Memory           31660.00k
      Timestamp           08/26/2026 06:54:25 PM
      Step Count                        730  Switch Count  4
      Page Faults                       0
      Page Reclaims                     410
      Page Swaps                        0
      Voluntary Context Switches        34
      Involuntary Context Switches      2
      Block Input Operations            0
      Block Output Operations           544
      


NOTE: There were 5 observations read from the data set WORK._MOVR_XOK0.
NOTE: The data set WORK._MOVR_XOK has 5 observations and 3 variables.
NOTE: DATA statement used (Total process time):
      real time           0.00 seconds
      user cpu time       0.00 seconds
273                                                        The SAS System                     Wednesday, August 26, 2026 11:54:25 AM

      system cpu time     0.00 seconds
      memory              796.31k
      OS Memory           26536.00k
      Timestamp           08/26/2026 06:54:25 PM
      Step Count                        731  Switch Count  2
      Page Faults                       0
      Page Reclaims                     121
      Page Swaps                        0
      Voluntary Context Switches        12
      Involuntary Context Switches      0
      Block Input Operations            0
      Block Output Operations           264
      

NOTE: Table WORK._MOVR_XSLOT created, with 5 rows and 3 columns.

NOTE: Table WORK._MOVR_CSLOT created, with 64 rows and 3 columns.

NOTE: Table WORK._MOVR_UNION created, with 69 rows and 3 columns.

NOTE: Table WORK._MOVR_FINAL created, with 69 rows and 2 columns.

NOTE: Table WORK._MOVR_DEDUP created, with 69 rows and 2 columns.

NOTE: The query as specified involves ordering by an item that doesn't appear in its SELECT clause.
NOTE: PROCEDURE SQL used (Total process time):
      real time           0.01 seconds
      user cpu time       0.01 seconds
      system cpu time     0.01 seconds
      memory              6767.28k
      OS Memory           31660.00k
      Timestamp           08/26/2026 06:54:25 PM
      Step Count                        732  Switch Count  10
      Page Faults                       0
      Page Reclaims                     942
      Page Swaps                        0
      Voluntary Context Switches        81
      Involuntary Context Switches      3
      Block Input Operations            0
      Block Output Operations           1344
      


NOTE: There were 7510 observations read from the data set WORK._ADCM_PREORD2.
NOTE: The data set ADAM.ADCM has 7510 observations and 69 variables.
NOTE: DATA statement used (Total process time):
      real time           0.67 seconds
      user cpu time       0.00 seconds
      system cpu time     0.04 seconds
      memory              3630.62k
      OS Memory           29608.00k
      Timestamp           08/26/2026 06:54:25 PM
      Step Count                        733  Switch Count  1
      Page Faults                       0
      Page Reclaims                     598
      Page Swaps                        0
      Voluntary Context Switches        267
      Involuntary Context Switches      0
274                                                        The SAS System                     Wednesday, August 26, 2026 11:54:25 AM

      Block Input Operations            0
      Block Output Operations           15880
      


NOTE: Deleting WORK._MOVR_PREF (memtype=DATA).
NOTE: Deleting WORK._MOVR_HAVE (memtype=DATA).
NOTE: Deleting WORK._MOVR_EXTRA (memtype=DATA).
NOTE: Deleting WORK._MOVR_CORE (memtype=DATA).
NOTE: Deleting WORK._MOVR_XOK (memtype=DATA).
NOTE: Deleting WORK._MOVR_XSLOT (memtype=DATA).
NOTE: Deleting WORK._MOVR_CSLOT (memtype=DATA).
NOTE: Deleting WORK._MOVR_UNION (memtype=DATA).
NOTE: Deleting WORK._MOVR_FINAL (memtype=DATA).
NOTE: Deleting WORK._MOVR_DEDUP (memtype=DATA).
NOTE: PROCEDURE DATASETS used (Total process time):
      real time           0.00 seconds
      user cpu time       0.01 seconds
      system cpu time     0.00 seconds
      memory              349.59k
      OS Memory           26276.00k
      Timestamp           08/26/2026 06:54:25 PM
      Step Count                        734  Switch Count  20
      Page Faults                       0
      Page Reclaims                     48
      Page Swaps                        0
      Voluntary Context Switches        90
      Involuntary Context Switches      0
      Block Input Operations            0
      Block Output Operations           8
      

NOTE: m_order_vars_like_ref done -> adam.adcm

NOTE: There were 7510 observations read from the data set ADAM.ADCM.
NOTE: The data set ADAM.ADCM has 7510 observations and 69 variables.
NOTE: PROCEDURE SORT used (Total process time):
      real time           0.83 seconds
      user cpu time       0.00 seconds
      system cpu time     0.05 seconds
      memory              11670.87k
      OS Memory           36816.00k
      Timestamp           08/26/2026 06:54:26 PM
      Step Count                        735  Switch Count  2
      Page Faults                       0
      Page Reclaims                     2530
      Page Swaps                        0
      Voluntary Context Switches        308
      Involuntary Context Switches      2
      Block Input Operations            0
      Block Output Operations           15880
      


NOTE: Deleting WORK._ADCM_PVA_0 (memtype=DATA).
NOTE: Deleting WORK._ADCM_PVA_1 (memtype=DATA).
NOTE: Deleting WORK._ADCM_PVA_2 (memtype=DATA).
NOTE: Deleting WORK._ADCM_PVA_3 (memtype=DATA).
275                                                        The SAS System                     Wednesday, August 26, 2026 11:54:26 AM

NOTE: Deleting WORK._ADCM_PVA_3B (memtype=DATA).
NOTE: Deleting WORK._ADCM_PVA_3C (memtype=DATA).
NOTE: Deleting WORK._ADCM_PVA_4 (memtype=DATA).
NOTE: Deleting WORK._ADCM_PVA_5 (memtype=DATA).
NOTE: Deleting WORK._ADCM_PVA_6 (memtype=DATA).
NOTE: Deleting WORK._ADCM_PREORD (memtype=DATA).
NOTE: Deleting WORK._ADCM_PREORD2 (memtype=DATA).
NOTE: PROCEDURE DATASETS used (Total process time):
      real time           0.01 seconds
      user cpu time       0.00 seconds
      system cpu time     0.01 seconds
      memory              360.65k
      OS Memory           26276.00k
      Timestamp           08/26/2026 06:54:26 PM
      Step Count                        736  Switch Count  22
      Page Faults                       0
      Page Reclaims                     48
      Page Swaps                        0
      Voluntary Context Switches        102
      Involuntary Context Switches      1
      Block Input Operations            0
      Block Output Operations           16
      

NOTE: adam.adcm has 7510 observations.
NOTE: m_adcm_pva complete -> adam.adcm
NOTE: ADLB builder = m_adlb_admiral_mirror (ad_adlb.R 1:1).
NOTE: m_adlb_admiral_mirror - pure ad_adlb.R 1:1 sequence starting.

NOTE: The data set WORK._ADM_LB_PARAM_LOOKUP has 47 observations and 4 variables.
NOTE: DATA statement used (Total process time):
      real time           0.00 seconds
      user cpu time       0.00 seconds
      system cpu time     0.00 seconds
      memory              701.25k
      OS Memory           26276.00k
      Timestamp           08/26/2026 06:54:27 PM
      Step Count                        737  Switch Count  2
      Page Faults                       0
      Page Reclaims                     86
      Page Swaps                        0
      Voluntary Context Switches        10
      Involuntary Context Switches      0
      Block Input Operations            0
      Block Output Operations           264
      


NOTE: There were 59580 observations read from the data set RAW.LB.
NOTE: The data set WORK._ADM_LB0 has 59580 observations and 23 variables.
NOTE: DATA statement used (Total process time):
      real time           0.44 seconds
      user cpu time       0.05 seconds
      system cpu time     0.03 seconds
      memory              3469.59k
      OS Memory           29608.00k
      Timestamp           08/26/2026 06:54:27 PM
      Step Count                        738  Switch Count  2
276                                                        The SAS System                     Wednesday, August 26, 2026 11:54:27 AM

      Page Faults                       0
      Page Reclaims                     598
      Page Swaps                        0
      Voluntary Context Switches        124
      Involuntary Context Switches      1
      Block Input Operations            0
      Block Output Operations           26376
      


NOTE: There were 59580 observations read from the data set WORK._ADM_LB0.
NOTE: The data set WORK._ADM_LB0B has 59580 observations and 23 variables.
NOTE: DATA statement used (Total process time):
      real time           0.01 seconds
      user cpu time       0.01 seconds
      system cpu time     0.00 seconds
      memory              3460.40k
      OS Memory           29608.00k
      Timestamp           08/26/2026 06:54:27 PM
      Step Count                        739  Switch Count  2
      Page Faults                       0
      Page Reclaims                     598
      Page Swaps                        0
      Voluntary Context Switches        10
      Involuntary Context Switches      0
      Block Input Operations            0
      Block Output Operations           26376
      


NOTE: There were 306 observations read from the data set ADAM.ADSL.
      WHERE 1 /* an obviously TRUE WHERE clause */ ;
NOTE: The data set WORK._DVJ_ADD has 306 observations and 58 variables.
NOTE: DATA statement used (Total process time):
      real time           0.12 seconds
      user cpu time       0.00 seconds
      system cpu time     0.02 seconds
      memory              1193.62k
      OS Memory           26536.00k
      Timestamp           08/26/2026 06:54:27 PM
      Step Count                        740  Switch Count  2
      Page Faults                       0
      Page Reclaims                     91
      Page Swaps                        0
      Voluntary Context Switches        20
      Involuntary Context Switches      0
      Block Input Operations            0
      Block Output Operations           520
      


NOTE: There were 59580 observations read from the data set WORK._ADM_LB0B.
NOTE: The data set WORK._DVJ_BASE has 59580 observations and 24 variables.
NOTE: DATA statement used (Total process time):
      real time           0.01 seconds
      user cpu time       0.01 seconds
      system cpu time     0.02 seconds
      memory              3445.96k
277                                                        The SAS System                     Wednesday, August 26, 2026 11:54:27 AM

      OS Memory           29608.00k
      Timestamp           08/26/2026 06:54:27 PM
      Step Count                        741  Switch Count  2
      Page Faults                       0
      Page Reclaims                     598
      Page Swaps                        0
      Voluntary Context Switches        10
      Involuntary Context Switches      0
      Block Input Operations            0
      Block Output Operations           27144
      

NOTE: Table WORK._DVJ_JOINED created, with 59580 rows and 29 columns.

NOTE: PROCEDURE SQL used (Total process time):
      real time           0.06 seconds
      user cpu time       0.04 seconds
      system cpu time     0.03 seconds
      memory              23886.95k
      OS Memory           48312.00k
      Timestamp           08/26/2026 06:54:27 PM
      Step Count                        742  Switch Count  3
      Page Faults                       0
      Page Reclaims                     5350
      Page Swaps                        0
      Voluntary Context Switches        157
      Involuntary Context Switches      2
      Block Input Operations            0
      Block Output Operations           81432
      


NOTE: There were 59580 observations read from the data set WORK._DVJ_JOINED.
NOTE: The data set WORK._DVJ_JOINED has 59580 observations and 29 variables.
NOTE: PROCEDURE SORT used (Total process time):
      real time           0.05 seconds
      user cpu time       0.02 seconds
      system cpu time     0.03 seconds
      memory              32703.12k
      OS Memory           57720.00k
      Timestamp           08/26/2026 06:54:27 PM
      Step Count                        743  Switch Count  2
      Page Faults                       0
      Page Reclaims                     7719
      Page Swaps                        0
      Voluntary Context Switches        11
      Involuntary Context Switches      0
      Block Input Operations            0
      Block Output Operations           53256
      


NOTE: There were 59580 observations read from the data set WORK._DVJ_JOINED.
NOTE: The data set WORK._DVJ_OUT has 59580 observations and 29 variables.
NOTE: DATA statement used (Total process time):
      real time           0.02 seconds
      user cpu time       0.02 seconds
      system cpu time     0.02 seconds
278                                                        The SAS System                     Wednesday, August 26, 2026 11:54:27 AM

      memory              3538.75k
      OS Memory           29608.00k
      Timestamp           08/26/2026 06:54:27 PM
      Step Count                        744  Switch Count  2
      Page Faults                       0
      Page Reclaims                     598
      Page Swaps                        0
      Voluntary Context Switches        10
      Involuntary Context Switches      1
      Block Input Operations            0
      Block Output Operations           53256
      


NOTE: There were 59580 observations read from the data set WORK._DVJ_OUT.
NOTE: The data set WORK._ADM_LB01 has 59580 observations and 27 variables.
NOTE: DATA statement used (Total process time):
      real time           0.02 seconds
      user cpu time       0.00 seconds
      system cpu time     0.02 seconds
      memory              3471.31k
      OS Memory           29608.00k
      Timestamp           08/26/2026 06:54:28 PM
      Step Count                        745  Switch Count  2
      Page Faults                       0
      Page Reclaims                     598
      Page Swaps                        0
      Voluntary Context Switches        10
      Involuntary Context Switches      1
      Block Input Operations            0
      Block Output Operations           51464
      


NOTE: The data set WORK._DVJ_IN_LBL has 23 observations and 41 variables.
NOTE: PROCEDURE CONTENTS used (Total process time):
      real time           0.00 seconds
      user cpu time       0.00 seconds
      system cpu time     0.00 seconds
      memory              2397.78k
      OS Memory           27564.00k
      Timestamp           08/26/2026 06:54:28 PM
      Step Count                        746  Switch Count  2
      Page Faults                       0
      Page Reclaims                     335
      Page Swaps                        0
      Voluntary Context Switches        9
      Involuntary Context Switches      0
      Block Input Operations            0
      Block Output Operations           272
      


NOTE: The data set WORK._DVJ_OUT_LBL has 27 observations and 41 variables.
NOTE: PROCEDURE CONTENTS used (Total process time):
      real time           0.00 seconds
      user cpu time       0.00 seconds
      system cpu time     0.00 seconds
279                                                        The SAS System                     Wednesday, August 26, 2026 11:54:28 AM

      memory              2398.78k
      OS Memory           27564.00k
      Timestamp           08/26/2026 06:54:28 PM
      Step Count                        747  Switch Count  2
      Page Faults                       0
      Page Reclaims                     334
      Page Swaps                        0
      Voluntary Context Switches        9
      Involuntary Context Switches      0
      Block Input Operations            0
      Block Output Operations           272
      

NOTE: There were 23 observations read from the data set WORK._DVJ_IN_LBL.
NOTE: The data set WORK._DVJ_IN_LBL has 23 observations and 41 variables.
NOTE: DATA statement used (Total process time):
      real time           0.00 seconds
      user cpu time       0.01 seconds
      system cpu time     0.00 seconds
      memory              901.28k
      OS Memory           26536.00k
      Timestamp           08/26/2026 06:54:28 PM
      Step Count                        748  Switch Count  2
      Page Faults                       0
      Page Reclaims                     115
      Page Swaps                        0
      Voluntary Context Switches        10
      Involuntary Context Switches      0
      Block Input Operations            0
      Block Output Operations           264
      


NOTE: There were 27 observations read from the data set WORK._DVJ_OUT_LBL.
NOTE: The data set WORK._DVJ_OUT_LBL has 27 observations and 41 variables.
NOTE: DATA statement used (Total process time):
      real time           0.00 seconds
      user cpu time       0.00 seconds
      system cpu time     0.00 seconds
      memory              901.15k
      OS Memory           26536.00k
      Timestamp           08/26/2026 06:54:28 PM
      Step Count                        749  Switch Count  2
      Page Faults                       0
      Page Reclaims                     114
      Page Swaps                        0
      Voluntary Context Switches        10
      Involuntary Context Switches      0
      Block Input Operations            0
      Block Output Operations           264
      


NOTE: There were 23 observations read from the data set WORK._DVJ_IN_LBL.
NOTE: The data set WORK._DVJ_IN_LBL has 23 observations and 41 variables.
NOTE: PROCEDURE SORT used (Total process time):
      real time           0.00 seconds
      user cpu time       0.00 seconds
280                                                        The SAS System                     Wednesday, August 26, 2026 11:54:28 AM

      system cpu time     0.00 seconds
      memory              848.18k
      OS Memory           26536.00k
      Timestamp           08/26/2026 06:54:28 PM
      Step Count                        750  Switch Count  2
      Page Faults                       0
      Page Reclaims                     107
      Page Swaps                        0
      Voluntary Context Switches        10
      Involuntary Context Switches      0
      Block Input Operations            0
      Block Output Operations           264
      


NOTE: There were 27 observations read from the data set WORK._DVJ_OUT_LBL.
NOTE: The data set WORK._DVJ_OUT_LBL has 27 observations and 41 variables.
NOTE: PROCEDURE SORT used (Total process time):
      real time           0.00 seconds
      user cpu time       0.00 seconds
      system cpu time     0.00 seconds
      memory              847.34k
      OS Memory           26536.00k
      Timestamp           08/26/2026 06:54:28 PM
      Step Count                        751  Switch Count  2
      Page Faults                       0
      Page Reclaims                     106
      Page Swaps                        0
      Voluntary Context Switches        10
      Involuntary Context Switches      0
      Block Input Operations            0
      Block Output Operations           264
      


NOTE: There were 27 observations read from the data set WORK._DVJ_OUT_LBL.
NOTE: There were 23 observations read from the data set WORK._DVJ_IN_LBL.
NOTE: The data set WORK._DVJ_RELABEL has 23 observations and 2 variables.
NOTE: DATA statement used (Total process time):
      real time           0.00 seconds
      user cpu time       0.00 seconds
      system cpu time     0.00 seconds
      memory              1253.84k
      OS Memory           26796.00k
      Timestamp           08/26/2026 06:54:28 PM
      Step Count                        752  Switch Count  2
      Page Faults                       0
      Page Reclaims                     154
      Page Swaps                        0
      Voluntary Context Switches        10
      Involuntary Context Switches      0
      Block Input Operations            0
      Block Output Operations           264
      

NOTE: PROCEDURE SQL used (Total process time):
      real time           0.00 seconds
      user cpu time       0.00 seconds
281                                                        The SAS System                     Wednesday, August 26, 2026 11:54:28 AM

      system cpu time     0.00 seconds
      memory              5456.31k
      OS Memory           31400.00k
      Timestamp           08/26/2026 06:54:28 PM
      Step Count                        753  Switch Count  0
      Page Faults                       0
      Page Reclaims                     52
      Page Swaps                        0
      Voluntary Context Switches        0
      Involuntary Context Switches      0
      Block Input Operations            0
      Block Output Operations           0
      


NOTE: There were 23 observations read from the data set WORK._DVJ_RELABEL.
NOTE: DATA statement used (Total process time):
      real time           0.00 seconds
      user cpu time       0.00 seconds
      system cpu time     0.00 seconds
      memory              628.00k
      OS Memory           26276.00k
      Timestamp           08/26/2026 06:54:28 PM
      Step Count                        754  Switch Count  0
      Page Faults                       0
      Page Reclaims                     57
      Page Swaps                        0
      Voluntary Context Switches        0
      Involuntary Context Switches      0
      Block Input Operations            0
      Block Output Operations           0
      

NOTE: CALL EXECUTE generated line.
1         + proc datasets lib=WORK nolist; modify _ADM_LB01;
2         + label DOMAIN='Domain Abbreviation
3         +                ';
4         + label LBBLFL='Baseline Flag
5         +                ';
6         + label LBCAT='Category for Lab Test
7         +               ';
8         + label LBDTC='Date/Time of Specimen Collection
9         +               ';
10        + label LBDY='Study Day of Specimen Collection
11        +              ';
12        + label LBNRIND='Reference Range Indicator
13        +                 ';
14        + label LBORNRHI='Reference Range Upper Limit in Orig Unit
15        +                  ';
16        + label LBORNRLO='Reference Range Lower Limit in Orig Unit
17        +                  ';
18        + label LBORRES='Result or Finding in Original Units
19        +                 ';
20        + label LBORRESU='Original Units
21        +                  ';
22        + label LBSEQ='Sequence Number
23        +               ';
24        + label LBSTNRHI='Reference Range Upper Limit-Std Units
282                                                        The SAS System                     Wednesday, August 26, 2026 11:54:28 AM

25        +                  ';
26        + label LBSTNRLO='Reference Range Lower Limit-Std Units
27        +                  ';
28        + label LBSTRESC='Character Result/Finding in Std Format
29        +                  ';
30        + label LBSTRESN='Numeric Result/Finding in Standard Units
31        +                  ';
32        + label LBSTRESU='Standard Units
33        +                  ';
34        + label LBTEST='Lab Test or Examination Name
35        +                ';
36        + label LBTESTCD='Lab Test or Examination Short Name
37        +                  ';
38        + label STUDYID='Study Identifier
39        +                 ';
40        + label USUBJID='Unique Subject Identifier
41        +                 ';
42        + label VISIT='Visit Name
43        +               ';
44        + label VISITDY='Planned Study Day of Visit
45        +                 ';
46        + label VISITNUM='Visit Number
47        +                  ';
48        + quit;

NOTE: MODIFY was successful for WORK._ADM_LB01.DATA.
NOTE: PROCEDURE DATASETS used (Total process time):
      real time           0.00 seconds
      user cpu time       0.00 seconds
      system cpu time     0.00 seconds
      memory              1774.21k
      OS Memory           27044.00k
      Timestamp           08/26/2026 06:54:28 PM
      Step Count                        755  Switch Count  0
      Page Faults                       0
      Page Reclaims                     274
      Page Swaps                        0
      Voluntary Context Switches        0
      Involuntary Context Switches      1
      Block Input Operations            0
      Block Output Operations           16
      

NOTE: m_derive_vars_joined restored 23 label(s) on WORK._ADM_LB01

NOTE: Deleting WORK._DVJ_ADD (memtype=DATA).
NOTE: Deleting WORK._DVJ_BASE (memtype=DATA).
NOTE: Deleting WORK._DVJ_JOINED (memtype=DATA).
NOTE: Deleting WORK._DVJ_OUT (memtype=DATA).
NOTE: Deleting WORK._DVJ_IN_LBL (memtype=DATA).
NOTE: Deleting WORK._DVJ_OUT_LBL (memtype=DATA).
NOTE: Deleting WORK._DVJ_RELABEL (memtype=DATA).
NOTE: PROCEDURE DATASETS used (Total process time):
      real time           0.01 seconds
      user cpu time       0.00 seconds
      system cpu time     0.01 seconds
      memory              348.03k
      OS Memory           26276.00k
283                                                        The SAS System                     Wednesday, August 26, 2026 11:54:28 AM

      Timestamp           08/26/2026 06:54:28 PM
      Step Count                        756  Switch Count  14
      Page Faults                       0
      Page Reclaims                     48
      Page Swaps                        0
      Voluntary Context Switches        63
      Involuntary Context Switches      3
      Block Input Operations            0
      Block Output Operations           8
      

NOTE: work._adm_lb01 has 59580 observations.

NOTE: There were 59580 observations read from the data set WORK._ADM_LB01.
NOTE: The data set WORK._ADM_LB02 has 59580 observations and 28 variables.
NOTE: DATA statement used (Total process time):
      real time           0.06 seconds
      user cpu time       0.05 seconds
      system cpu time     0.02 seconds
      memory              3572.65k
      OS Memory           29608.00k
      Timestamp           08/26/2026 06:54:28 PM
      Step Count                        757  Switch Count  2
      Page Faults                       0
      Page Reclaims                     598
      Page Swaps                        0
      Voluntary Context Switches        11
      Involuntary Context Switches      0
      Block Input Operations            0
      Block Output Operations           52488
      

NOTE: work._adm_lb02 has 59580 observations.

NOTE: There were 59580 observations read from the data set WORK._ADM_LB02.
NOTE: The data set WORK._ADM_LB03 has 59580 observations and 29 variables.
NOTE: DATA statement used (Total process time):
      real time           0.02 seconds
      user cpu time       0.01 seconds
      system cpu time     0.02 seconds
      memory              3476.87k
      OS Memory           29608.00k
      Timestamp           08/26/2026 06:54:28 PM
      Step Count                        758  Switch Count  2
      Page Faults                       0
      Page Reclaims                     598
      Page Swaps                        0
      Voluntary Context Switches        10
      Involuntary Context Switches      0
      Block Input Operations            0
      Block Output Operations           53256
      

NOTE: work._adm_lb03 has 59580 observations.
NOTE: Table WORK._LKP created, with 47 rows and 4 columns.

NOTE: PROCEDURE SQL used (Total process time):
      real time           0.00 seconds
284                                                        The SAS System                     Wednesday, August 26, 2026 11:54:28 AM

      user cpu time       0.00 seconds
      system cpu time     0.00 seconds
      memory              5458.59k
      OS Memory           31400.00k
      Timestamp           08/26/2026 06:54:28 PM
      Step Count                        759  Switch Count  2
      Page Faults                       0
      Page Reclaims                     115
      Page Swaps                        0
      Voluntary Context Switches        10
      Involuntary Context Switches      0
      Block Input Operations            0
      Block Output Operations           272
      

NOTE: Table WORK._ADM_LB04 created, with 59580 rows and 32 columns.

NOTE: PROCEDURE SQL used (Total process time):
      real time           0.09 seconds
      user cpu time       0.05 seconds
      system cpu time     0.05 seconds
      memory              37036.95k
      OS Memory           61360.00k
      Timestamp           08/26/2026 06:54:28 PM
      Step Count                        760  Switch Count  3
      Page Faults                       0
      Page Reclaims                     8340
      Page Swaps                        0
      Voluntary Context Switches        485
      Involuntary Context Switches      1
      Block Input Operations            0
      Block Output Operations           118296
      

NOTE: The file WORK._UNMAP (memtype=DATA) was not found, but appears on a DELETE statement.
NOTE: The file WORK._KEYS (memtype=DATA) was not found, but appears on a DELETE statement.
NOTE: The file WORK._LKP_KEYS (memtype=DATA) was not found, but appears on a DELETE statement.
NOTE: Deleting WORK._LKP (memtype=DATA).
NOTE: PROCEDURE DATASETS used (Total process time):
      real time           0.00 seconds
      user cpu time       0.00 seconds
      system cpu time     0.00 seconds
      memory              346.56k
      OS Memory           26276.00k
      Timestamp           08/26/2026 06:54:28 PM
      Step Count                        761  Switch Count  2
      Page Faults                       0
      Page Reclaims                     48
      Page Swaps                        0
      Voluntary Context Switches        9
      Involuntary Context Switches      0
      Block Input Operations            0
      Block Output Operations           8
      

NOTE: work._adm_lb04 has 59580 observations.

NOTE: There were 59580 observations read from the data set WORK._ADM_LB04.
285                                                        The SAS System                     Wednesday, August 26, 2026 11:54:28 AM

NOTE: The data set WORK._ADM_LB05 has 59580 observations and 38 variables.
NOTE: DATA statement used (Total process time):
      real time           0.04 seconds
      user cpu time       0.02 seconds
      system cpu time     0.02 seconds
      memory              3494.78k
      OS Memory           29608.00k
      Timestamp           08/26/2026 06:54:28 PM
      Step Count                        762  Switch Count  2
      Page Faults                       0
      Page Reclaims                     598
      Page Swaps                        0
      Voluntary Context Switches        11
      Involuntary Context Switches      0
      Block Input Operations            0
      Block Output Operations           99848
      


NOTE: There were 59580 observations read from the data set WORK._ADM_LB05.
NOTE: The data set WORK._ADM_WBC_ALL has 59580 observations and 38 variables.
NOTE: PROCEDURE SORT used (Total process time):
      real time           0.12 seconds
      user cpu time       0.06 seconds
      system cpu time     0.07 seconds
      memory              72412.03k
      OS Memory           97016.00k
      Timestamp           08/26/2026 06:54:28 PM
      Step Count                        763  Switch Count  2
      Page Faults                       0
      Page Reclaims                     17492
      Page Swaps                        0
      Voluntary Context Switches        11
      Involuntary Context Switches      3
      Block Input Operations            0
      Block Output Operations           99856
      


NOTE: There were 1796 observations read from the data set WORK._ADM_WBC_ALL.
      WHERE UPCASE(STRIP(PARAMCD))='BASO';
NOTE: The data set WORK._ADM_WBC_HAVE has 1796 observations and 11 variables.
NOTE: DATA statement used (Total process time):
      real time           0.02 seconds
      user cpu time       0.01 seconds
      system cpu time     0.01 seconds
      memory              2705.28k
      OS Memory           28072.00k
      Timestamp           08/26/2026 06:54:28 PM
      Step Count                        764  Switch Count  2
      Page Faults                       0
      Page Reclaims                     388
      Page Swaps                        0
      Voluntary Context Switches        10
      Involuntary Context Switches      0
      Block Input Operations            0
      Block Output Operations           1032
      
286                                                        The SAS System                     Wednesday, August 26, 2026 11:54:28 AM



NOTE: There were 1796 observations read from the data set WORK._ADM_WBC_HAVE.
NOTE: 0 observations with duplicate key values were deleted.
NOTE: The data set WORK._ADM_WBC_HAVE has 1796 observations and 11 variables.
NOTE: PROCEDURE SORT used (Total process time):
      real time           0.00 seconds
      user cpu time       0.00 seconds
      system cpu time     0.00 seconds
      memory              3280.46k
      OS Memory           28856.00k
      Timestamp           08/26/2026 06:54:28 PM
      Step Count                        765  Switch Count  2
      Page Faults                       0
      Page Reclaims                     377
      Page Swaps                        0
      Voluntary Context Switches        10
      Involuntary Context Switches      0
      Block Input Operations            0
      Block Output Operations           1032
      


NOTE: There were 59580 observations read from the data set WORK._ADM_WBC_ALL.
NOTE: There were 1796 observations read from the data set WORK._ADM_WBC_HAVE.
NOTE: The data set WORK._ADM_WBC_ELIG has 1346 observations and 38 variables.
NOTE: DATA statement used (Total process time):
      real time           0.03 seconds
      user cpu time       0.02 seconds
      system cpu time     0.01 seconds
      memory              4212.12k
      OS Memory           30124.00k
      Timestamp           08/26/2026 06:54:28 PM
      Step Count                        766  Switch Count  2
      Page Faults                       0
      Page Reclaims                     700
      Page Swaps                        0
      Voluntary Context Switches        10
      Involuntary Context Switches      0
      Block Input Operations            0
      Block Output Operations           2312
      


NOTE: There were 1346 observations read from the data set WORK._ADM_WBC_ELIG.
      WHERE 1 /* an obviously TRUE WHERE clause */ ;
NOTE: The data set WORK._ADM_CMP_IN has 1346 observations and 38 variables.
NOTE: DATA statement used (Total process time):
      real time           0.00 seconds
      user cpu time       0.00 seconds
      system cpu time     0.01 seconds
      memory              3064.56k
      OS Memory           28840.00k
      Timestamp           08/26/2026 06:54:28 PM
      Step Count                        767  Switch Count  2
      Page Faults                       0
      Page Reclaims                     497
      Page Swaps                        0
287                                                        The SAS System                     Wednesday, August 26, 2026 11:54:28 AM

      Voluntary Context Switches        10
      Involuntary Context Switches      0
      Block Input Operations            0
      Block Output Operations           2312
      


NOTE: There were 25 observations read from the data set WORK._ADM_CMP_IN.
      WHERE PARAMCD in ('BASOLE', 'WBC');
NOTE: The data set WORK._ADM_CMP_V has 25 observations and 13 variables.
NOTE: DATA statement used (Total process time):
      real time           0.00 seconds
      user cpu time       0.00 seconds
      system cpu time     0.00 seconds
      memory              1933.46k
      OS Memory           27304.00k
      Timestamp           08/26/2026 06:54:28 PM
      Step Count                        768  Switch Count  2
      Page Faults                       0
      Page Reclaims                     311
      Page Swaps                        0
      Voluntary Context Switches        10
      Involuntary Context Switches      0
      Block Input Operations            0
      Block Output Operations           264
      


NOTE: There were 25 observations read from the data set WORK._ADM_CMP_V.
NOTE: The data set WORK._ADM_CMP_V has 25 observations and 13 variables.
NOTE: PROCEDURE SORT used (Total process time):
      real time           0.00 seconds
      user cpu time       0.01 seconds
      system cpu time     0.00 seconds
      memory              784.28k
      OS Memory           26536.00k
      Timestamp           08/26/2026 06:54:28 PM
      Step Count                        769  Switch Count  2
      Page Faults                       0
      Page Reclaims                     111
      Page Swaps                        0
      Voluntary Context Switches        10
      Involuntary Context Switches      0
      Block Input Operations            0
      Block Output Operations           264
      


NOTE: There were 25 observations read from the data set WORK._ADM_CMP_V.
NOTE: The data set WORK._ADM_CMP_T has 13 observations and 14 variables.
NOTE: PROCEDURE TRANSPOSE used (Total process time):
      real time           0.00 seconds
      user cpu time       0.00 seconds
      system cpu time     0.00 seconds
      memory              2850.81k
      OS Memory           28588.00k
      Timestamp           08/26/2026 06:54:28 PM
      Step Count                        770  Switch Count  4
288                                                        The SAS System                     Wednesday, August 26, 2026 11:54:28 AM

      Page Faults                       0
      Page Reclaims                     211
      Page Swaps                        0
      Voluntary Context Switches        19
      Involuntary Context Switches      0
      Block Input Operations            0
      Block Output Operations           528
      


NOTE: Missing values were generated as a result of performing an operation on missing values.
      Each place is given by: (Number of times) at (Line):(Column).
      1 at 9968:10   
NOTE: There were 13 observations read from the data set WORK._ADM_CMP_T.
NOTE: The data set WORK._ADM_CMP_NEW has 12 observations and 13 variables.
NOTE: DATA statement used (Total process time):
      real time           0.00 seconds
      user cpu time       0.00 seconds
      system cpu time     0.00 seconds
      memory              827.56k
      OS Memory           26536.00k
      Timestamp           08/26/2026 06:54:28 PM
      Step Count                        771  Switch Count  2
      Page Faults                       0
      Page Reclaims                     120
      Page Swaps                        0
      Voluntary Context Switches        10
      Involuntary Context Switches      0
      Block Input Operations            0
      Block Output Operations           264
      


NOTE: There were 1346 observations read from the data set WORK._ADM_WBC_ELIG.
NOTE: There were 12 observations read from the data set WORK._ADM_CMP_NEW.
NOTE: The data set WORK._ADM_WBC_TMP has 1358 observations and 38 variables.
NOTE: DATA statement used (Total process time):
      real time           0.00 seconds
      user cpu time       0.00 seconds
      system cpu time     0.00 seconds
      memory              3402.50k
      OS Memory           29100.00k
      Timestamp           08/26/2026 06:54:28 PM
      Step Count                        772  Switch Count  2
      Page Faults                       0
      Page Reclaims                     529
      Page Swaps                        0
      Voluntary Context Switches        10
      Involuntary Context Switches      0
      Block Input Operations            0
      Block Output Operations           2312
      


NOTE: The file WORK._ADM_CMP_C1 (memtype=DATA) was not found, but appears on a DELETE statement.
NOTE: The file WORK._ADM_CMP_CT (memtype=DATA) was not found, but appears on a DELETE statement.
NOTE: Deleting WORK._ADM_CMP_IN (memtype=DATA).
NOTE: Deleting WORK._ADM_CMP_V (memtype=DATA).
289                                                        The SAS System                     Wednesday, August 26, 2026 11:54:28 AM

NOTE: Deleting WORK._ADM_CMP_T (memtype=DATA).
NOTE: Deleting WORK._ADM_CMP_NEW (memtype=DATA).
NOTE: PROCEDURE DATASETS used (Total process time):
      real time           0.00 seconds
      user cpu time       0.01 seconds
      system cpu time     0.00 seconds
      memory              346.53k
      OS Memory           26276.00k
      Timestamp           08/26/2026 06:54:28 PM
      Step Count                        773  Switch Count  8
      Page Faults                       0
      Page Reclaims                     48
      Page Swaps                        0
      Voluntary Context Switches        36
      Involuntary Context Switches      0
      Block Input Operations            0
      Block Output Operations           8
      

NOTE: work._adm_wbc_tmp has 1358 observations.

NOTE: There were 12 observations read from the data set WORK._ADM_WBC_TMP.
      WHERE UPCASE(STRIP(PARAMCD))='BASO';
NOTE: The data set WORK._ADM_WBC_NEW has 12 observations and 38 variables.
NOTE: DATA statement used (Total process time):
      real time           0.00 seconds
      user cpu time       0.00 seconds
      system cpu time     0.00 seconds
      memory              1970.18k
      OS Memory           27304.00k
      Timestamp           08/26/2026 06:54:28 PM
      Step Count                        774  Switch Count  2
      Page Faults                       0
      Page Reclaims                     310
      Page Swaps                        0
      Voluntary Context Switches        10
      Involuntary Context Switches      0
      Block Input Operations            0
      Block Output Operations           264
      


NOTE: There were 59580 observations read from the data set WORK._ADM_LB05.
NOTE: There were 12 observations read from the data set WORK._ADM_WBC_NEW.
NOTE: The data set WORK._ADM_LB06A has 59592 observations and 38 variables.
NOTE: DATA statement used (Total process time):
      real time           0.04 seconds
      user cpu time       0.01 seconds
      system cpu time     0.03 seconds
      memory              3829.28k
      OS Memory           29868.00k
      Timestamp           08/26/2026 06:54:28 PM
      Step Count                        775  Switch Count  2
      Page Faults                       0
      Page Reclaims                     632
      Page Swaps                        0
      Voluntary Context Switches        11
      Involuntary Context Switches      3
290                                                        The SAS System                     Wednesday, August 26, 2026 11:54:28 AM

      Block Input Operations            0
      Block Output Operations           99848
      

NOTE: Deleting WORK._ADM_WBC_ALL (memtype=DATA).
NOTE: Deleting WORK._ADM_WBC_HAVE (memtype=DATA).
NOTE: Deleting WORK._ADM_WBC_ELIG (memtype=DATA).
NOTE: Deleting WORK._ADM_WBC_TMP (memtype=DATA).
NOTE: Deleting WORK._ADM_WBC_NEW (memtype=DATA).
NOTE: PROCEDURE DATASETS used (Total process time):
      real time           0.00 seconds
      user cpu time       0.00 seconds
      system cpu time     0.01 seconds
      memory              346.56k
      OS Memory           26276.00k
      Timestamp           08/26/2026 06:54:28 PM
      Step Count                        776  Switch Count  10
      Page Faults                       0
      Page Reclaims                     48
      Page Swaps                        0
      Voluntary Context Switches        45
      Involuntary Context Switches      0
      Block Input Operations            0
      Block Output Operations           8
      

NOTE: work._adm_lb06a has 59592 observations.

NOTE: There were 59592 observations read from the data set WORK._ADM_LB06A.
NOTE: The data set WORK._ADM_LB06 has 59592 observations and 39 variables.
NOTE: DATA statement used (Total process time):
      real time           0.04 seconds
      user cpu time       0.01 seconds
      system cpu time     0.03 seconds
      memory              3496.28k
      OS Memory           29608.00k
      Timestamp           08/26/2026 06:54:28 PM
      Step Count                        777  Switch Count  2
      Page Faults                       0
      Page Reclaims                     598
      Page Swaps                        0
      Voluntary Context Switches        11
      Involuntary Context Switches      1
      Block Input Operations            0
      Block Output Operations           101896
      


NOTE: There were 59592 observations read from the data set WORK._ADM_LB06.
NOTE: The data set WORK._ADM_WBC_ALL has 59592 observations and 39 variables.
NOTE: PROCEDURE SORT used (Total process time):
      real time           0.12 seconds
      user cpu time       0.06 seconds
      system cpu time     0.06 seconds
      memory              72405.09k
      OS Memory           97012.00k
      Timestamp           08/26/2026 06:54:28 PM
      Step Count                        778  Switch Count  2
291                                                        The SAS System                     Wednesday, August 26, 2026 11:54:28 AM

      Page Faults                       0
      Page Reclaims                     17647
      Page Swaps                        0
      Voluntary Context Switches        12
      Involuntary Context Switches      1
      Block Input Operations            0
      Block Output Operations           101904
      


NOTE: There were 1796 observations read from the data set WORK._ADM_WBC_ALL.
      WHERE UPCASE(STRIP(PARAMCD))='LYMPH';
NOTE: The data set WORK._ADM_WBC_HAVE has 1796 observations and 11 variables.
NOTE: DATA statement used (Total process time):
      real time           0.02 seconds
      user cpu time       0.01 seconds
      system cpu time     0.01 seconds
      memory              2704.65k
      OS Memory           28072.00k
      Timestamp           08/26/2026 06:54:28 PM
      Step Count                        779  Switch Count  2
      Page Faults                       0
      Page Reclaims                     388
      Page Swaps                        0
      Voluntary Context Switches        10
      Involuntary Context Switches      0
      Block Input Operations            0
      Block Output Operations           1032
      


NOTE: There were 1796 observations read from the data set WORK._ADM_WBC_HAVE.
NOTE: 0 observations with duplicate key values were deleted.
NOTE: The data set WORK._ADM_WBC_HAVE has 1796 observations and 11 variables.
NOTE: PROCEDURE SORT used (Total process time):
      real time           0.00 seconds
      user cpu time       0.01 seconds
      system cpu time     0.00 seconds
      memory              3280.50k
      OS Memory           28856.00k
      Timestamp           08/26/2026 06:54:28 PM
      Step Count                        780  Switch Count  2
      Page Faults                       0
      Page Reclaims                     377
      Page Swaps                        0
      Voluntary Context Switches        10
      Involuntary Context Switches      0
      Block Input Operations            0
      Block Output Operations           1040
      


NOTE: There were 59592 observations read from the data set WORK._ADM_WBC_ALL.
NOTE: There were 1796 observations read from the data set WORK._ADM_WBC_HAVE.
NOTE: The data set WORK._ADM_WBC_ELIG has 1358 observations and 39 variables.
NOTE: DATA statement used (Total process time):
      real time           0.03 seconds
      user cpu time       0.01 seconds
292                                                        The SAS System                     Wednesday, August 26, 2026 11:54:28 AM

      system cpu time     0.01 seconds
      memory              4355.96k
      OS Memory           30380.00k
      Timestamp           08/26/2026 06:54:28 PM
      Step Count                        781  Switch Count  2
      Page Faults                       0
      Page Reclaims                     759
      Page Swaps                        0
      Voluntary Context Switches        10
      Involuntary Context Switches      1
      Block Input Operations            0
      Block Output Operations           2568
      


NOTE: There were 1358 observations read from the data set WORK._ADM_WBC_ELIG.
      WHERE 1 /* an obviously TRUE WHERE clause */ ;
NOTE: The data set WORK._ADM_CMP_IN has 1358 observations and 39 variables.
NOTE: DATA statement used (Total process time):
      real time           0.00 seconds
      user cpu time       0.01 seconds
      system cpu time     0.01 seconds
      memory              3360.00k
      OS Memory           29352.00k
      Timestamp           08/26/2026 06:54:28 PM
      Step Count                        782  Switch Count  2
      Page Faults                       0
      Page Reclaims                     591
      Page Swaps                        0
      Voluntary Context Switches        10
      Involuntary Context Switches      0
      Block Input Operations            0
      Block Output Operations           2568
      


NOTE: There were 25 observations read from the data set WORK._ADM_CMP_IN.
      WHERE PARAMCD in ('LYMPHLE', 'WBC');
NOTE: The data set WORK._ADM_CMP_V has 25 observations and 13 variables.
NOTE: DATA statement used (Total process time):
      real time           0.00 seconds
      user cpu time       0.00 seconds
      system cpu time     0.00 seconds
      memory              2085.50k
      OS Memory           27304.00k
      Timestamp           08/26/2026 06:54:28 PM
      Step Count                        783  Switch Count  2
      Page Faults                       0
      Page Reclaims                     311
      Page Swaps                        0
      Voluntary Context Switches        10
      Involuntary Context Switches      0
      Block Input Operations            0
      Block Output Operations           264
      


NOTE: There were 25 observations read from the data set WORK._ADM_CMP_V.
293                                                        The SAS System                     Wednesday, August 26, 2026 11:54:28 AM

NOTE: The data set WORK._ADM_CMP_V has 25 observations and 13 variables.
NOTE: PROCEDURE SORT used (Total process time):
      real time           0.00 seconds
      user cpu time       0.00 seconds
      system cpu time     0.00 seconds
      memory              784.28k
      OS Memory           26536.00k
      Timestamp           08/26/2026 06:54:28 PM
      Step Count                        784  Switch Count  2
      Page Faults                       0
      Page Reclaims                     111
      Page Swaps                        0
      Voluntary Context Switches        10
      Involuntary Context Switches      0
      Block Input Operations            0
      Block Output Operations           264
      


NOTE: There were 25 observations read from the data set WORK._ADM_CMP_V.
NOTE: The data set WORK._ADM_CMP_T has 13 observations and 14 variables.
NOTE: PROCEDURE TRANSPOSE used (Total process time):
      real time           0.00 seconds
      user cpu time       0.00 seconds
      system cpu time     0.00 seconds
      memory              2850.81k
      OS Memory           28588.00k
      Timestamp           08/26/2026 06:54:28 PM
      Step Count                        785  Switch Count  4
      Page Faults                       0
      Page Reclaims                     179
      Page Swaps                        0
      Voluntary Context Switches        19
      Involuntary Context Switches      0
      Block Input Operations            0
      Block Output Operations           528
      


NOTE: Missing values were generated as a result of performing an operation on missing values.
      Each place is given by: (Number of times) at (Line):(Column).
      1 at 9968:11   
NOTE: There were 13 observations read from the data set WORK._ADM_CMP_T.
NOTE: The data set WORK._ADM_CMP_NEW has 12 observations and 13 variables.
NOTE: DATA statement used (Total process time):
      real time           0.00 seconds
      user cpu time       0.00 seconds
      system cpu time     0.00 seconds
      memory              827.50k
      OS Memory           26536.00k
      Timestamp           08/26/2026 06:54:28 PM
      Step Count                        786  Switch Count  2
      Page Faults                       0
      Page Reclaims                     120
      Page Swaps                        0
      Voluntary Context Switches        10
      Involuntary Context Switches      0
      Block Input Operations            0
294                                                        The SAS System                     Wednesday, August 26, 2026 11:54:28 AM

      Block Output Operations           264
      


NOTE: There were 1358 observations read from the data set WORK._ADM_WBC_ELIG.
NOTE: There were 12 observations read from the data set WORK._ADM_CMP_NEW.
NOTE: The data set WORK._ADM_WBC_TMP has 1370 observations and 39 variables.
NOTE: DATA statement used (Total process time):
      real time           0.00 seconds
      user cpu time       0.01 seconds
      system cpu time     0.00 seconds
      memory              3698.40k
      OS Memory           29612.00k
      Timestamp           08/26/2026 06:54:28 PM
      Step Count                        787  Switch Count  2
      Page Faults                       0
      Page Reclaims                     622
      Page Swaps                        0
      Voluntary Context Switches        10
      Involuntary Context Switches      0
      Block Input Operations            0
      Block Output Operations           2568
      


NOTE: The file WORK._ADM_CMP_C1 (memtype=DATA) was not found, but appears on a DELETE statement.
NOTE: The file WORK._ADM_CMP_CT (memtype=DATA) was not found, but appears on a DELETE statement.
NOTE: Deleting WORK._ADM_CMP_IN (memtype=DATA).
NOTE: Deleting WORK._ADM_CMP_V (memtype=DATA).
NOTE: Deleting WORK._ADM_CMP_T (memtype=DATA).
NOTE: Deleting WORK._ADM_CMP_NEW (memtype=DATA).
NOTE: PROCEDURE DATASETS used (Total process time):
      real time           0.00 seconds
      user cpu time       0.00 seconds
      system cpu time     0.00 seconds
      memory              346.53k
      OS Memory           26276.00k
      Timestamp           08/26/2026 06:54:28 PM
      Step Count                        788  Switch Count  8
      Page Faults                       0
      Page Reclaims                     48
      Page Swaps                        0
      Voluntary Context Switches        36
      Involuntary Context Switches      0
      Block Input Operations            0
      Block Output Operations           8
      

NOTE: work._adm_wbc_tmp has 1370 observations.

NOTE: There were 12 observations read from the data set WORK._ADM_WBC_TMP.
      WHERE UPCASE(STRIP(PARAMCD))='LYMPH';
NOTE: The data set WORK._ADM_WBC_NEW has 12 observations and 39 variables.
NOTE: DATA statement used (Total process time):
      real time           0.00 seconds
      user cpu time       0.00 seconds
      system cpu time     0.01 seconds
      memory              2119.46k
295                                                        The SAS System                     Wednesday, August 26, 2026 11:54:28 AM

      OS Memory           27304.00k
      Timestamp           08/26/2026 06:54:28 PM
      Step Count                        789  Switch Count  2
      Page Faults                       0
      Page Reclaims                     310
      Page Swaps                        0
      Voluntary Context Switches        10
      Involuntary Context Switches      0
      Block Input Operations            0
      Block Output Operations           272
      


NOTE: There were 59592 observations read from the data set WORK._ADM_LB06.
NOTE: There were 12 observations read from the data set WORK._ADM_WBC_NEW.
NOTE: The data set WORK._ADM_LB07A has 59604 observations and 39 variables.
NOTE: DATA statement used (Total process time):
      real time           0.04 seconds
      user cpu time       0.01 seconds
      system cpu time     0.03 seconds
      memory              3797.53k
      OS Memory           29868.00k
      Timestamp           08/26/2026 06:54:28 PM
      Step Count                        790  Switch Count  2
      Page Faults                       0
      Page Reclaims                     632
      Page Swaps                        0
      Voluntary Context Switches        10
      Involuntary Context Switches      0
      Block Input Operations            0
      Block Output Operations           101896
      

NOTE: Deleting WORK._ADM_WBC_ALL (memtype=DATA).
NOTE: Deleting WORK._ADM_WBC_HAVE (memtype=DATA).
NOTE: Deleting WORK._ADM_WBC_ELIG (memtype=DATA).
NOTE: Deleting WORK._ADM_WBC_TMP (memtype=DATA).
NOTE: Deleting WORK._ADM_WBC_NEW (memtype=DATA).
NOTE: PROCEDURE DATASETS used (Total process time):
      real time           0.00 seconds
      user cpu time       0.00 seconds
      system cpu time     0.01 seconds
      memory              346.56k
      OS Memory           26276.00k
      Timestamp           08/26/2026 06:54:28 PM
      Step Count                        791  Switch Count  10
      Page Faults                       0
      Page Reclaims                     48
      Page Swaps                        0
      Voluntary Context Switches        45
      Involuntary Context Switches      0
      Block Input Operations            0
      Block Output Operations           8
      

NOTE: work._adm_lb07a has 59604 observations.

NOTE: There were 59604 observations read from the data set WORK._ADM_LB07A.
296                                                        The SAS System                     Wednesday, August 26, 2026 11:54:28 AM

NOTE: The data set WORK._ADM_LB07 has 59604 observations and 39 variables.
NOTE: DATA statement used (Total process time):
      real time           0.04 seconds
      user cpu time       0.01 seconds
      system cpu time     0.03 seconds
      memory              3494.68k
      OS Memory           29608.00k
      Timestamp           08/26/2026 06:54:28 PM
      Step Count                        792  Switch Count  2
      Page Faults                       0
      Page Reclaims                     598
      Page Swaps                        0
      Voluntary Context Switches        11
      Involuntary Context Switches      0
      Block Input Operations            0
      Block Output Operations           101896
      


NOTE: There were 59604 observations read from the data set WORK._ADM_LB07.
NOTE: The data set WORK._ADM_LB08 has 59604 observations and 41 variables.
NOTE: DATA statement used (Total process time):
      real time           0.07 seconds
      user cpu time       0.05 seconds
      system cpu time     0.03 seconds
      memory              3511.87k
      OS Memory           29608.00k
      Timestamp           08/26/2026 06:54:28 PM
      Step Count                        793  Switch Count  2
      Page Faults                       0
      Page Reclaims                     598
      Page Swaps                        0
      Voluntary Context Switches        11
      Involuntary Context Switches      0
      Block Input Operations            0
      Block Output Operations           107528
      


NOTE: There were 59604 observations read from the data set WORK._ADM_LB08.
NOTE: The data set WORK._ADM_ONTRT has 59604 observations and 42 variables.
NOTE: DATA statement used (Total process time):
      real time           0.04 seconds
      user cpu time       0.02 seconds
      system cpu time     0.03 seconds
      memory              3517.09k
      OS Memory           29608.00k
      Timestamp           08/26/2026 06:54:29 PM
      Step Count                        794  Switch Count  2
      Page Faults                       0
      Page Reclaims                     598
      Page Swaps                        0
      Voluntary Context Switches        10
      Involuntary Context Switches      0
      Block Input Operations            0
      Block Output Operations           108296
      

297                                                        The SAS System                     Wednesday, August 26, 2026 11:54:29 AM

NOTE: work._adm_ontrt has 59604 observations.

NOTE: There were 59604 observations read from the data set WORK._ADM_ONTRT.
NOTE: The data set WORK._ADM_LB09 has 59604 observations and 42 variables.
NOTE: DATA statement used (Total process time):
      real time           0.04 seconds
      user cpu time       0.01 seconds
      system cpu time     0.03 seconds
      memory              3499.28k
      OS Memory           29608.00k
      Timestamp           08/26/2026 06:54:29 PM
      Step Count                        795  Switch Count  2
      Page Faults                       0
      Page Reclaims                     598
      Page Swaps                        0
      Voluntary Context Switches        10
      Involuntary Context Switches      0
      Block Input Operations            0
      Block Output Operations           108296
      


NOTE: Deleting WORK._ADM_ONTRT (memtype=DATA).
NOTE: PROCEDURE DATASETS used (Total process time):
      real time           0.00 seconds
      user cpu time       0.00 seconds
      system cpu time     0.01 seconds
      memory              346.53k
      OS Memory           26276.00k
      Timestamp           08/26/2026 06:54:29 PM
      Step Count                        796  Switch Count  2
      Page Faults                       0
      Page Reclaims                     48
      Page Swaps                        0
      Voluntary Context Switches        9
      Involuntary Context Switches      0
      Block Input Operations            0
      Block Output Operations           8
      


NOTE: There were 59604 observations read from the data set WORK._ADM_LB09.
NOTE: The data set WORK._ADM_LB10 has 59604 observations and 43 variables.
NOTE: DATA statement used (Total process time):
      real time           0.04 seconds
      user cpu time       0.01 seconds
      system cpu time     0.03 seconds
      memory              3503.93k
      OS Memory           29608.00k
      Timestamp           08/26/2026 06:54:29 PM
      Step Count                        797  Switch Count  2
      Page Faults                       0
      Page Reclaims                     598
      Page Swaps                        0
      Voluntary Context Switches        10
      Involuntary Context Switches      0
      Block Input Operations            0
      Block Output Operations           110600
298                                                        The SAS System                     Wednesday, August 26, 2026 11:54:29 AM

      


NOTE: There were 59604 observations read from the data set WORK._ADM_LB10.
NOTE: The data set WORK._ADM_LB11 has 59604 observations and 44 variables.
NOTE: DATA statement used (Total process time):
      real time           0.04 seconds
      user cpu time       0.01 seconds
      system cpu time     0.04 seconds
      memory              3499.37k
      OS Memory           29608.00k
      Timestamp           08/26/2026 06:54:29 PM
      Step Count                        798  Switch Count  2
      Page Faults                       0
      Page Reclaims                     598
      Page Swaps                        0
      Voluntary Context Switches        11
      Involuntary Context Switches      0
      Block Input Operations            0
      Block Output Operations           122128
      


NOTE: There were 59604 observations read from the data set WORK._ADM_LB11.
NOTE: The data set WORK._ADM_EX_ALL has 59604 observations and 46 variables.
NOTE: DATA statement used (Total process time):
      real time           0.04 seconds
      user cpu time       0.02 seconds
      system cpu time     0.03 seconds
      memory              3514.43k
      OS Memory           29608.00k
      Timestamp           08/26/2026 06:54:29 PM
      Step Count                        799  Switch Count  2
      Page Faults                       0
      Page Reclaims                     598
      Page Swaps                        0
      Voluntary Context Switches        11
      Involuntary Context Switches      0
      Block Input Operations            0
      Block Output Operations           123144
      


NOTE: There were 9996 observations read from the data set WORK._ADM_EX_ALL.
      WHERE (not MISSING(AVAL)) and (not MISSING(TRTSDT)) and (ADT<=TRTSDT) and (not MISSING(BASETYPE));
NOTE: The data set WORK._ADM_EX_CAND has 9996 observations and 46 variables.
NOTE: DATA statement used (Total process time):
      real time           0.03 seconds
      user cpu time       0.01 seconds
      system cpu time     0.02 seconds
      memory              3518.21k
      OS Memory           29608.00k
      Timestamp           08/26/2026 06:54:29 PM
      Step Count                        800  Switch Count  2
      Page Faults                       0
      Page Reclaims                     598
      Page Swaps                        0
      Voluntary Context Switches        11
299                                                        The SAS System                     Wednesday, August 26, 2026 11:54:29 AM

      Involuntary Context Switches      0
      Block Input Operations            0
      Block Output Operations           20744
      


NOTE: There were 9996 observations read from the data set WORK._ADM_EX_CAND.
NOTE: The data set WORK._ADM_EX_S has 9996 observations and 46 variables.
NOTE: PROCEDURE SORT used (Total process time):
      real time           0.02 seconds
      user cpu time       0.01 seconds
      system cpu time     0.01 seconds
      memory              15008.87k
      OS Memory           39908.00k
      Timestamp           08/26/2026 06:54:29 PM
      Step Count                        801  Switch Count  2
      Page Faults                       0
      Page Reclaims                     3457
      Page Swaps                        0
      Voluntary Context Switches        11
      Involuntary Context Switches      1
      Block Input Operations            0
      Block Output Operations           20752
      


NOTE: There were 9996 observations read from the data set WORK._ADM_EX_S.
NOTE: The data set WORK._ADM_EX_FLG has 9171 observations and 2 variables.
NOTE: DATA statement used (Total process time):
      real time           0.00 seconds
      user cpu time       0.00 seconds
      system cpu time     0.00 seconds
      memory              2369.68k
      OS Memory           27560.00k
      Timestamp           08/26/2026 06:54:29 PM
      Step Count                        802  Switch Count  2
      Page Faults                       0
      Page Reclaims                     344
      Page Swaps                        0
      Voluntary Context Switches        11
      Involuntary Context Switches      0
      Block Input Operations            0
      Block Output Operations           520
      


NOTE: There were 59604 observations read from the data set WORK._ADM_EX_ALL.
NOTE: The data set WORK._ADM_EX_ALL has 59604 observations and 46 variables.
NOTE: PROCEDURE SORT used (Total process time):
      real time           0.09 seconds
      user cpu time       0.03 seconds
      system cpu time     0.07 seconds
      memory              66624.50k
      OS Memory           91628.00k
      Timestamp           08/26/2026 06:54:29 PM
      Step Count                        803  Switch Count  2
      Page Faults                       0
      Page Reclaims                     16166
300                                                        The SAS System                     Wednesday, August 26, 2026 11:54:29 AM

      Page Swaps                        0
      Voluntary Context Switches        10
      Involuntary Context Switches      0
      Block Input Operations            0
      Block Output Operations           123144
      


NOTE: There were 9171 observations read from the data set WORK._ADM_EX_FLG.
NOTE: The data set WORK._ADM_EX_FLG has 9171 observations and 2 variables.
NOTE: PROCEDURE SORT used (Total process time):
      real time           0.00 seconds
      user cpu time       0.00 seconds
      system cpu time     0.00 seconds
      memory              1528.06k
      OS Memory           27056.00k
      Timestamp           08/26/2026 06:54:29 PM
      Step Count                        804  Switch Count  2
      Page Faults                       0
      Page Reclaims                     126
      Page Swaps                        0
      Voluntary Context Switches        11
      Involuntary Context Switches      0
      Block Input Operations            0
      Block Output Operations           520
      


NOTE: There were 59604 observations read from the data set WORK._ADM_EX_ALL.
NOTE: There were 9171 observations read from the data set WORK._ADM_EX_FLG.
NOTE: The data set WORK._ADM_LB12 has 59604 observations and 45 variables.
NOTE: DATA statement used (Total process time):
      real time           0.05 seconds
      user cpu time       0.02 seconds
      system cpu time     0.03 seconds
      memory              4095.78k
      OS Memory           30124.00k
      Timestamp           08/26/2026 06:54:29 PM
      Step Count                        805  Switch Count  2
      Page Faults                       0
      Page Reclaims                     667
      Page Swaps                        0
      Voluntary Context Switches        11
      Involuntary Context Switches      3
      Block Input Operations            0
      Block Output Operations           122120
      


NOTE: Deleting WORK._ADM_EX_ALL (memtype=DATA).
NOTE: Deleting WORK._ADM_EX_CAND (memtype=DATA).
NOTE: Deleting WORK._ADM_EX_S (memtype=DATA).
NOTE: Deleting WORK._ADM_EX_FLG (memtype=DATA).
NOTE: PROCEDURE DATASETS used (Total process time):
      real time           0.01 seconds
      user cpu time       0.01 seconds
      system cpu time     0.01 seconds
      memory              348.59k
301                                                        The SAS System                     Wednesday, August 26, 2026 11:54:29 AM

      OS Memory           26276.00k
      Timestamp           08/26/2026 06:54:29 PM
      Step Count                        806  Switch Count  8
      Page Faults                       0
      Page Reclaims                     48
      Page Swaps                        0
      Voluntary Context Switches        36
      Involuntary Context Switches      2
      Block Input Operations            0
      Block Output Operations           8
      

NOTE: work._adm_lb12 has 59604 observations.
NOTE: Table WORK._BASE_SRC created, with 9171 rows and 5 columns.

NOTE: PROCEDURE SQL used (Total process time):
      real time           0.02 seconds
      user cpu time       0.01 seconds
      system cpu time     0.01 seconds
      memory              8973.90k
      OS Memory           33384.00k
      Timestamp           08/26/2026 06:54:29 PM
      Step Count                        807  Switch Count  3
      Page Faults                       0
      Page Reclaims                     1364
      Page Swaps                        0
      Voluntary Context Switches        58
      Involuntary Context Switches      0
      Block Input Operations            0
      Block Output Operations           2824
      


NOTE: There were 59604 observations read from the data set WORK._ADM_LB12.
NOTE: The data set WORK._BASE_ALL has 59604 observations and 45 variables.
NOTE: PROCEDURE SORT used (Total process time):
      real time           0.11 seconds
      user cpu time       0.05 seconds
      system cpu time     0.06 seconds
      memory              74215.56k
      OS Memory           98804.00k
      Timestamp           08/26/2026 06:54:29 PM
      Step Count                        808  Switch Count  2
      Page Faults                       0
      Page Reclaims                     18081
      Page Swaps                        0
      Voluntary Context Switches        12
      Involuntary Context Switches      3
      Block Input Operations            0
      Block Output Operations           122128
      


NOTE: Input data set is already sorted, no sorting done.
NOTE: PROCEDURE SORT used (Total process time):
      real time           0.00 seconds
      user cpu time       0.00 seconds
      system cpu time     0.00 seconds
302                                                        The SAS System                     Wednesday, August 26, 2026 11:54:29 AM

      memory              1735.06k
      OS Memory           27044.00k
      Timestamp           08/26/2026 06:54:29 PM
      Step Count                        809  Switch Count  0
      Page Faults                       0
      Page Reclaims                     241
      Page Swaps                        0
      Voluntary Context Switches        0
      Involuntary Context Switches      0
      Block Input Operations            0
      Block Output Operations           0
      


NOTE: There were 59604 observations read from the data set WORK._BASE_ALL.
NOTE: There were 9171 observations read from the data set WORK._BASE_SRC.
NOTE: The data set WORK._ADM_LB13 has 59604 observations and 46 variables.
NOTE: DATA statement used (Total process time):
      real time           0.05 seconds
      user cpu time       0.02 seconds
      system cpu time     0.04 seconds
      memory              5334.96k
      OS Memory           31660.00k
      Timestamp           08/26/2026 06:54:29 PM
      Step Count                        810  Switch Count  2
      Page Faults                       0
      Page Reclaims                     964
      Page Swaps                        0
      Voluntary Context Switches        11
      Involuntary Context Switches      1
      Block Input Operations            0
      Block Output Operations           123144
      


NOTE: Deleting WORK._BASE_SRC (memtype=DATA).
NOTE: Deleting WORK._BASE_ALL (memtype=DATA).
NOTE: PROCEDURE DATASETS used (Total process time):
      real time           0.00 seconds
      user cpu time       0.00 seconds
      system cpu time     0.01 seconds
      memory              347.59k
      OS Memory           26276.00k
      Timestamp           08/26/2026 06:54:29 PM
      Step Count                        811  Switch Count  4
      Page Faults                       0
      Page Reclaims                     48
      Page Swaps                        0
      Voluntary Context Switches        18
      Involuntary Context Switches      2
      Block Input Operations            0
      Block Output Operations           8
      

NOTE: work._adm_lb13 has 59604 observations.

NOTE: There were 59604 observations read from the data set WORK._ADM_LB13.
NOTE: The data set WORK._BASE_CAND has 59604 observations and 46 variables.
303                                                        The SAS System                     Wednesday, August 26, 2026 11:54:29 AM

NOTE: PROCEDURE SORT used (Total process time):
      real time           0.09 seconds
      user cpu time       0.04 seconds
      system cpu time     0.06 seconds
      memory              75278.37k
      OS Memory           99828.00k
      Timestamp           08/26/2026 06:54:29 PM
      Step Count                        812  Switch Count  2
      Page Faults                       0
      Page Reclaims                     18244
      Page Swaps                        0
      Voluntary Context Switches        11
      Involuntary Context Switches      1
      Block Input Operations            0
      Block Output Operations           123152
      


NOTE: There were 9171 observations read from the data set WORK._BASE_CAND.
      WHERE ABLFL='Y';
NOTE: The data set WORK._BASE_SRC has 9171 observations and 5 variables.
NOTE: DATA statement used (Total process time):
      real time           0.01 seconds
      user cpu time       0.01 seconds
      system cpu time     0.01 seconds
      memory              3536.18k
      OS Memory           29608.00k
      Timestamp           08/26/2026 06:54:29 PM
      Step Count                        813  Switch Count  2
      Page Faults                       0
      Page Reclaims                     598
      Page Swaps                        0
      Voluntary Context Switches        11
      Involuntary Context Switches      0
      Block Input Operations            0
      Block Output Operations           6152
      


NOTE: There were 59604 observations read from the data set WORK._ADM_LB13.
NOTE: The data set WORK._BASE_ALL has 59604 observations and 46 variables.
NOTE: PROCEDURE SORT used (Total process time):
      real time           0.09 seconds
      user cpu time       0.04 seconds
      system cpu time     0.06 seconds
      memory              74226.78k
      OS Memory           98804.00k
      Timestamp           08/26/2026 06:54:29 PM
      Step Count                        814  Switch Count  2
      Page Faults                       0
      Page Reclaims                     18081
      Page Swaps                        0
      Voluntary Context Switches        11
      Involuntary Context Switches      2
      Block Input Operations            0
      Block Output Operations           123152
      

304                                                        The SAS System                     Wednesday, August 26, 2026 11:54:29 AM


NOTE: There were 9171 observations read from the data set WORK._BASE_SRC.
NOTE: The data set WORK._BASE_SRC has 9171 observations and 5 variables.
NOTE: PROCEDURE SORT used (Total process time):
      real time           0.00 seconds
      user cpu time       0.00 seconds
      system cpu time     0.00 seconds
      memory              7400.12k
      OS Memory           32704.00k
      Timestamp           08/26/2026 06:54:29 PM
      Step Count                        815  Switch Count  2
      Page Faults                       0
      Page Reclaims                     1486
      Page Swaps                        0
      Voluntary Context Switches        11
      Involuntary Context Switches      0
      Block Input Operations            0
      Block Output Operations           6152
      


NOTE: There were 59604 observations read from the data set WORK._BASE_ALL.
NOTE: There were 9171 observations read from the data set WORK._BASE_SRC.
NOTE: The data set WORK._ADM_LB14 has 59604 observations and 47 variables.
NOTE: DATA statement used (Total process time):
      real time           0.06 seconds
      user cpu time       0.02 seconds
      system cpu time     0.04 seconds
      memory              5337.03k
      OS Memory           31660.00k
      Timestamp           08/26/2026 06:54:29 PM
      Step Count                        816  Switch Count  2
      Page Faults                       0
      Page Reclaims                     964
      Page Swaps                        0
      Voluntary Context Switches        11
      Involuntary Context Switches      0
      Block Input Operations            0
      Block Output Operations           146952
      


NOTE: Deleting WORK._BASE_SRC (memtype=DATA).
NOTE: Deleting WORK._BASE_ALL (memtype=DATA).
NOTE: Deleting WORK._BASE_CAND (memtype=DATA).
NOTE: PROCEDURE DATASETS used (Total process time):
      real time           0.01 seconds
      user cpu time       0.01 seconds
      system cpu time     0.01 seconds
      memory              350.71k
      OS Memory           26276.00k
      Timestamp           08/26/2026 06:54:29 PM
      Step Count                        817  Switch Count  6
      Page Faults                       0
      Page Reclaims                     48
      Page Swaps                        0
      Voluntary Context Switches        27
      Involuntary Context Switches      1
305                                                        The SAS System                     Wednesday, August 26, 2026 11:54:29 AM

      Block Input Operations            0
      Block Output Operations           16
      

NOTE: work._adm_lb14 has 59604 observations.

NOTE: There were 59604 observations read from the data set WORK._ADM_LB14.
NOTE: The data set WORK._BASE_CAND has 59604 observations and 47 variables.
NOTE: PROCEDURE SORT used (Total process time):
      real time           0.11 seconds
      user cpu time       0.04 seconds
      system cpu time     0.08 seconds
      memory              87034.09k
      OS Memory           111616.00k
      Timestamp           08/26/2026 06:54:30 PM
      Step Count                        818  Switch Count  2
      Page Faults                       0
      Page Reclaims                     21114
      Page Swaps                        0
      Voluntary Context Switches        11
      Involuntary Context Switches      1
      Block Input Operations            0
      Block Output Operations           146960
      


NOTE: There were 9171 observations read from the data set WORK._BASE_CAND.
      WHERE ABLFL='Y';
NOTE: The data set WORK._BASE_SRC has 9171 observations and 5 variables.
NOTE: DATA statement used (Total process time):
      real time           0.01 seconds
      user cpu time       0.00 seconds
      system cpu time     0.02 seconds
      memory              3536.12k
      OS Memory           29608.00k
      Timestamp           08/26/2026 06:54:30 PM
      Step Count                        819  Switch Count  2
      Page Faults                       0
      Page Reclaims                     598
      Page Swaps                        0
      Voluntary Context Switches        11
      Involuntary Context Switches      0
      Block Input Operations            0
      Block Output Operations           2824
      


NOTE: There were 59604 observations read from the data set WORK._ADM_LB14.
NOTE: The data set WORK._BASE_ALL has 59604 observations and 47 variables.
NOTE: PROCEDURE SORT used (Total process time):
      real time           0.11 seconds
      user cpu time       0.04 seconds
      system cpu time     0.07 seconds
      memory              87001.56k
      OS Memory           111616.00k
      Timestamp           08/26/2026 06:54:30 PM
      Step Count                        820  Switch Count  2
      Page Faults                       0
306                                                        The SAS System                     Wednesday, August 26, 2026 11:54:30 AM

      Page Reclaims                     21114
      Page Swaps                        0
      Voluntary Context Switches        11
      Involuntary Context Switches      1
      Block Input Operations            0
      Block Output Operations           146960
      


NOTE: There were 9171 observations read from the data set WORK._BASE_SRC.
NOTE: The data set WORK._BASE_SRC has 9171 observations and 5 variables.
NOTE: PROCEDURE SORT used (Total process time):
      real time           0.00 seconds
      user cpu time       0.00 seconds
      system cpu time     0.00 seconds
      memory              5280.46k
      OS Memory           30648.00k
      Timestamp           08/26/2026 06:54:30 PM
      Step Count                        821  Switch Count  2
      Page Faults                       0
      Page Reclaims                     1089
      Page Swaps                        0
      Voluntary Context Switches        11
      Involuntary Context Switches      0
      Block Input Operations            0
      Block Output Operations           2824
      


NOTE: There were 59604 observations read from the data set WORK._BASE_ALL.
NOTE: There were 9171 observations read from the data set WORK._BASE_SRC.
NOTE: The data set WORK._ADM_LB15 has 59604 observations and 48 variables.
NOTE: DATA statement used (Total process time):
      real time           0.06 seconds
      user cpu time       0.03 seconds
      system cpu time     0.04 seconds
      memory              5343.37k
      OS Memory           31660.00k
      Timestamp           08/26/2026 06:54:30 PM
      Step Count                        822  Switch Count  2
      Page Faults                       0
      Page Reclaims                     964
      Page Swaps                        0
      Voluntary Context Switches        11
      Involuntary Context Switches      2
      Block Input Operations            0
      Block Output Operations           148232
      


NOTE: Deleting WORK._BASE_SRC (memtype=DATA).
NOTE: Deleting WORK._BASE_ALL (memtype=DATA).
NOTE: Deleting WORK._BASE_CAND (memtype=DATA).
NOTE: PROCEDURE DATASETS used (Total process time):
      real time           0.01 seconds
      user cpu time       0.00 seconds
      system cpu time     0.01 seconds
      memory              352.31k
307                                                        The SAS System                     Wednesday, August 26, 2026 11:54:30 AM

      OS Memory           26276.00k
      Timestamp           08/26/2026 06:54:30 PM
      Step Count                        823  Switch Count  6
      Page Faults                       0
      Page Reclaims                     48
      Page Swaps                        0
      Voluntary Context Switches        27
      Involuntary Context Switches      2
      Block Input Operations            0
      Block Output Operations           8
      

NOTE: work._adm_lb15 has 59604 observations.

NOTE: There were 59604 observations read from the data set WORK._ADM_LB15.
NOTE: The data set WORK._ADM_CHG has 59604 observations and 49 variables.
NOTE: DATA statement used (Total process time):
      real time           0.05 seconds
      user cpu time       0.01 seconds
      system cpu time     0.04 seconds
      memory              3509.68k
      OS Memory           29608.00k
      Timestamp           08/26/2026 06:54:30 PM
      Step Count                        824  Switch Count  2
      Page Faults                       0
      Page Reclaims                     598
      Page Swaps                        0
      Voluntary Context Switches        11
      Involuntary Context Switches      0
      Block Input Operations            0
      Block Output Operations           149768
      

NOTE: work._adm_chg has 59604 observations.

NOTE: There were 59604 observations read from the data set WORK._ADM_CHG.
NOTE: The data set WORK._ADM_LB16 has 59604 observations and 49 variables.
NOTE: DATA statement used (Total process time):
      real time           0.05 seconds
      user cpu time       0.01 seconds
      system cpu time     0.04 seconds
      memory              3522.65k
      OS Memory           29608.00k
      Timestamp           08/26/2026 06:54:30 PM
      Step Count                        825  Switch Count  2
      Page Faults                       0
      Page Reclaims                     598
      Page Swaps                        0
      Voluntary Context Switches        11
      Involuntary Context Switches      0
      Block Input Operations            0
      Block Output Operations           149768
      


NOTE: Deleting WORK._ADM_CHG (memtype=DATA).
NOTE: PROCEDURE DATASETS used (Total process time):
      real time           0.00 seconds
308                                                        The SAS System                     Wednesday, August 26, 2026 11:54:30 AM

      user cpu time       0.01 seconds
      system cpu time     0.01 seconds
      memory              350.65k
      OS Memory           26276.00k
      Timestamp           08/26/2026 06:54:30 PM
      Step Count                        826  Switch Count  2
      Page Faults                       0
      Page Reclaims                     48
      Page Swaps                        0
      Voluntary Context Switches        9
      Involuntary Context Switches      0
      Block Input Operations            0
      Block Output Operations           8
      


NOTE: There were 59604 observations read from the data set WORK._ADM_LB16.
NOTE: The data set WORK._ADM_PCHG has 59604 observations and 50 variables.
NOTE: DATA statement used (Total process time):
      real time           0.05 seconds
      user cpu time       0.01 seconds
      system cpu time     0.04 seconds
      memory              3512.40k
      OS Memory           29608.00k
      Timestamp           08/26/2026 06:54:30 PM
      Step Count                        827  Switch Count  2
      Page Faults                       0
      Page Reclaims                     598
      Page Swaps                        0
      Voluntary Context Switches        11
      Involuntary Context Switches      0
      Block Input Operations            0
      Block Output Operations           151304
      

NOTE: work._adm_pchg has 59604 observations.

NOTE: There were 59604 observations read from the data set WORK._ADM_PCHG.
NOTE: The data set WORK._ADM_LB17 has 59604 observations and 50 variables.
NOTE: DATA statement used (Total process time):
      real time           0.05 seconds
      user cpu time       0.02 seconds
      system cpu time     0.04 seconds
      memory              3524.43k
      OS Memory           29608.00k
      Timestamp           08/26/2026 06:54:30 PM
      Step Count                        828  Switch Count  2
      Page Faults                       0
      Page Reclaims                     598
      Page Swaps                        0
      Voluntary Context Switches        11
      Involuntary Context Switches      1
      Block Input Operations            0
      Block Output Operations           151304
      


NOTE: Deleting WORK._ADM_PCHG (memtype=DATA).
309                                                        The SAS System                     Wednesday, August 26, 2026 11:54:30 AM

NOTE: PROCEDURE DATASETS used (Total process time):
      real time           0.00 seconds
      user cpu time       0.00 seconds
      system cpu time     0.01 seconds
      memory              350.96k
      OS Memory           26276.00k
      Timestamp           08/26/2026 06:54:30 PM
      Step Count                        829  Switch Count  2
      Page Faults                       0
      Page Reclaims                     48
      Page Swaps                        0
      Voluntary Context Switches        9
      Involuntary Context Switches      2
      Block Input Operations            0
      Block Output Operations           8
      


NOTE: The data set WORK._ADM_LB_GRADE_LOOKUP has 18 observations and 3 variables.
NOTE: DATA statement used (Total process time):
      real time           0.00 seconds
      user cpu time       0.00 seconds
      system cpu time     0.00 seconds
      memory              572.75k
      OS Memory           26276.00k
      Timestamp           08/26/2026 06:54:30 PM
      Step Count                        830  Switch Count  2
      Page Faults                       0
      Page Reclaims                     87
      Page Swaps                        0
      Voluntary Context Switches        10
      Involuntary Context Switches      1
      Block Input Operations            0
      Block Output Operations           264
      


NOTE: There were 18 observations read from the data set WORK._ADM_LB_GRADE_LOOKUP.
      WHERE 1 /* an obviously TRUE WHERE clause */ ;
NOTE: The data set WORK._DVJ_ADD has 18 observations and 3 variables.
NOTE: DATA statement used (Total process time):
      real time           0.00 seconds
      user cpu time       0.00 seconds
      system cpu time     0.00 seconds
      memory              802.68k
      OS Memory           26536.00k
      Timestamp           08/26/2026 06:54:30 PM
      Step Count                        831  Switch Count  2
      Page Faults                       0
      Page Reclaims                     121
      Page Swaps                        0
      Voluntary Context Switches        10
      Involuntary Context Switches      0
      Block Input Operations            0
      Block Output Operations           264
      


310                                                        The SAS System                     Wednesday, August 26, 2026 11:54:30 AM

NOTE: There were 59604 observations read from the data set WORK._ADM_LB17.
NOTE: The data set WORK._DVJ_BASE has 59604 observations and 51 variables.
NOTE: DATA statement used (Total process time):
      real time           0.05 seconds
      user cpu time       0.02 seconds
      system cpu time     0.04 seconds
      memory              3524.46k
      OS Memory           29608.00k
      Timestamp           08/26/2026 06:54:30 PM
      Step Count                        832  Switch Count  2
      Page Faults                       0
      Page Reclaims                     598
      Page Swaps                        0
      Voluntary Context Switches        11
      Involuntary Context Switches      0
      Block Input Operations            0
      Block Output Operations           151304
      

NOTE: Table WORK._DVJ_JOINED created, with 59604 rows and 54 columns.

NOTE: PROCEDURE SQL used (Total process time):
      real time           0.19 seconds
      user cpu time       0.08 seconds
      system cpu time     0.13 seconds
      memory              104292.45k
      OS Memory           128432.00k
      Timestamp           08/26/2026 06:54:30 PM
      Step Count                        833  Switch Count  3
      Page Faults                       0
      Page Reclaims                     20801
      Page Swaps                        0
      Voluntary Context Switches        1079
      Involuntary Context Switches      2
      Block Input Operations            0
      Block Output Operations           325144
      


NOTE: There were 59604 observations read from the data set WORK._DVJ_JOINED.
NOTE: The data set WORK._DVJ_JOINED has 59604 observations and 54 variables.
NOTE: PROCEDURE SORT used (Total process time):
      real time           0.13 seconds
      user cpu time       0.03 seconds
      system cpu time     0.09 seconds
      memory              90622.34k
      OS Memory           115692.00k
      Timestamp           08/26/2026 06:54:30 PM
      Step Count                        834  Switch Count  2
      Page Faults                       0
      Page Reclaims                     22253
      Page Swaps                        0
      Voluntary Context Switches        11
      Involuntary Context Switches      0
      Block Input Operations            0
      Block Output Operations           171528
      

311                                                        The SAS System                     Wednesday, August 26, 2026 11:54:30 AM


NOTE: There were 59604 observations read from the data set WORK._DVJ_JOINED.
NOTE: The data set WORK._DVJ_OUT has 59604 observations and 54 variables.
NOTE: DATA statement used (Total process time):
      real time           0.06 seconds
      user cpu time       0.01 seconds
      system cpu time     0.05 seconds
      memory              3582.84k
      OS Memory           29608.00k
      Timestamp           08/26/2026 06:54:30 PM
      Step Count                        835  Switch Count  2
      Page Faults                       0
      Page Reclaims                     598
      Page Swaps                        0
      Voluntary Context Switches        11
      Involuntary Context Switches      3
      Block Input Operations            0
      Block Output Operations           171528
      


NOTE: There were 59604 observations read from the data set WORK._DVJ_OUT.
NOTE: The data set WORK._ADM_LB18 has 59604 observations and 52 variables.
NOTE: DATA statement used (Total process time):
      real time           0.05 seconds
      user cpu time       0.02 seconds
      system cpu time     0.05 seconds
      memory              3527.81k
      OS Memory           29608.00k
      Timestamp           08/26/2026 06:54:31 PM
      Step Count                        836  Switch Count  2
      Page Faults                       0
      Page Reclaims                     598
      Page Swaps                        0
      Voluntary Context Switches        11
      Involuntary Context Switches      0
      Block Input Operations            0
      Block Output Operations           169736
      


NOTE: The data set WORK._DVJ_IN_LBL has 50 observations and 41 variables.
NOTE: PROCEDURE CONTENTS used (Total process time):
      real time           0.00 seconds
      user cpu time       0.00 seconds
      system cpu time     0.00 seconds
      memory              2407.62k
      OS Memory           27564.00k
      Timestamp           08/26/2026 06:54:31 PM
      Step Count                        837  Switch Count  2
      Page Faults                       0
      Page Reclaims                     329
      Page Swaps                        0
      Voluntary Context Switches        9
      Involuntary Context Switches      0
      Block Input Operations            0
      Block Output Operations           272
      
312                                                        The SAS System                     Wednesday, August 26, 2026 11:54:31 AM



NOTE: The data set WORK._DVJ_OUT_LBL has 52 observations and 41 variables.
NOTE: PROCEDURE CONTENTS used (Total process time):
      real time           0.00 seconds
      user cpu time       0.00 seconds
      system cpu time     0.00 seconds
      memory              2409.46k
      OS Memory           27564.00k
      Timestamp           08/26/2026 06:54:31 PM
      Step Count                        838  Switch Count  2
      Page Faults                       0
      Page Reclaims                     329
      Page Swaps                        0
      Voluntary Context Switches        10
      Involuntary Context Switches      0
      Block Input Operations            0
      Block Output Operations           272
      

NOTE: There were 50 observations read from the data set WORK._DVJ_IN_LBL.
NOTE: The data set WORK._DVJ_IN_LBL has 50 observations and 41 variables.
NOTE: DATA statement used (Total process time):
      real time           0.00 seconds
      user cpu time       0.00 seconds
      system cpu time     0.00 seconds
      memory              901.34k
      OS Memory           26536.00k
      Timestamp           08/26/2026 06:54:31 PM
      Step Count                        839  Switch Count  2
      Page Faults                       0
      Page Reclaims                     109
      Page Swaps                        0
      Voluntary Context Switches        10
      Involuntary Context Switches      0
      Block Input Operations            0
      Block Output Operations           264
      


NOTE: There were 52 observations read from the data set WORK._DVJ_OUT_LBL.
NOTE: The data set WORK._DVJ_OUT_LBL has 52 observations and 41 variables.
NOTE: DATA statement used (Total process time):
      real time           0.00 seconds
      user cpu time       0.00 seconds
      system cpu time     0.00 seconds
      memory              901.34k
      OS Memory           26536.00k
      Timestamp           08/26/2026 06:54:31 PM
      Step Count                        840  Switch Count  2
      Page Faults                       0
      Page Reclaims                     109
      Page Swaps                        0
      Voluntary Context Switches        11
      Involuntary Context Switches      0
      Block Input Operations            0
      Block Output Operations           264
      
313                                                        The SAS System                     Wednesday, August 26, 2026 11:54:31 AM



NOTE: There were 50 observations read from the data set WORK._DVJ_IN_LBL.
NOTE: The data set WORK._DVJ_IN_LBL has 50 observations and 41 variables.
NOTE: PROCEDURE SORT used (Total process time):
      real time           0.00 seconds
      user cpu time       0.01 seconds
      system cpu time     0.00 seconds
      memory              847.31k
      OS Memory           26536.00k
      Timestamp           08/26/2026 06:54:31 PM
      Step Count                        841  Switch Count  2
      Page Faults                       0
      Page Reclaims                     101
      Page Swaps                        0
      Voluntary Context Switches        10
      Involuntary Context Switches      0
      Block Input Operations            0
      Block Output Operations           264
      


NOTE: There were 52 observations read from the data set WORK._DVJ_OUT_LBL.
NOTE: The data set WORK._DVJ_OUT_LBL has 52 observations and 41 variables.
NOTE: PROCEDURE SORT used (Total process time):
      real time           0.00 seconds
      user cpu time       0.00 seconds
      system cpu time     0.00 seconds
      memory              848.21k
      OS Memory           26536.00k
      Timestamp           08/26/2026 06:54:31 PM
      Step Count                        842  Switch Count  2
      Page Faults                       0
      Page Reclaims                     101
      Page Swaps                        0
      Voluntary Context Switches        11
      Involuntary Context Switches      0
      Block Input Operations            0
      Block Output Operations           264
      


NOTE: There were 52 observations read from the data set WORK._DVJ_OUT_LBL.
NOTE: There were 50 observations read from the data set WORK._DVJ_IN_LBL.
NOTE: The data set WORK._DVJ_RELABEL has 25 observations and 2 variables.
NOTE: DATA statement used (Total process time):
      real time           0.00 seconds
      user cpu time       0.00 seconds
      system cpu time     0.00 seconds
      memory              1254.09k
      OS Memory           26796.00k
      Timestamp           08/26/2026 06:54:31 PM
      Step Count                        843  Switch Count  2
      Page Faults                       0
      Page Reclaims                     154
      Page Swaps                        0
      Voluntary Context Switches        11
      Involuntary Context Switches      0
314                                                        The SAS System                     Wednesday, August 26, 2026 11:54:31 AM

      Block Input Operations            0
      Block Output Operations           264
      

NOTE: PROCEDURE SQL used (Total process time):
      real time           0.00 seconds
      user cpu time       0.00 seconds
      system cpu time     0.00 seconds
      memory              5455.68k
      OS Memory           31400.00k
      Timestamp           08/26/2026 06:54:31 PM
      Step Count                        844  Switch Count  0
      Page Faults                       0
      Page Reclaims                     52
      Page Swaps                        0
      Voluntary Context Switches        0
      Involuntary Context Switches      0
      Block Input Operations            0
      Block Output Operations           0
      


NOTE: There were 25 observations read from the data set WORK._DVJ_RELABEL.
NOTE: DATA statement used (Total process time):
      real time           0.00 seconds
      user cpu time       0.00 seconds
      system cpu time     0.00 seconds
      memory              628.06k
      OS Memory           26276.00k
      Timestamp           08/26/2026 06:54:31 PM
      Step Count                        845  Switch Count  0
      Page Faults                       0
      Page Reclaims                     57
      Page Swaps                        0
      Voluntary Context Switches        0
      Involuntary Context Switches      0
      Block Input Operations            0
      Block Output Operations           0
      

NOTE: CALL EXECUTE generated line.
1         + proc datasets lib=WORK nolist; modify _ADM_LB18;
2         + label DOMAIN='Domain Abbreviation
3         +                ';
4         + label LBBLFL='Baseline Flag
5         +                ';
6         + label LBCAT='Category for Lab Test
7         +               ';
8         + label LBDTC='Date/Time of Specimen Collection
9         +               ';
10        + label LBDY='Study Day of Specimen Collection
11        +              ';
12        + label LBNRIND='Reference Range Indicator
13        +                 ';
14        + label LBORNRHI='Reference Range Upper Limit in Orig Unit
15        +                  ';
16        + label LBORNRLO='Reference Range Lower Limit in Orig Unit
17        +                  ';
315                                                        The SAS System                     Wednesday, August 26, 2026 11:54:31 AM

18        + label LBORRES='Result or Finding in Original Units
19        +                 ';
20        + label LBORRESU='Original Units
21        +                  ';
22        + label LBSEQ='Sequence Number
23        +               ';
24        + label LBSTNRHI='Reference Range Upper Limit-Std Units
25        +                  ';
26        + label LBSTNRLO='Reference Range Lower Limit-Std Units
27        +                  ';
28        + label LBSTRESC='Character Result/Finding in Std Format
29        +                  ';
30        + label LBSTRESN='Numeric Result/Finding in Standard Units
31        +                  ';
32        + label LBSTRESU='Standard Units
33        +                  ';
34        + label LBTEST='Lab Test or Examination Name
35        +                ';
36        + label LBTESTCD='Lab Test or Examination Short Name
37        +                  ';
38        + label STUDYID='Study Identifier
39        +                 ';
40        + label TRTEDT='Date of Last Exposure to Treatment
41        +                ';
42        + label TRTSDT='Date of First Exposure to Treatment
43        +                ';
44        + label USUBJID='Unique Subject Identifier
45        +                 ';
46        + label VISIT='Visit Name
47        +               ';
48        + label VISITDY='Planned Study Day of Visit
49        +                 ';
50        + label VISITNUM='Visit Number
51        +                  ';
52        + quit;

NOTE: MODIFY was successful for WORK._ADM_LB18.DATA.
NOTE: PROCEDURE DATASETS used (Total process time):
      real time           0.00 seconds
      user cpu time       0.01 seconds
      system cpu time     0.00 seconds
      memory              1841.46k
      OS Memory           27044.00k
      Timestamp           08/26/2026 06:54:31 PM
      Step Count                        846  Switch Count  0
      Page Faults                       0
      Page Reclaims                     274
      Page Swaps                        0
      Voluntary Context Switches        0
      Involuntary Context Switches      1
      Block Input Operations            0
      Block Output Operations           16
      

NOTE: m_derive_vars_joined restored 25 label(s) on WORK._ADM_LB18

NOTE: Deleting WORK._DVJ_ADD (memtype=DATA).
NOTE: Deleting WORK._DVJ_BASE (memtype=DATA).
316                                                        The SAS System                     Wednesday, August 26, 2026 11:54:31 AM

NOTE: Deleting WORK._DVJ_JOINED (memtype=DATA).
NOTE: Deleting WORK._DVJ_OUT (memtype=DATA).
NOTE: Deleting WORK._DVJ_IN_LBL (memtype=DATA).
NOTE: Deleting WORK._DVJ_OUT_LBL (memtype=DATA).
NOTE: Deleting WORK._DVJ_RELABEL (memtype=DATA).
NOTE: PROCEDURE DATASETS used (Total process time):
      real time           0.02 seconds
      user cpu time       0.00 seconds
      system cpu time     0.03 seconds
      memory              401.81k
      OS Memory           26276.00k
      Timestamp           08/26/2026 06:54:31 PM
      Step Count                        847  Switch Count  14
      Page Faults                       0
      Page Reclaims                     48
      Page Swaps                        0
      Voluntary Context Switches        63
      Involuntary Context Switches      3
      Block Input Operations            0
      Block Output Operations           8
      

NOTE: work._adm_lb18 has 59604 observations.

NOTE: Deleting WORK._ADM_LB_GRADE_LOOKUP (memtype=DATA).
NOTE: PROCEDURE DATASETS used (Total process time):
      real time           0.00 seconds
      user cpu time       0.00 seconds
      system cpu time     0.00 seconds
      memory              350.96k
      OS Memory           26276.00k
      Timestamp           08/26/2026 06:54:31 PM
      Step Count                        848  Switch Count  2
      Page Faults                       0
      Page Reclaims                     48
      Page Swaps                        0
      Voluntary Context Switches        9
      Involuntary Context Switches      0
      Block Input Operations            0
      Block Output Operations           16
      


NOTE: There were 59604 observations read from the data set WORK._ADM_LB18.
NOTE: The data set WORK._ADM_ATOX_DIR has 59604 observations and 54 variables.
NOTE: DATA statement used (Total process time):
      real time           0.09 seconds
      user cpu time       0.05 seconds
      system cpu time     0.04 seconds
      memory              3763.21k
      OS Memory           29868.00k
      Timestamp           08/26/2026 06:54:31 PM
      Step Count                        849  Switch Count  2
      Page Faults                       0
      Page Reclaims                     655
      Page Swaps                        0
      Voluntary Context Switches        11
      Involuntary Context Switches      0
317                                                        The SAS System                     Wednesday, August 26, 2026 11:54:31 AM

      Block Input Operations            0
      Block Output Operations           171528
      


NOTE: There were 59604 observations read from the data set WORK._ADM_ATOX_DIR.
NOTE: The data set WORK._ADM_LB19A has 59604 observations and 55 variables.
NOTE: DATA statement used (Total process time):
      real time           0.06 seconds
      user cpu time       0.02 seconds
      system cpu time     0.05 seconds
      memory              3551.50k
      OS Memory           29608.00k
      Timestamp           08/26/2026 06:54:31 PM
      Step Count                        850  Switch Count  2
      Page Faults                       0
      Page Reclaims                     598
      Page Swaps                        0
      Voluntary Context Switches        11
      Involuntary Context Switches      0
      Block Input Operations            0
      Block Output Operations           171528
      

NOTE: work._adm_lb19a has 59604 observations.
NOTE: Deleting WORK._ADM_ATOX_DIR (memtype=DATA).
NOTE: PROCEDURE DATASETS used (Total process time):
      real time           0.00 seconds
      user cpu time       0.00 seconds
      system cpu time     0.01 seconds
      memory              352.06k
      OS Memory           26276.00k
      Timestamp           08/26/2026 06:54:31 PM
      Step Count                        851  Switch Count  2
      Page Faults                       0
      Page Reclaims                     48
      Page Swaps                        0
      Voluntary Context Switches        9
      Involuntary Context Switches      0
      Block Input Operations            0
      Block Output Operations           8
      

NOTE: m_adm_adlb_derive_atoxgr CTCv4 path ADM_ATOXGR=20260825Q.
NOTE: Table WORK._BASE_SRC created, with 9171 rows and 5 columns.

NOTE: PROCEDURE SQL used (Total process time):
      real time           0.02 seconds
      user cpu time       0.01 seconds
      system cpu time     0.01 seconds
      memory              8729.45k
      OS Memory           33040.00k
      Timestamp           08/26/2026 06:54:31 PM
      Step Count                        852  Switch Count  3
      Page Faults                       0
      Page Reclaims                     1365
      Page Swaps                        0
      Voluntary Context Switches        58
318                                                        The SAS System                     Wednesday, August 26, 2026 11:54:31 AM

      Involuntary Context Switches      2
      Block Input Operations            0
      Block Output Operations           2568
      


NOTE: There were 59604 observations read from the data set WORK._ADM_LB19A.
NOTE: The data set WORK._BASE_ALL has 59604 observations and 55 variables.
NOTE: PROCEDURE SORT used (Total process time):
      real time           0.12 seconds
      user cpu time       0.04 seconds
      system cpu time     0.09 seconds
      memory              99268.75k
      OS Memory           123892.00k
      Timestamp           08/26/2026 06:54:31 PM
      Step Count                        853  Switch Count  2
      Page Faults                       0
      Page Reclaims                     24174
      Page Swaps                        0
      Voluntary Context Switches        11
      Involuntary Context Switches      3
      Block Input Operations            0
      Block Output Operations           171544
      


NOTE: Input data set is already sorted, no sorting done.
NOTE: PROCEDURE SORT used (Total process time):
      real time           0.00 seconds
      user cpu time       0.00 seconds
      system cpu time     0.00 seconds
      memory              1590.90k
      OS Memory           27044.00k
      Timestamp           08/26/2026 06:54:31 PM
      Step Count                        854  Switch Count  0
      Page Faults                       0
      Page Reclaims                     241
      Page Swaps                        0
      Voluntary Context Switches        0
      Involuntary Context Switches      0
      Block Input Operations            0
      Block Output Operations           0
      


NOTE: There were 59604 observations read from the data set WORK._BASE_ALL.
NOTE: There were 9171 observations read from the data set WORK._BASE_SRC.
NOTE: The data set WORK._ADM_LB19B has 59604 observations and 56 variables.
NOTE: DATA statement used (Total process time):
      real time           0.06 seconds
      user cpu time       0.02 seconds
      system cpu time     0.05 seconds
      memory              5224.84k
      OS Memory           31404.00k
      Timestamp           08/26/2026 06:54:31 PM
      Step Count                        855  Switch Count  2
      Page Faults                       0
      Page Reclaims                     929
319                                                        The SAS System                     Wednesday, August 26, 2026 11:54:31 AM

      Page Swaps                        0
      Voluntary Context Switches        11
      Involuntary Context Switches      1
      Block Input Operations            0
      Block Output Operations           171528
      


NOTE: Deleting WORK._BASE_SRC (memtype=DATA).
NOTE: Deleting WORK._BASE_ALL (memtype=DATA).
NOTE: PROCEDURE DATASETS used (Total process time):
      real time           0.00 seconds
      user cpu time       0.00 seconds
      system cpu time     0.01 seconds
      memory              350.96k
      OS Memory           26276.00k
      Timestamp           08/26/2026 06:54:31 PM
      Step Count                        856  Switch Count  4
      Page Faults                       0
      Page Reclaims                     50
      Page Swaps                        0
      Voluntary Context Switches        18
      Involuntary Context Switches      1
      Block Input Operations            0
      Block Output Operations           8
      

NOTE: work._adm_lb19b has 59604 observations.
NOTE: Table WORK._BASE_SRC created, with 9171 rows and 5 columns.

NOTE: PROCEDURE SQL used (Total process time):
      real time           0.02 seconds
      user cpu time       0.01 seconds
      system cpu time     0.02 seconds
      memory              8729.92k
      OS Memory           33040.00k
      Timestamp           08/26/2026 06:54:31 PM
      Step Count                        857  Switch Count  3
      Page Faults                       0
      Page Reclaims                     1370
      Page Swaps                        0
      Voluntary Context Switches        57
      Involuntary Context Switches      2
      Block Input Operations            0
      Block Output Operations           2568
      


NOTE: There were 59604 observations read from the data set WORK._ADM_LB19B.
NOTE: The data set WORK._BASE_ALL has 59604 observations and 56 variables.
NOTE: PROCEDURE SORT used (Total process time):
      real time           0.12 seconds
      user cpu time       0.04 seconds
      system cpu time     0.09 seconds
      memory              99268.81k
      OS Memory           123892.00k
      Timestamp           08/26/2026 06:54:31 PM
      Step Count                        858  Switch Count  2
320                                                        The SAS System                     Wednesday, August 26, 2026 11:54:31 AM

      Page Faults                       0
      Page Reclaims                     24174
      Page Swaps                        0
      Voluntary Context Switches        11
      Involuntary Context Switches      3
      Block Input Operations            0
      Block Output Operations           171544
      


NOTE: Input data set is already sorted, no sorting done.
NOTE: PROCEDURE SORT used (Total process time):
      real time           0.00 seconds
      user cpu time       0.00 seconds
      system cpu time     0.00 seconds
      memory              1591.90k
      OS Memory           27044.00k
      Timestamp           08/26/2026 06:54:31 PM
      Step Count                        859  Switch Count  0
      Page Faults                       0
      Page Reclaims                     241
      Page Swaps                        0
      Voluntary Context Switches        0
      Involuntary Context Switches      0
      Block Input Operations            0
      Block Output Operations           0
      


NOTE: There were 59604 observations read from the data set WORK._BASE_ALL.
NOTE: There were 9171 observations read from the data set WORK._BASE_SRC.
NOTE: The data set WORK._ADM_LB19C has 59604 observations and 57 variables.
NOTE: DATA statement used (Total process time):
      real time           0.06 seconds
      user cpu time       0.02 seconds
      system cpu time     0.05 seconds
      memory              5224.81k
      OS Memory           31404.00k
      Timestamp           08/26/2026 06:54:31 PM
      Step Count                        860  Switch Count  2
      Page Faults                       0
      Page Reclaims                     929
      Page Swaps                        0
      Voluntary Context Switches        11
      Involuntary Context Switches      1
      Block Input Operations            0
      Block Output Operations           171528
      


NOTE: Deleting WORK._BASE_SRC (memtype=DATA).
NOTE: Deleting WORK._BASE_ALL (memtype=DATA).
NOTE: PROCEDURE DATASETS used (Total process time):
      real time           0.00 seconds
      user cpu time       0.00 seconds
      system cpu time     0.00 seconds
      memory              400.81k
      OS Memory           26276.00k
321                                                        The SAS System                     Wednesday, August 26, 2026 11:54:31 AM

      Timestamp           08/26/2026 06:54:31 PM
      Step Count                        861  Switch Count  4
      Page Faults                       0
      Page Reclaims                     48
      Page Swaps                        0
      Voluntary Context Switches        18
      Involuntary Context Switches      1
      Block Input Operations            0
      Block Output Operations           8
      

NOTE: work._adm_lb19c has 59604 observations.
NOTE: Table WORK._BASE_SRC created, with 9171 rows and 5 columns.

NOTE: PROCEDURE SQL used (Total process time):
      real time           0.02 seconds
      user cpu time       0.00 seconds
      system cpu time     0.02 seconds
      memory              8729.42k
      OS Memory           33040.00k
      Timestamp           08/26/2026 06:54:31 PM
      Step Count                        862  Switch Count  10
      Page Faults                       0
      Page Reclaims                     1365
      Page Swaps                        0
      Voluntary Context Switches        75
      Involuntary Context Switches      1
      Block Input Operations            0
      Block Output Operations           2568
      


NOTE: There were 59604 observations read from the data set WORK._ADM_LB19C.
NOTE: The data set WORK._BASE_ALL has 59604 observations and 57 variables.
NOTE: PROCEDURE SORT used (Total process time):
      real time           0.12 seconds
      user cpu time       0.04 seconds
      system cpu time     0.09 seconds
      memory              99265.62k
      OS Memory           123892.00k
      Timestamp           08/26/2026 06:54:31 PM
      Step Count                        863  Switch Count  2
      Page Faults                       0
      Page Reclaims                     24174
      Page Swaps                        0
      Voluntary Context Switches        11
      Involuntary Context Switches      1
      Block Input Operations            0
      Block Output Operations           171544
      


NOTE: Input data set is already sorted, no sorting done.
NOTE: PROCEDURE SORT used (Total process time):
      real time           0.00 seconds
      user cpu time       0.00 seconds
      system cpu time     0.00 seconds
      memory              1590.90k
322                                                        The SAS System                     Wednesday, August 26, 2026 11:54:31 AM

      OS Memory           27044.00k
      Timestamp           08/26/2026 06:54:31 PM
      Step Count                        864  Switch Count  0
      Page Faults                       0
      Page Reclaims                     241
      Page Swaps                        0
      Voluntary Context Switches        0
      Involuntary Context Switches      0
      Block Input Operations            0
      Block Output Operations           0
      


NOTE: There were 59604 observations read from the data set WORK._BASE_ALL.
NOTE: There were 9171 observations read from the data set WORK._BASE_SRC.
NOTE: The data set WORK._ADM_LB19 has 59604 observations and 58 variables.
NOTE: DATA statement used (Total process time):
      real time           0.06 seconds
      user cpu time       0.03 seconds
      system cpu time     0.04 seconds
      memory              5225.84k
      OS Memory           31404.00k
      Timestamp           08/26/2026 06:54:31 PM
      Step Count                        865  Switch Count  2
      Page Faults                       0
      Page Reclaims                     929
      Page Swaps                        0
      Voluntary Context Switches        11
      Involuntary Context Switches      1
      Block Input Operations            0
      Block Output Operations           171528
      


NOTE: Deleting WORK._BASE_SRC (memtype=DATA).
NOTE: Deleting WORK._BASE_ALL (memtype=DATA).
NOTE: PROCEDURE DATASETS used (Total process time):
      real time           0.00 seconds
      user cpu time       0.00 seconds
      system cpu time     0.01 seconds
      memory              400.81k
      OS Memory           26276.00k
      Timestamp           08/26/2026 06:54:31 PM
      Step Count                        866  Switch Count  4
      Page Faults                       0
      Page Reclaims                     48
      Page Swaps                        0
      Voluntary Context Switches        18
      Involuntary Context Switches      2
      Block Input Operations            0
      Block Output Operations           8
      

NOTE: work._adm_lb19 has 59604 observations.

NOTE: There were 59604 observations read from the data set WORK._ADM_LB19.
NOTE: The data set WORK._ADM_LB20 has 59604 observations and 59 variables.
NOTE: DATA statement used (Total process time):
323                                                        The SAS System                     Wednesday, August 26, 2026 11:54:32 AM

      real time           0.06 seconds
      user cpu time       0.01 seconds
      system cpu time     0.05 seconds
      memory              3555.25k
      OS Memory           29608.00k
      Timestamp           08/26/2026 06:54:32 PM
      Step Count                        867  Switch Count  2
      Page Faults                       0
      Page Reclaims                     598
      Page Swaps                        0
      Voluntary Context Switches        10
      Involuntary Context Switches      4
      Block Input Operations            0
      Block Output Operations           171528
      


NOTE: There were 59604 observations read from the data set WORK._ADM_LB20.
NOTE: The data set WORK._ADM_LB21 has 59604 observations and 60 variables.
NOTE: DATA statement used (Total process time):
      real time           0.06 seconds
      user cpu time       0.02 seconds
      system cpu time     0.04 seconds
      memory              3555.25k
      OS Memory           29608.00k
      Timestamp           08/26/2026 06:54:32 PM
      Step Count                        868  Switch Count  2
      Page Faults                       0
      Page Reclaims                     598
      Page Swaps                        0
      Voluntary Context Switches        11
      Involuntary Context Switches      0
      Block Input Operations            0
      Block Output Operations           173576
      


NOTE: There were 59604 observations read from the data set WORK._ADM_LB21.
NOTE: The data set WORK._ADM_LB22 has 59604 observations and 61 variables.
NOTE: DATA statement used (Total process time):
      real time           0.05 seconds
      user cpu time       0.01 seconds
      system cpu time     0.05 seconds
      memory              3555.43k
      OS Memory           29608.00k
      Timestamp           08/26/2026 06:54:32 PM
      Step Count                        869  Switch Count  2
      Page Faults                       0
      Page Reclaims                     598
      Page Swaps                        0
      Voluntary Context Switches        11
      Involuntary Context Switches      0
      Block Input Operations            0
      Block Output Operations           173576
      


NOTE: There were 59604 observations read from the data set WORK._ADM_LB22.
324                                                        The SAS System                     Wednesday, August 26, 2026 11:54:32 AM

NOTE: The data set WORK._ADM_LB23 has 59604 observations and 62 variables.
NOTE: DATA statement used (Total process time):
      real time           0.06 seconds
      user cpu time       0.02 seconds
      system cpu time     0.04 seconds
      memory              3572.68k
      OS Memory           29608.00k
      Timestamp           08/26/2026 06:54:32 PM
      Step Count                        870  Switch Count  2
      Page Faults                       0
      Page Reclaims                     598
      Page Swaps                        0
      Voluntary Context Switches        11
      Involuntary Context Switches      1
      Block Input Operations            0
      Block Output Operations           179720
      


NOTE: There were 59604 observations read from the data set WORK._ADM_LB23.
NOTE: The data set WORK._ADM_LB24A has 59604 observations and 63 variables.
NOTE: DATA statement used (Total process time):
      real time           0.07 seconds
      user cpu time       0.02 seconds
      system cpu time     0.05 seconds
      memory              3572.59k
      OS Memory           29608.00k
      Timestamp           08/26/2026 06:54:32 PM
      Step Count                        871  Switch Count  2
      Page Faults                       0
      Page Reclaims                     598
      Page Swaps                        0
      Voluntary Context Switches        11
      Involuntary Context Switches      0
      Block Input Operations            0
      Block Output Operations           184072
      


NOTE: There were 59604 observations read from the data set WORK._ADM_LB24A.
NOTE: The data set WORK._ADM_LB24 has 59604 observations and 63 variables.
NOTE: DATA statement used (Total process time):
      real time           0.07 seconds
      user cpu time       0.02 seconds
      system cpu time     0.05 seconds
      memory              3564.71k
      OS Memory           29608.00k
      Timestamp           08/26/2026 06:54:32 PM
      Step Count                        872  Switch Count  2
      Page Faults                       0
      Page Reclaims                     598
      Page Swaps                        0
      Voluntary Context Switches        11
      Involuntary Context Switches      0
      Block Input Operations            0
      Block Output Operations           184072
      

325                                                        The SAS System                     Wednesday, August 26, 2026 11:54:32 AM


NOTE: There were 59604 observations read from the data set WORK._ADM_LB24.
NOTE: The data set WORK._ADM_EX_ALL has 59604 observations and 65 variables.
NOTE: DATA statement used (Total process time):
      real time           0.06 seconds
      user cpu time       0.01 seconds
      system cpu time     0.06 seconds
      memory              3561.71k
      OS Memory           29608.00k
      Timestamp           08/26/2026 06:54:32 PM
      Step Count                        873  Switch Count  2
      Page Faults                       0
      Page Reclaims                     598
      Page Swaps                        0
      Voluntary Context Switches        11
      Involuntary Context Switches      0
      Block Input Operations            0
      Block Output Operations           184072
      


NOTE: There were 44998 observations read from the data set WORK._ADM_EX_ALL.
      WHERE (not MISSING(AVISITN)) and (ONTRTFL='Y');
NOTE: The data set WORK._ADM_EX_CAND has 44998 observations and 65 variables.
NOTE: DATA statement used (Total process time):
      real time           0.06 seconds
      user cpu time       0.02 seconds
      system cpu time     0.03 seconds
      memory              3592.81k
      OS Memory           29608.00k
      Timestamp           08/26/2026 06:54:32 PM
      Step Count                        874  Switch Count  2
      Page Faults                       0
      Page Reclaims                     598
      Page Swaps                        0
      Voluntary Context Switches        11
      Involuntary Context Switches      0
      Block Input Operations            0
      Block Output Operations           139016
      


NOTE: There were 44998 observations read from the data set WORK._ADM_EX_CAND.
NOTE: The data set WORK._ADM_EX_S has 44998 observations and 65 variables.
NOTE: PROCEDURE SORT used (Total process time):
      real time           0.09 seconds
      user cpu time       0.03 seconds
      system cpu time     0.07 seconds
      memory              78142.96k
      OS Memory           102616.00k
      Timestamp           08/26/2026 06:54:32 PM
      Step Count                        875  Switch Count  2
      Page Faults                       0
      Page Reclaims                     18989
      Page Swaps                        0
      Voluntary Context Switches        11
      Involuntary Context Switches      2
      Block Input Operations            0
326                                                        The SAS System                     Wednesday, August 26, 2026 11:54:32 AM

      Block Output Operations           139024
      


NOTE: There were 44998 observations read from the data set WORK._ADM_EX_S.
NOTE: The data set WORK._ADM_EX_FLG has 44998 observations and 2 variables.
NOTE: DATA statement used (Total process time):
      real time           0.02 seconds
      user cpu time       0.01 seconds
      system cpu time     0.01 seconds
      memory              2960.93k
      OS Memory           28584.00k
      Timestamp           08/26/2026 06:54:32 PM
      Step Count                        876  Switch Count  2
      Page Faults                       0
      Page Reclaims                     471
      Page Swaps                        0
      Voluntary Context Switches        11
      Involuntary Context Switches      0
      Block Input Operations            0
      Block Output Operations           1544
      


NOTE: There were 59604 observations read from the data set WORK._ADM_EX_ALL.
NOTE: The data set WORK._ADM_EX_ALL has 59604 observations and 65 variables.
NOTE: PROCEDURE SORT used (Total process time):
      real time           0.13 seconds
      user cpu time       0.04 seconds
      system cpu time     0.09 seconds
      memory              96758.96k
      OS Memory           121828.00k
      Timestamp           08/26/2026 06:54:32 PM
      Step Count                        877  Switch Count  2
      Page Faults                       0
      Page Reclaims                     23849
      Page Swaps                        0
      Voluntary Context Switches        11
      Involuntary Context Switches      0
      Block Input Operations            0
      Block Output Operations           184080
      


NOTE: There were 44998 observations read from the data set WORK._ADM_EX_FLG.
NOTE: The data set WORK._ADM_EX_FLG has 44998 observations and 2 variables.
NOTE: PROCEDURE SORT used (Total process time):
      real time           0.01 seconds
      user cpu time       0.01 seconds
      system cpu time     0.00 seconds
      memory              3971.50k
      OS Memory           29372.00k
      Timestamp           08/26/2026 06:54:32 PM
      Step Count                        878  Switch Count  2
      Page Faults                       0
      Page Reclaims                     617
      Page Swaps                        0
      Voluntary Context Switches        11
327                                                        The SAS System                     Wednesday, August 26, 2026 11:54:32 AM

      Involuntary Context Switches      0
      Block Input Operations            0
      Block Output Operations           1544
      


NOTE: There were 59604 observations read from the data set WORK._ADM_EX_ALL.
NOTE: There were 44998 observations read from the data set WORK._ADM_EX_FLG.
NOTE: The data set WORK._ADM_LB25 has 59604 observations and 64 variables.
NOTE: DATA statement used (Total process time):
      real time           0.07 seconds
      user cpu time       0.03 seconds
      system cpu time     0.05 seconds
      memory              4659.03k
      OS Memory           30636.00k
      Timestamp           08/26/2026 06:54:32 PM
      Step Count                        879  Switch Count  2
      Page Faults                       0
      Page Reclaims                     795
      Page Swaps                        0
      Voluntary Context Switches        10
      Involuntary Context Switches      0
      Block Input Operations            0
      Block Output Operations           184072
      


NOTE: Deleting WORK._ADM_EX_ALL (memtype=DATA).
NOTE: Deleting WORK._ADM_EX_CAND (memtype=DATA).
NOTE: Deleting WORK._ADM_EX_S (memtype=DATA).
NOTE: Deleting WORK._ADM_EX_FLG (memtype=DATA).
NOTE: PROCEDURE DATASETS used (Total process time):
      real time           0.02 seconds
      user cpu time       0.00 seconds
      system cpu time     0.02 seconds
      memory              406.81k
      OS Memory           26276.00k
      Timestamp           08/26/2026 06:54:32 PM
      Step Count                        880  Switch Count  8
      Page Faults                       0
      Page Reclaims                     48
      Page Swaps                        0
      Voluntary Context Switches        38
      Involuntary Context Switches      2
      Block Input Operations            0
      Block Output Operations           8
      

NOTE: work._adm_lb25 has 59604 observations.

NOTE: There were 59604 observations read from the data set WORK._ADM_LB25.
NOTE: The data set WORK._ADM_EX_ALL has 59604 observations and 66 variables.
NOTE: DATA statement used (Total process time):
      real time           0.06 seconds
      user cpu time       0.02 seconds
      system cpu time     0.04 seconds
      memory              3562.40k
      OS Memory           29608.00k
328                                                        The SAS System                     Wednesday, August 26, 2026 11:54:32 AM

      Timestamp           08/26/2026 06:54:32 PM
      Step Count                        881  Switch Count  2
      Page Faults                       0
      Page Reclaims                     598
      Page Swaps                        0
      Voluntary Context Switches        11
      Involuntary Context Switches      0
      Block Input Operations            0
      Block Output Operations           184072
      


NOTE: There were 44998 observations read from the data set WORK._ADM_EX_ALL.
      WHERE ONTRTFL='Y';
NOTE: The data set WORK._ADM_EX_CAND has 44998 observations and 66 variables.
NOTE: DATA statement used (Total process time):
      real time           0.05 seconds
      user cpu time       0.01 seconds
      system cpu time     0.04 seconds
      memory              3569.18k
      OS Memory           29608.00k
      Timestamp           08/26/2026 06:54:32 PM
      Step Count                        882  Switch Count  2
      Page Faults                       0
      Page Reclaims                     598
      Page Swaps                        0
      Voluntary Context Switches        11
      Involuntary Context Switches      0
      Block Input Operations            0
      Block Output Operations           139016
      


NOTE: There were 44998 observations read from the data set WORK._ADM_EX_CAND.
NOTE: The data set WORK._ADM_EX_S has 44998 observations and 66 variables.
NOTE: PROCEDURE SORT used (Total process time):
      real time           0.09 seconds
      user cpu time       0.03 seconds
      system cpu time     0.06 seconds
      memory              76047.93k
      OS Memory           100560.00k
      Timestamp           08/26/2026 06:54:33 PM
      Step Count                        883  Switch Count  2
      Page Faults                       0
      Page Reclaims                     18527
      Page Swaps                        0
      Voluntary Context Switches        11
      Involuntary Context Switches      2
      Block Input Operations            0
      Block Output Operations           139024
      


NOTE: There were 44998 observations read from the data set WORK._ADM_EX_S.
NOTE: The data set WORK._ADM_EX_FLG has 8166 observations and 2 variables.
NOTE: DATA statement used (Total process time):
      real time           0.01 seconds
      user cpu time       0.00 seconds
329                                                        The SAS System                     Wednesday, August 26, 2026 11:54:33 AM

      system cpu time     0.00 seconds
      memory              2378.53k
      OS Memory           27560.00k
      Timestamp           08/26/2026 06:54:33 PM
      Step Count                        884  Switch Count  2
      Page Faults                       0
      Page Reclaims                     348
      Page Swaps                        0
      Voluntary Context Switches        12
      Involuntary Context Switches      1
      Block Input Operations            0
      Block Output Operations           520
      


NOTE: There were 59604 observations read from the data set WORK._ADM_EX_ALL.
NOTE: The data set WORK._ADM_EX_ALL has 59604 observations and 66 variables.
NOTE: PROCEDURE SORT used (Total process time):
      real time           0.12 seconds
      user cpu time       0.04 seconds
      system cpu time     0.09 seconds
      memory              96781.06k
      OS Memory           121828.00k
      Timestamp           08/26/2026 06:54:33 PM
      Step Count                        885  Switch Count  2
      Page Faults                       0
      Page Reclaims                     23849
      Page Swaps                        0
      Voluntary Context Switches        11
      Involuntary Context Switches      0
      Block Input Operations            0
      Block Output Operations           184072
      


NOTE: There were 8166 observations read from the data set WORK._ADM_EX_FLG.
NOTE: The data set WORK._ADM_EX_FLG has 8166 observations and 2 variables.
NOTE: PROCEDURE SORT used (Total process time):
      real time           0.00 seconds
      user cpu time       0.00 seconds
      system cpu time     0.00 seconds
      memory              1527.15k
      OS Memory           27056.00k
      Timestamp           08/26/2026 06:54:33 PM
      Step Count                        886  Switch Count  2
      Page Faults                       0
      Page Reclaims                     118
      Page Swaps                        0
      Voluntary Context Switches        10
      Involuntary Context Switches      0
      Block Input Operations            0
      Block Output Operations           520
      


NOTE: There were 59604 observations read from the data set WORK._ADM_EX_ALL.
NOTE: There were 8166 observations read from the data set WORK._ADM_EX_FLG.
NOTE: The data set WORK._ADM_LB26 has 59604 observations and 65 variables.
330                                                        The SAS System                     Wednesday, August 26, 2026 11:54:33 AM

NOTE: DATA statement used (Total process time):
      real time           0.06 seconds
      user cpu time       0.02 seconds
      system cpu time     0.05 seconds
      memory              4147.28k
      OS Memory           30124.00k
      Timestamp           08/26/2026 06:54:33 PM
      Step Count                        887  Switch Count  2
      Page Faults                       0
      Page Reclaims                     667
      Page Swaps                        0
      Voluntary Context Switches        11
      Involuntary Context Switches      0
      Block Input Operations            0
      Block Output Operations           184072
      


NOTE: Deleting WORK._ADM_EX_ALL (memtype=DATA).
NOTE: Deleting WORK._ADM_EX_CAND (memtype=DATA).
NOTE: Deleting WORK._ADM_EX_S (memtype=DATA).
NOTE: Deleting WORK._ADM_EX_FLG (memtype=DATA).
NOTE: PROCEDURE DATASETS used (Total process time):
      real time           0.02 seconds
      user cpu time       0.00 seconds
      system cpu time     0.02 seconds
      memory              419.84k
      OS Memory           26276.00k
      Timestamp           08/26/2026 06:54:33 PM
      Step Count                        888  Switch Count  8
      Page Faults                       0
      Page Reclaims                     48
      Page Swaps                        0
      Voluntary Context Switches        36
      Involuntary Context Switches      2
      Block Input Operations            0
      Block Output Operations           8
      

NOTE: work._adm_lb26 has 59604 observations.

NOTE: There were 59604 observations read from the data set WORK._ADM_LB26.
NOTE: The data set WORK._ADM_LB27 has 59604 observations and 67 variables.
NOTE: DATA statement used (Total process time):
      real time           0.06 seconds
      user cpu time       0.02 seconds
      system cpu time     0.05 seconds
      memory              3558.59k
      OS Memory           29608.00k
      Timestamp           08/26/2026 06:54:33 PM
      Step Count                        889  Switch Count  2
      Page Faults                       0
      Page Reclaims                     598
      Page Swaps                        0
      Voluntary Context Switches        11
      Involuntary Context Switches      0
      Block Input Operations            0
      Block Output Operations           206344
331                                                        The SAS System                     Wednesday, August 26, 2026 11:54:33 AM

      


NOTE: There were 44481 observations read from the data set WORK._ADM_LB27.
      WHERE (not MISSING(AVAL)) and (ONTRTFL='Y');
NOTE: The data set WORK._ADM_XR_CAND has 44481 observations and 67 variables.
NOTE: DATA statement used (Total process time):
      real time           0.06 seconds
      user cpu time       0.02 seconds
      system cpu time     0.05 seconds
      memory              3590.84k
      OS Memory           29608.00k
      Timestamp           08/26/2026 06:54:33 PM
      Step Count                        890  Switch Count  2
      Page Faults                       0
      Page Reclaims                     598
      Page Swaps                        0
      Voluntary Context Switches        12
      Involuntary Context Switches      0
      Block Input Operations            0
      Block Output Operations           154120
      


NOTE: There were 44481 observations read from the data set WORK._ADM_XR_CAND.
NOTE: The data set WORK._ADM_XR_S has 44481 observations and 67 variables.
NOTE: PROCEDURE SORT used (Total process time):
      real time           0.11 seconds
      user cpu time       0.04 seconds
      system cpu time     0.07 seconds
      memory              89910.21k
      OS Memory           114312.00k
      Timestamp           08/26/2026 06:54:33 PM
      Step Count                        891  Switch Count  2
      Page Faults                       0
      Page Reclaims                     21791
      Page Swaps                        0
      Voluntary Context Switches        11
      Involuntary Context Switches      3
      Block Input Operations            0
      Block Output Operations           154128
      


NOTE: There were 44481 observations read from the data set WORK._ADM_XR_S.
NOTE: The data set WORK._ADM_XR_NEW has 7941 observations and 67 variables.
NOTE: DATA statement used (Total process time):
      real time           0.02 seconds
      user cpu time       0.00 seconds
      system cpu time     0.02 seconds
      memory              3611.75k
      OS Memory           29608.00k
      Timestamp           08/26/2026 06:54:33 PM
      Step Count                        892  Switch Count  2
      Page Faults                       0
      Page Reclaims                     598
      Page Swaps                        0
      Voluntary Context Switches        11
332                                                        The SAS System                     Wednesday, August 26, 2026 11:54:33 AM

      Involuntary Context Switches      0
      Block Input Operations            0
      Block Output Operations           27656
      


NOTE: There were 59604 observations read from the data set WORK._ADM_LB27.
NOTE: There were 7941 observations read from the data set WORK._ADM_XR_NEW.
NOTE: The data set WORK._ADM_LB28 has 67545 observations and 67 variables.
NOTE: DATA statement used (Total process time):
      real time           0.08 seconds
      user cpu time       0.02 seconds
      system cpu time     0.07 seconds
      memory              5185.65k
      OS Memory           31660.00k
      Timestamp           08/26/2026 06:54:33 PM
      Step Count                        893  Switch Count  2
      Page Faults                       0
      Page Reclaims                     964
      Page Swaps                        0
      Voluntary Context Switches        12
      Involuntary Context Switches      3
      Block Input Operations            0
      Block Output Operations           233736
      

NOTE: Deleting WORK._ADM_XR_CAND (memtype=DATA).
NOTE: Deleting WORK._ADM_XR_S (memtype=DATA).
NOTE: Deleting WORK._ADM_XR_NEW (memtype=DATA).
NOTE: PROCEDURE DATASETS used (Total process time):
      real time           0.01 seconds
      user cpu time       0.01 seconds
      system cpu time     0.01 seconds
      memory              419.84k
      OS Memory           26276.00k
      Timestamp           08/26/2026 06:54:33 PM
      Step Count                        894  Switch Count  6
      Page Faults                       0
      Page Reclaims                     48
      Page Swaps                        0
      Voluntary Context Switches        27
      Involuntary Context Switches      0
      Block Input Operations            0
      Block Output Operations           8
      

NOTE: work._adm_lb28 has 67545 observations.

NOTE: There were 52422 observations read from the data set WORK._ADM_LB28.
      WHERE (not MISSING(AVAL)) and (ONTRTFL='Y');
NOTE: The data set WORK._ADM_XR_CAND has 52422 observations and 67 variables.
NOTE: DATA statement used (Total process time):
      real time           0.08 seconds
      user cpu time       0.02 seconds
      system cpu time     0.06 seconds
      memory              3590.68k
      OS Memory           29608.00k
      Timestamp           08/26/2026 06:54:33 PM
333                                                        The SAS System                     Wednesday, August 26, 2026 11:54:33 AM

      Step Count                        895  Switch Count  2
      Page Faults                       0
      Page Reclaims                     598
      Page Swaps                        0
      Voluntary Context Switches        10
      Involuntary Context Switches      2
      Block Input Operations            0
      Block Output Operations           181512
      


NOTE: There were 52422 observations read from the data set WORK._ADM_XR_CAND.
NOTE: The data set WORK._ADM_XR_S has 52422 observations and 67 variables.
NOTE: PROCEDURE SORT used (Total process time):
      real time           0.13 seconds
      user cpu time       0.04 seconds
      system cpu time     0.10 seconds
      memory              104300.56k
      OS Memory           128704.00k
      Timestamp           08/26/2026 06:54:33 PM
      Step Count                        896  Switch Count  2
      Page Faults                       0
      Page Reclaims                     25615
      Page Swaps                        0
      Voluntary Context Switches        11
      Involuntary Context Switches      4
      Block Input Operations            0
      Block Output Operations           181520
      


NOTE: There were 52422 observations read from the data set WORK._ADM_XR_S.
NOTE: The data set WORK._ADM_XR_NEW has 7941 observations and 67 variables.
NOTE: DATA statement used (Total process time):
      real time           0.03 seconds
      user cpu time       0.01 seconds
      system cpu time     0.02 seconds
      memory              3611.75k
      OS Memory           29608.00k
      Timestamp           08/26/2026 06:54:33 PM
      Step Count                        897  Switch Count  2
      Page Faults                       0
      Page Reclaims                     598
      Page Swaps                        0
      Voluntary Context Switches        10
      Involuntary Context Switches      0
      Block Input Operations            0
      Block Output Operations           27656
      


NOTE: There were 67545 observations read from the data set WORK._ADM_LB28.
NOTE: There were 7941 observations read from the data set WORK._ADM_XR_NEW.
NOTE: The data set WORK._ADM_LB29 has 75486 observations and 67 variables.
NOTE: DATA statement used (Total process time):
      real time           0.09 seconds
      user cpu time       0.01 seconds
      system cpu time     0.07 seconds
334                                                        The SAS System                     Wednesday, August 26, 2026 11:54:34 AM

      memory              5186.15k
      OS Memory           31660.00k
      Timestamp           08/26/2026 06:54:34 PM
      Step Count                        898  Switch Count  2
      Page Faults                       0
      Page Reclaims                     964
      Page Swaps                        0
      Voluntary Context Switches        11
      Involuntary Context Switches      3
      Block Input Operations            0
      Block Output Operations           261384
      

NOTE: Deleting WORK._ADM_XR_CAND (memtype=DATA).
NOTE: Deleting WORK._ADM_XR_S (memtype=DATA).
NOTE: Deleting WORK._ADM_XR_NEW (memtype=DATA).
NOTE: PROCEDURE DATASETS used (Total process time):
      real time           0.01 seconds
      user cpu time       0.00 seconds
      system cpu time     0.02 seconds
      memory              419.81k
      OS Memory           26276.00k
      Timestamp           08/26/2026 06:54:34 PM
      Step Count                        899  Switch Count  6
      Page Faults                       0
      Page Reclaims                     48
      Page Swaps                        0
      Voluntary Context Switches        27
      Involuntary Context Switches      1
      Block Input Operations            0
      Block Output Operations           8
      

NOTE: work._adm_lb29 has 75486 observations.

NOTE: There were 60880 observations read from the data set WORK._ADM_LB29.
      WHERE ONTRTFL='Y';
NOTE: The data set WORK._ADM_XR_CAND has 60880 observations and 67 variables.
NOTE: DATA statement used (Total process time):
      real time           0.08 seconds
      user cpu time       0.02 seconds
      system cpu time     0.06 seconds
      memory              3567.25k
      OS Memory           29608.00k
      Timestamp           08/26/2026 06:54:34 PM
      Step Count                        900  Switch Count  2
      Page Faults                       0
      Page Reclaims                     598
      Page Swaps                        0
      Voluntary Context Switches        11
      Involuntary Context Switches      2
      Block Input Operations            0
      Block Output Operations           210696
      


NOTE: There were 60880 observations read from the data set WORK._ADM_XR_CAND.
NOTE: The data set WORK._ADM_XR_S has 60880 observations and 67 variables.
335                                                        The SAS System                     Wednesday, August 26, 2026 11:54:34 AM

NOTE: PROCEDURE SORT used (Total process time):
      real time           0.15 seconds
      user cpu time       0.04 seconds
      system cpu time     0.11 seconds
      memory              121021.37k
      OS Memory           145428.00k
      Timestamp           08/26/2026 06:54:34 PM
      Step Count                        901  Switch Count  2
      Page Faults                       0
      Page Reclaims                     29730
      Page Swaps                        0
      Voluntary Context Switches        11
      Involuntary Context Switches      2
      Block Input Operations            0
      Block Output Operations           210704
      


NOTE: There were 60880 observations read from the data set WORK._ADM_XR_S.
NOTE: The data set WORK._ADM_XR_NEW has 8166 observations and 67 variables.
NOTE: DATA statement used (Total process time):
      real time           0.03 seconds
      user cpu time       0.01 seconds
      system cpu time     0.03 seconds
      memory              3611.46k
      OS Memory           29608.00k
      Timestamp           08/26/2026 06:54:34 PM
      Step Count                        902  Switch Count  2
      Page Faults                       0
      Page Reclaims                     598
      Page Swaps                        0
      Voluntary Context Switches        11
      Involuntary Context Switches      1
      Block Input Operations            0
      Block Output Operations           28424
      


NOTE: There were 75486 observations read from the data set WORK._ADM_LB29.
NOTE: There were 8166 observations read from the data set WORK._ADM_XR_NEW.
NOTE: The data set WORK._ADM_LB30 has 83652 observations and 67 variables.
NOTE: DATA statement used (Total process time):
      real time           0.10 seconds
      user cpu time       0.02 seconds
      system cpu time     0.08 seconds
      memory              5186.15k
      OS Memory           31660.00k
      Timestamp           08/26/2026 06:54:34 PM
      Step Count                        903  Switch Count  2
      Page Faults                       0
      Page Reclaims                     964
      Page Swaps                        0
      Voluntary Context Switches        11
      Involuntary Context Switches      2
      Block Input Operations            0
      Block Output Operations           289544
      

336                                                        The SAS System                     Wednesday, August 26, 2026 11:54:34 AM

NOTE: Deleting WORK._ADM_XR_CAND (memtype=DATA).
NOTE: Deleting WORK._ADM_XR_S (memtype=DATA).
NOTE: Deleting WORK._ADM_XR_NEW (memtype=DATA).
NOTE: PROCEDURE DATASETS used (Total process time):
      real time           0.01 seconds
      user cpu time       0.00 seconds
      system cpu time     0.02 seconds
      memory              421.84k
      OS Memory           26276.00k
      Timestamp           08/26/2026 06:54:34 PM
      Step Count                        904  Switch Count  6
      Page Faults                       0
      Page Reclaims                     48
      Page Swaps                        0
      Voluntary Context Switches        27
      Involuntary Context Switches      2
      Block Input Operations            0
      Block Output Operations           8
      

NOTE: work._adm_lb30 has 83652 observations.

NOTE: There were 83652 observations read from the data set WORK._ADM_LB30.
NOTE: The data set WORK._ADM_OBS has 83652 observations and 71 variables.
NOTE: DATA statement used (Total process time):
      real time           0.09 seconds
      user cpu time       0.02 seconds
      system cpu time     0.07 seconds
      memory              3586.21k
      OS Memory           29608.00k
      Timestamp           08/26/2026 06:54:34 PM
      Step Count                        905  Switch Count  2
      Page Faults                       0
      Page Reclaims                     598
      Page Swaps                        0
      Voluntary Context Switches        12
      Involuntary Context Switches      5
      Block Input Operations            0
      Block Output Operations           297488
      


NOTE: There were 83652 observations read from the data set WORK._ADM_OBS.
NOTE: The data set WORK._ADM_OBS has 83652 observations and 71 variables.
NOTE: PROCEDURE SORT used (Total process time):
      real time           0.22 seconds
      user cpu time       0.06 seconds
      system cpu time     0.15 seconds
      memory              159666.68k
      OS Memory           184216.00k
      Timestamp           08/26/2026 06:54:34 PM
      Step Count                        906  Switch Count  2
      Page Faults                       0
      Page Reclaims                     39460
      Page Swaps                        0
      Voluntary Context Switches        11
      Involuntary Context Switches      0
      Block Input Operations            0
337                                                        The SAS System                     Wednesday, August 26, 2026 11:54:34 AM

      Block Output Operations           297480
      


NOTE: There were 83652 observations read from the data set WORK._ADM_OBS.
NOTE: The data set WORK._ADM_LB31 has 83652 observations and 68 variables.
NOTE: DATA statement used (Total process time):
      real time           0.09 seconds
      user cpu time       0.02 seconds
      system cpu time     0.07 seconds
      memory              3608.68k
      OS Memory           29608.00k
      Timestamp           08/26/2026 06:54:34 PM
      Step Count                        907  Switch Count  2
      Page Faults                       0
      Page Reclaims                     598
      Page Swaps                        0
      Voluntary Context Switches        11
      Involuntary Context Switches      0
      Block Input Operations            0
      Block Output Operations           293384
      


NOTE: Deleting WORK._ADM_OBS (memtype=DATA).
NOTE: PROCEDURE DATASETS used (Total process time):
      real time           0.01 seconds
      user cpu time       0.00 seconds
      system cpu time     0.02 seconds
      memory              418.84k
      OS Memory           26276.00k
      Timestamp           08/26/2026 06:54:34 PM
      Step Count                        908  Switch Count  2
      Page Faults                       0
      Page Reclaims                     48
      Page Swaps                        0
      Voluntary Context Switches        9
      Involuntary Context Switches      0
      Block Input Operations            0
      Block Output Operations           8
      

NOTE: m_adm_derive_var_obs_number missing-last ADM_OBS_NA_LAST=20260825P.

NOTE: There were 47 observations read from the data set WORK._ADM_LB_PARAM_LOOKUP.
NOTE: 0 observations with duplicate key values were deleted.
NOTE: The data set WORK._ADM_PLU has 47 observations and 4 variables.
NOTE: PROCEDURE SORT used (Total process time):
      real time           0.00 seconds
      user cpu time       0.00 seconds
      system cpu time     0.00 seconds
      memory              1042.78k
      OS Memory           26796.00k
      Timestamp           08/26/2026 06:54:34 PM
      Step Count                        909  Switch Count  2
      Page Faults                       0
      Page Reclaims                     146
      Page Swaps                        0
338                                                        The SAS System                     Wednesday, August 26, 2026 11:54:34 AM

      Voluntary Context Switches        10
      Involuntary Context Switches      0
      Block Input Operations            0
      Block Output Operations           272
      


NOTE: There were 83652 observations read from the data set WORK._ADM_LB31.
NOTE: The data set WORK._ADM_PBASE has 83652 observations and 68 variables.
NOTE: PROCEDURE SORT used (Total process time):
      real time           0.19 seconds
      user cpu time       0.05 seconds
      system cpu time     0.14 seconds
      memory              151464.65k
      OS Memory           176020.00k
      Timestamp           08/26/2026 06:54:35 PM
      Step Count                        910  Switch Count  2
      Page Faults                       0
      Page Reclaims                     37354
      Page Swaps                        0
      Voluntary Context Switches        11
      Involuntary Context Switches      3
      Block Input Operations            0
      Block Output Operations           293392
      


NOTE: There were 83652 observations read from the data set WORK._ADM_PBASE.
NOTE: There were 47 observations read from the data set WORK._ADM_PLU.
NOTE: The data set WORK._ADM_LB31P has 83652 observations and 68 variables.
NOTE: DATA statement used (Total process time):
      real time           0.10 seconds
      user cpu time       0.03 seconds
      system cpu time     0.08 seconds
      memory              3998.06k
      OS Memory           29868.00k
      Timestamp           08/26/2026 06:54:35 PM
      Step Count                        911  Switch Count  2
      Page Faults                       0
      Page Reclaims                     632
      Page Swaps                        0
      Voluntary Context Switches        11
      Involuntary Context Switches      1
      Block Input Operations            0
      Block Output Operations           293384
      


NOTE: Deleting WORK._ADM_PLU (memtype=DATA).
NOTE: Deleting WORK._ADM_PBASE (memtype=DATA).
NOTE: PROCEDURE DATASETS used (Total process time):
      real time           0.01 seconds
      user cpu time       0.00 seconds
      system cpu time     0.01 seconds
      memory              418.84k
      OS Memory           26276.00k
      Timestamp           08/26/2026 06:54:35 PM
      Step Count                        912  Switch Count  4
339                                                        The SAS System                     Wednesday, August 26, 2026 11:54:35 AM

      Page Faults                       0
      Page Reclaims                     48
      Page Swaps                        0
      Voluntary Context Switches        18
      Involuntary Context Switches      1
      Block Input Operations            0
      Block Output Operations           8
      

NOTE: ADLB PARAM PARAMN overlay ADM_PARAM_OVERLAY=20260825N.

NOTE: The data set WORK._MRAS_A has 58 observations and 1 variables.
NOTE: PROCEDURE CONTENTS used (Total process time):
      real time           0.38 seconds
      user cpu time       0.00 seconds
      system cpu time     0.02 seconds
      memory              1158.21k
      OS Memory           26796.00k
      Timestamp           08/26/2026 06:54:35 PM
      Step Count                        913  Switch Count  2
      Page Faults                       0
      Page Reclaims                     149
      Page Swaps                        0
      Voluntary Context Switches        17
      Involuntary Context Switches      2
      Block Input Operations            0
      Block Output Operations           272
      


NOTE: The data set WORK._MRAS_R has 115 observations and 1 variables.
NOTE: PROCEDURE CONTENTS used (Total process time):
      real time           0.16 seconds
      user cpu time       0.00 seconds
      system cpu time     0.02 seconds
      memory              2402.87k
      OS Memory           27564.00k
      Timestamp           08/26/2026 06:54:35 PM
      Step Count                        914  Switch Count  2
      Page Faults                       0
      Page Reclaims                     340
      Page Swaps                        0
      Voluntary Context Switches        19
      Involuntary Context Switches      0
      Block Input Operations            0
      Block Output Operations           272
      


NOTE: The data set WORK._MRAS_D has 68 observations and 1 variables.
NOTE: PROCEDURE CONTENTS used (Total process time):
      real time           0.00 seconds
      user cpu time       0.00 seconds
      system cpu time     0.00 seconds
      memory              2369.50k
      OS Memory           27564.00k
      Timestamp           08/26/2026 06:54:35 PM
      Step Count                        915  Switch Count  2
340                                                        The SAS System                     Wednesday, August 26, 2026 11:54:35 AM

      Page Faults                       0
      Page Reclaims                     341
      Page Swaps                        0
      Voluntary Context Switches        9
      Involuntary Context Switches      0
      Block Input Operations            0
      Block Output Operations           272
      


NOTE: There were 58 observations read from the data set WORK._MRAS_A.
NOTE: The data set WORK._MRAS_A has 58 observations and 1 variables.
NOTE: DATA statement used (Total process time):
      real time           0.00 seconds
      user cpu time       0.01 seconds
      system cpu time     0.00 seconds
      memory              808.81k
      OS Memory           26536.00k
      Timestamp           08/26/2026 06:54:35 PM
      Step Count                        916  Switch Count  2
      Page Faults                       0
      Page Reclaims                     121
      Page Swaps                        0
      Voluntary Context Switches        11
      Involuntary Context Switches      0
      Block Input Operations            0
      Block Output Operations           264
      


NOTE: There were 115 observations read from the data set WORK._MRAS_R.
NOTE: The data set WORK._MRAS_R has 115 observations and 1 variables.
NOTE: DATA statement used (Total process time):
      real time           0.00 seconds
      user cpu time       0.00 seconds
      system cpu time     0.00 seconds
      memory              808.93k
      OS Memory           26536.00k
      Timestamp           08/26/2026 06:54:35 PM
      Step Count                        917  Switch Count  2
      Page Faults                       0
      Page Reclaims                     120
      Page Swaps                        0
      Voluntary Context Switches        10
      Involuntary Context Switches      0
      Block Input Operations            0
      Block Output Operations           264
      


NOTE: There were 68 observations read from the data set WORK._MRAS_D.
NOTE: The data set WORK._MRAS_D has 68 observations and 1 variables.
NOTE: DATA statement used (Total process time):
      real time           0.00 seconds
      user cpu time       0.00 seconds
      system cpu time     0.00 seconds
      memory              808.81k
      OS Memory           26536.00k
341                                                        The SAS System                     Wednesday, August 26, 2026 11:54:35 AM

      Timestamp           08/26/2026 06:54:35 PM
      Step Count                        918  Switch Count  2
      Page Faults                       0
      Page Reclaims                     121
      Page Swaps                        0
      Voluntary Context Switches        11
      Involuntary Context Switches      1
      Block Input Operations            0
      Block Output Operations           264
      

NOTE: The query as specified involves ordering by an item that doesn't appear in its SELECT clause.
NOTE: PROCEDURE SQL used (Total process time):
      real time           0.00 seconds
      user cpu time       0.00 seconds
      system cpu time     0.00 seconds
      memory              10387.87k
      OS Memory           34024.00k
      Timestamp           08/26/2026 06:54:35 PM
      Step Count                        919  Switch Count  0
      Page Faults                       0
      Page Reclaims                     257
      Page Swaps                        0
      Voluntary Context Switches        15
      Involuntary Context Switches      0
      Block Input Operations            0
      Block Output Operations           16
      


NOTE: Deleting WORK._MRAS_A (memtype=DATA).
NOTE: Deleting WORK._MRAS_R (memtype=DATA).
NOTE: Deleting WORK._MRAS_D (memtype=DATA).
NOTE: PROCEDURE DATASETS used (Total process time):
      real time           0.00 seconds
      user cpu time       0.01 seconds
      system cpu time     0.00 seconds
      memory              418.81k
      OS Memory           26276.00k
      Timestamp           08/26/2026 06:54:35 PM
      Step Count                        920  Switch Count  6
      Page Faults                       0
      Page Reclaims                     48
      Page Swaps                        0
      Voluntary Context Switches        28
      Involuntary Context Switches      0
      Block Input Operations            0
      Block Output Operations           8
      

NOTE: m_adm_merge_remaining_adsl ADM_REMAIN_ADSL=20260825R nadd=47 vars=ACTARM=ACTARM ACTARMCD=ACTARMCD AGE=AGE AGEGR1=AGEGR1 
AGEU=AGEU ARM=ARM ARMCD=ARMCD COUNTRY=COUNTRY DMDTC=DMDTC DMDY=DMDY DTH30FL=DTH30FL DTHA30FL=DTHA30FL DTHADY=DTHADY 
DTHB30FL=DTHB30FL DTHCAUS=DTHCAUS DTHCGR1=DTHCGR1 DTHDOM=DTHDOM DTHDT=DTHDT DTHDTC=DTHDTC DTHDTF=DTHDTF DTHFL=DTHFL EOSDT=EOSDT 
EOSSTT=EOSSTT ETHNIC=ETHNIC FRVDT=FRVDT LDDTHELD=LDDTHELD LDDTHGR1=LDDTHGR1 RACE=RACE RACEGR1=RACEGR1 RANDDT=RANDDT REGION1=REGION1 
RFENDTC=RFENDTC RFICDTC=RFICDTC RFPENDTC=RFPENDTC RFSTDTC=RFSTDTC RFXENDTC=RFXENDTC RFXSTDTC=RFXSTDTC SAFFL=SAFFL SCRFDT=SCRFDT 
SEX=SEX SITEID=SITEID SUBJID=SUBJID TRTDURD=TRTDURD TRTEDTM=TRTEDTM TRTETMF=TRTETMF TRTSDTM=TRTSDTM TRTSTMF=TRTSTMF

NOTE: There were 306 observations read from the data set ADAM.ADSL.
342                                                        The SAS System                     Wednesday, August 26, 2026 11:54:35 AM

      WHERE 1 /* an obviously TRUE WHERE clause */ ;
NOTE: The data set WORK._DVJ_ADD has 306 observations and 58 variables.
NOTE: DATA statement used (Total process time):
      real time           0.17 seconds
      user cpu time       0.00 seconds
      system cpu time     0.01 seconds
      memory              1193.65k
      OS Memory           26536.00k
      Timestamp           08/26/2026 06:54:35 PM
      Step Count                        921  Switch Count  2
      Page Faults                       0
      Page Reclaims                     91
      Page Swaps                        0
      Voluntary Context Switches        20
      Involuntary Context Switches      0
      Block Input Operations            0
      Block Output Operations           520
      


NOTE: There were 83652 observations read from the data set WORK._ADM_LB31P.
NOTE: The data set WORK._DVJ_BASE has 83652 observations and 69 variables.
NOTE: DATA statement used (Total process time):
      real time           0.10 seconds
      user cpu time       0.02 seconds
      system cpu time     0.09 seconds
      memory              3574.46k
      OS Memory           29608.00k
      Timestamp           08/26/2026 06:54:36 PM
      Step Count                        922  Switch Count  2
      Page Faults                       0
      Page Reclaims                     598
      Page Swaps                        0
      Voluntary Context Switches        11
      Involuntary Context Switches      2
      Block Input Operations            0
      Block Output Operations           293384
      

NOTE: Table WORK._DVJ_JOINED created, with 83652 rows and 117 columns.

NOTE: PROCEDURE SQL used (Total process time):
      real time           0.37 seconds
      user cpu time       0.14 seconds
      system cpu time     0.28 seconds
      memory              203135.10k
      OS Memory           226992.00k
      Timestamp           08/26/2026 06:54:36 PM
      Step Count                        923  Switch Count  3
      Page Faults                       0
      Page Reclaims                     39243
      Page Swaps                        0
      Voluntary Context Switches        2603
      Involuntary Context Switches      4
      Block Input Operations            0
      Block Output Operations           674072
      

343                                                        The SAS System                     Wednesday, August 26, 2026 11:54:36 AM


NOTE: There were 83652 observations read from the data set WORK._DVJ_JOINED.
NOTE: The data set WORK._DVJ_JOINED has 83652 observations and 117 variables.
NOTE: PROCEDURE SORT used (Total process time):
      real time           0.25 seconds
      user cpu time       0.07 seconds
      system cpu time     0.18 seconds
      memory              192955.75k
      OS Memory           217724.00k
      Timestamp           08/26/2026 06:54:36 PM
      Step Count                        924  Switch Count  2
      Page Faults                       0
      Page Reclaims                     47678
      Page Swaps                        0
      Voluntary Context Switches        11
      Involuntary Context Switches      1
      Block Input Operations            0
      Block Output Operations           369416
      


NOTE: There were 83652 observations read from the data set WORK._DVJ_JOINED.
NOTE: The data set WORK._DVJ_OUT has 83652 observations and 117 variables.
NOTE: DATA statement used (Total process time):
      real time           0.12 seconds
      user cpu time       0.04 seconds
      system cpu time     0.09 seconds
      memory              3640.75k
      OS Memory           29608.00k
      Timestamp           08/26/2026 06:54:36 PM
      Step Count                        925  Switch Count  10
      Page Faults                       0
      Page Reclaims                     598
      Page Swaps                        0
      Voluntary Context Switches        33
      Involuntary Context Switches      0
      Block Input Operations            0
      Block Output Operations           369416
      


NOTE: There were 83652 observations read from the data set WORK._DVJ_OUT.
NOTE: The data set WORK._ADM_LB32 has 83652 observations and 115 variables.
NOTE: DATA statement used (Total process time):
      real time           0.12 seconds
      user cpu time       0.02 seconds
      system cpu time     0.10 seconds
      memory              3620.12k
      OS Memory           29608.00k
      Timestamp           08/26/2026 06:54:36 PM
      Step Count                        926  Switch Count  2
      Page Faults                       0
      Page Reclaims                     598
      Page Swaps                        0
      Voluntary Context Switches        11
      Involuntary Context Switches      1
      Block Input Operations            0
      Block Output Operations           363016
344                                                        The SAS System                     Wednesday, August 26, 2026 11:54:36 AM

      


NOTE: The data set WORK._DVJ_IN_LBL has 68 observations and 41 variables.
NOTE: PROCEDURE CONTENTS used (Total process time):
      real time           0.00 seconds
      user cpu time       0.00 seconds
      system cpu time     0.00 seconds
      memory              2422.09k
      OS Memory           27564.00k
      Timestamp           08/26/2026 06:54:36 PM
      Step Count                        927  Switch Count  2
      Page Faults                       0
      Page Reclaims                     325
      Page Swaps                        0
      Voluntary Context Switches        9
      Involuntary Context Switches      0
      Block Input Operations            0
      Block Output Operations           272
      


NOTE: The data set WORK._DVJ_OUT_LBL has 115 observations and 41 variables.
NOTE: PROCEDURE CONTENTS used (Total process time):
      real time           0.00 seconds
      user cpu time       0.00 seconds
      system cpu time     0.00 seconds
      memory              2450.46k
      OS Memory           27564.00k
      Timestamp           08/26/2026 06:54:36 PM
      Step Count                        928  Switch Count  2
      Page Faults                       0
      Page Reclaims                     315
      Page Swaps                        0
      Voluntary Context Switches        9
      Involuntary Context Switches      0
      Block Input Operations            0
      Block Output Operations           272
      

NOTE: There were 68 observations read from the data set WORK._DVJ_IN_LBL.
NOTE: The data set WORK._DVJ_IN_LBL has 68 observations and 41 variables.
NOTE: DATA statement used (Total process time):
      real time           0.00 seconds
      user cpu time       0.00 seconds
      system cpu time     0.00 seconds
      memory              899.71k
      OS Memory           26536.00k
      Timestamp           08/26/2026 06:54:36 PM
      Step Count                        929  Switch Count  2
      Page Faults                       0
      Page Reclaims                     105
      Page Swaps                        0
      Voluntary Context Switches        10
      Involuntary Context Switches      0
      Block Input Operations            0
      Block Output Operations           264
      
345                                                        The SAS System                     Wednesday, August 26, 2026 11:54:36 AM



NOTE: There were 115 observations read from the data set WORK._DVJ_OUT_LBL.
NOTE: The data set WORK._DVJ_OUT_LBL has 115 observations and 41 variables.
NOTE: DATA statement used (Total process time):
      real time           0.00 seconds
      user cpu time       0.00 seconds
      system cpu time     0.00 seconds
      memory              898.65k
      OS Memory           26536.00k
      Timestamp           08/26/2026 06:54:36 PM
      Step Count                        930  Switch Count  2
      Page Faults                       0
      Page Reclaims                     95
      Page Swaps                        0
      Voluntary Context Switches        11
      Involuntary Context Switches      0
      Block Input Operations            0
      Block Output Operations           264
      


NOTE: There were 68 observations read from the data set WORK._DVJ_IN_LBL.
NOTE: The data set WORK._DVJ_IN_LBL has 68 observations and 41 variables.
NOTE: PROCEDURE SORT used (Total process time):
      real time           0.00 seconds
      user cpu time       0.00 seconds
      system cpu time     0.00 seconds
      memory              848.21k
      OS Memory           26536.00k
      Timestamp           08/26/2026 06:54:36 PM
      Step Count                        931  Switch Count  2
      Page Faults                       0
      Page Reclaims                     97
      Page Swaps                        0
      Voluntary Context Switches        11
      Involuntary Context Switches      1
      Block Input Operations            0
      Block Output Operations           264
      


NOTE: There were 115 observations read from the data set WORK._DVJ_OUT_LBL.
NOTE: The data set WORK._DVJ_OUT_LBL has 115 observations and 41 variables.
NOTE: PROCEDURE SORT used (Total process time):
      real time           0.00 seconds
      user cpu time       0.00 seconds
      system cpu time     0.00 seconds
      memory              847.31k
      OS Memory           26536.00k
      Timestamp           08/26/2026 06:54:36 PM
      Step Count                        932  Switch Count  2
      Page Faults                       0
      Page Reclaims                     87
      Page Swaps                        0
      Voluntary Context Switches        11
      Involuntary Context Switches      1
      Block Input Operations            0
346                                                        The SAS System                     Wednesday, August 26, 2026 11:54:36 AM

      Block Output Operations           264
      


NOTE: There were 115 observations read from the data set WORK._DVJ_OUT_LBL.
NOTE: There were 68 observations read from the data set WORK._DVJ_IN_LBL.
NOTE: The data set WORK._DVJ_RELABEL has 25 observations and 2 variables.
NOTE: DATA statement used (Total process time):
      real time           0.00 seconds
      user cpu time       0.00 seconds
      system cpu time     0.00 seconds
      memory              1251.59k
      OS Memory           26796.00k
      Timestamp           08/26/2026 06:54:36 PM
      Step Count                        933  Switch Count  2
      Page Faults                       0
      Page Reclaims                     154
      Page Swaps                        0
      Voluntary Context Switches        11
      Involuntary Context Switches      0
      Block Input Operations            0
      Block Output Operations           264
      

NOTE: PROCEDURE SQL used (Total process time):
      real time           0.00 seconds
      user cpu time       0.00 seconds
      system cpu time     0.01 seconds
      memory              5455.75k
      OS Memory           31400.00k
      Timestamp           08/26/2026 06:54:36 PM
      Step Count                        934  Switch Count  0
      Page Faults                       0
      Page Reclaims                     52
      Page Swaps                        0
      Voluntary Context Switches        0
      Involuntary Context Switches      0
      Block Input Operations            0
      Block Output Operations           0
      


NOTE: There were 25 observations read from the data set WORK._DVJ_RELABEL.
NOTE: DATA statement used (Total process time):
      real time           0.00 seconds
      user cpu time       0.00 seconds
      system cpu time     0.00 seconds
      memory              626.18k
      OS Memory           26276.00k
      Timestamp           08/26/2026 06:54:36 PM
      Step Count                        935  Switch Count  0
      Page Faults                       0
      Page Reclaims                     57
      Page Swaps                        0
      Voluntary Context Switches        0
      Involuntary Context Switches      0
      Block Input Operations            0
      Block Output Operations           0
347                                                        The SAS System                     Wednesday, August 26, 2026 11:54:36 AM

      

NOTE: CALL EXECUTE generated line.
1         + proc datasets lib=WORK nolist; modify _ADM_LB32;
2         + label DOMAIN='Domain Abbreviation
3         +                ';
4         + label LBBLFL='Baseline Flag
5         +                ';
6         + label LBCAT='Category for Lab Test
7         +               ';
8         + label LBDTC='Date/Time of Specimen Collection
9         +               ';
10        + label LBDY='Study Day of Specimen Collection
11        +              ';
12        + label LBNRIND='Reference Range Indicator
13        +                 ';
14        + label LBORNRHI='Reference Range Upper Limit in Orig Unit
15        +                  ';
16        + label LBORNRLO='Reference Range Lower Limit in Orig Unit
17        +                  ';
18        + label LBORRES='Result or Finding in Original Units
19        +                 ';
20        + label LBORRESU='Original Units
21        +                  ';
22        + label LBSEQ='Sequence Number
23        +               ';
24        + label LBSTNRHI='Reference Range Upper Limit-Std Units
25        +                  ';
26        + label LBSTNRLO='Reference Range Lower Limit-Std Units
27        +                  ';
28        + label LBSTRESC='Character Result/Finding in Std Format
29        +                  ';
30        + label LBSTRESN='Numeric Result/Finding in Standard Units
31        +                  ';
32        + label LBSTRESU='Standard Units
33        +                  ';
34        + label LBTEST='Lab Test or Examination Name
35        +                ';
36        + label LBTESTCD='Lab Test or Examination Short Name
37        +                  ';
38        + label STUDYID='Study Identifier
39        +                 ';
40        + label TRTEDT='Date of Last Exposure to Treatment
41        +                ';
42        + label TRTSDT='Date of First Exposure to Treatment
43        +                ';
44        + label USUBJID='Unique Subject Identifier
45        +                 ';
46        + label VISIT='Visit Name
47        +               ';
48        + label VISITDY='Planned Study Day of Visit
49        +                 ';
50        + label VISITNUM='Visit Number
51        +                  ';
52        + quit;

NOTE: MODIFY was successful for WORK._ADM_LB32.DATA.
NOTE: PROCEDURE DATASETS used (Total process time):
348                                                        The SAS System                     Wednesday, August 26, 2026 11:54:36 AM

      real time           0.00 seconds
      user cpu time       0.01 seconds
      system cpu time     0.00 seconds
      memory              1923.71k
      OS Memory           27044.00k
      Timestamp           08/26/2026 06:54:36 PM
      Step Count                        936  Switch Count  0
      Page Faults                       0
      Page Reclaims                     274
      Page Swaps                        0
      Voluntary Context Switches        0
      Involuntary Context Switches      0
      Block Input Operations            0
      Block Output Operations           24
      

NOTE: m_derive_vars_joined restored 25 label(s) on WORK._ADM_LB32

NOTE: Deleting WORK._DVJ_ADD (memtype=DATA).
NOTE: Deleting WORK._DVJ_BASE (memtype=DATA).
NOTE: Deleting WORK._DVJ_JOINED (memtype=DATA).
NOTE: Deleting WORK._DVJ_OUT (memtype=DATA).
NOTE: Deleting WORK._DVJ_IN_LBL (memtype=DATA).
NOTE: Deleting WORK._DVJ_OUT_LBL (memtype=DATA).
NOTE: Deleting WORK._DVJ_RELABEL (memtype=DATA).
NOTE: PROCEDURE DATASETS used (Total process time):
      real time           0.04 seconds
      user cpu time       0.00 seconds
      system cpu time     0.04 seconds
      memory              430.84k
      OS Memory           26276.00k
      Timestamp           08/26/2026 06:54:37 PM
      Step Count                        937  Switch Count  14
      Page Faults                       0
      Page Reclaims                     48
      Page Swaps                        0
      Voluntary Context Switches        63
      Involuntary Context Switches      5
      Block Input Operations            0
      Block Output Operations           8
      

NOTE: work._adm_lb32 has 83652 observations.

NOTE: The data set WORK._MOVR_PREF has 115 observations and 2 variables.
NOTE: PROCEDURE CONTENTS used (Total process time):
      real time           0.12 seconds
      user cpu time       0.00 seconds
      system cpu time     0.02 seconds
      memory              2402.96k
      OS Memory           27564.00k
      Timestamp           08/26/2026 06:54:37 PM
      Step Count                        938  Switch Count  2
      Page Faults                       0
      Page Reclaims                     340
      Page Swaps                        0
      Voluntary Context Switches        19
      Involuntary Context Switches      0
349                                                        The SAS System                     Wednesday, August 26, 2026 11:54:37 AM

      Block Input Operations            0
      Block Output Operations           272
      


NOTE: There were 115 observations read from the data set WORK._MOVR_PREF.
NOTE: The data set WORK._MOVR_PREF has 115 observations and 2 variables.
NOTE: DATA statement used (Total process time):
      real time           0.00 seconds
      user cpu time       0.00 seconds
      system cpu time     0.00 seconds
      memory              814.40k
      OS Memory           26536.00k
      Timestamp           08/26/2026 06:54:37 PM
      Step Count                        939  Switch Count  2
      Page Faults                       0
      Page Reclaims                     120
      Page Swaps                        0
      Voluntary Context Switches        12
      Involuntary Context Switches      0
      Block Input Operations            0
      Block Output Operations           264
      

NOTE: m_order_vars_like_ref using REF order from ref_pva.refadlb

NOTE: The data set WORK._MOVR_HAVE has 115 observations and 2 variables.
NOTE: PROCEDURE CONTENTS used (Total process time):
      real time           0.00 seconds
      user cpu time       0.01 seconds
      system cpu time     0.00 seconds
      memory              2401.12k
      OS Memory           27564.00k
      Timestamp           08/26/2026 06:54:37 PM
      Step Count                        940  Switch Count  2
      Page Faults                       0
      Page Reclaims                     340
      Page Swaps                        0
      Voluntary Context Switches        9
      Involuntary Context Switches      0
      Block Input Operations            0
      Block Output Operations           272
      


NOTE: There were 115 observations read from the data set WORK._MOVR_HAVE.
NOTE: The data set WORK._MOVR_HAVE has 115 observations and 2 variables.
NOTE: DATA statement used (Total process time):
      real time           0.00 seconds
      user cpu time       0.00 seconds
      system cpu time     0.00 seconds
      memory              808.84k
      OS Memory           26536.00k
      Timestamp           08/26/2026 06:54:37 PM
      Step Count                        941  Switch Count  2
      Page Faults                       0
      Page Reclaims                     120
      Page Swaps                        0
350                                                        The SAS System                     Wednesday, August 26, 2026 11:54:37 AM

      Voluntary Context Switches        11
      Involuntary Context Switches      0
      Block Input Operations            0
      Block Output Operations           264
      


NOTE: The data set WORK._MOVR_EXTRA has 0 observations and 2 variables.
NOTE: DATA statement used (Total process time):
      real time           0.00 seconds
      user cpu time       0.00 seconds
      system cpu time     0.00 seconds
      memory              528.31k
      OS Memory           26276.00k
      Timestamp           08/26/2026 06:54:37 PM
      Step Count                        942  Switch Count  2
      Page Faults                       0
      Page Reclaims                     87
      Page Swaps                        0
      Voluntary Context Switches        11
      Involuntary Context Switches      0
      Block Input Operations            0
      Block Output Operations           264
      

NOTE: Table WORK._MOVR_CORE created, with 114 rows and 2 columns.

NOTE: Table WORK._MOVR_XOK0 created, with 0 rows and 2 columns.

NOTE: PROCEDURE SQL used (Total process time):
      real time           0.00 seconds
      user cpu time       0.00 seconds
      system cpu time     0.00 seconds
      memory              6977.37k
      OS Memory           31660.00k
      Timestamp           08/26/2026 06:54:37 PM
      Step Count                        943  Switch Count  5
      Page Faults                       0
      Page Reclaims                     413
      Page Swaps                        0
      Voluntary Context Switches        35
      Involuntary Context Switches      1
      Block Input Operations            0
      Block Output Operations           536
      


NOTE: There were 0 observations read from the data set WORK._MOVR_XOK0.
NOTE: The data set WORK._MOVR_XOK has 0 observations and 3 variables.
NOTE: DATA statement used (Total process time):
      real time           0.00 seconds
      user cpu time       0.00 seconds
      system cpu time     0.00 seconds
      memory              796.50k
      OS Memory           26536.00k
      Timestamp           08/26/2026 06:54:37 PM
      Step Count                        944  Switch Count  2
      Page Faults                       0
351                                                        The SAS System                     Wednesday, August 26, 2026 11:54:37 AM

      Page Reclaims                     121
      Page Swaps                        0
      Voluntary Context Switches        11
      Involuntary Context Switches      0
      Block Input Operations            0
      Block Output Operations           264
      

NOTE: Table WORK._MOVR_XSLOT created, with 0 rows and 3 columns.

NOTE: Table WORK._MOVR_CSLOT created, with 114 rows and 3 columns.

NOTE: Table WORK._MOVR_UNION created, with 114 rows and 3 columns.

NOTE: Table WORK._MOVR_FINAL created, with 115 rows and 2 columns.

NOTE: Table WORK._MOVR_DEDUP created, with 115 rows and 2 columns.

NOTE: The query as specified involves ordering by an item that doesn't appear in its SELECT clause.
NOTE: PROCEDURE SQL used (Total process time):
      real time           0.01 seconds
      user cpu time       0.02 seconds
      system cpu time     0.00 seconds
      memory              6767.31k
      OS Memory           31660.00k
      Timestamp           08/26/2026 06:54:37 PM
      Step Count                        945  Switch Count  10
      Page Faults                       0
      Page Reclaims                     940
      Page Swaps                        0
      Voluntary Context Switches        79
      Involuntary Context Switches      2
      Block Input Operations            0
      Block Output Operations           1344
      


NOTE: There were 83652 observations read from the data set WORK._ADM_LB32.
NOTE: The data set ADAM.ADLB has 83652 observations and 115 variables.
NOTE: DATA statement used (Total process time):
      real time           1.61 seconds
      user cpu time       0.02 seconds
      system cpu time     0.19 seconds
      memory              3683.96k
      OS Memory           29608.00k
      Timestamp           08/26/2026 06:54:38 PM
      Step Count                        946  Switch Count  1
      Page Faults                       0
      Page Reclaims                     598
      Page Swaps                        0
      Voluntary Context Switches        4840
      Involuntary Context Switches      13
      Block Input Operations            0
      Block Output Operations           363016
      


NOTE: Deleting WORK._MOVR_PREF (memtype=DATA).
352                                                        The SAS System                     Wednesday, August 26, 2026 11:54:38 AM

NOTE: Deleting WORK._MOVR_HAVE (memtype=DATA).
NOTE: Deleting WORK._MOVR_EXTRA (memtype=DATA).
NOTE: Deleting WORK._MOVR_CORE (memtype=DATA).
NOTE: Deleting WORK._MOVR_XOK (memtype=DATA).
NOTE: Deleting WORK._MOVR_XSLOT (memtype=DATA).
NOTE: Deleting WORK._MOVR_CSLOT (memtype=DATA).
NOTE: Deleting WORK._MOVR_UNION (memtype=DATA).
NOTE: Deleting WORK._MOVR_FINAL (memtype=DATA).
NOTE: Deleting WORK._MOVR_DEDUP (memtype=DATA).
NOTE: PROCEDURE DATASETS used (Total process time):
      real time           0.00 seconds
      user cpu time       0.01 seconds
      system cpu time     0.00 seconds
      memory              432.87k
      OS Memory           26276.00k
      Timestamp           08/26/2026 06:54:38 PM
      Step Count                        947  Switch Count  20
      Page Faults                       0
      Page Reclaims                     48
      Page Swaps                        0
      Voluntary Context Switches        93
      Involuntary Context Switches      0
      Block Input Operations            0
      Block Output Operations           8
      

NOTE: m_order_vars_like_ref done -> adam.adlb

NOTE: There were 83652 observations read from the data set ADAM.ADLB.
NOTE: The data set ADAM.ADLB has 83652 observations and 115 variables.
NOTE: PROCEDURE SORT used (Total process time):
      real time           4.45 seconds
      user cpu time       0.07 seconds
      system cpu time     0.35 seconds
      memory              196252.78k
      OS Memory           221040.00k
      Timestamp           08/26/2026 06:54:43 PM
      Step Count                        948  Switch Count  9
      Page Faults                       0
      Page Reclaims                     48597
      Page Swaps                        0
      Voluntary Context Switches        6290
      Involuntary Context Switches      12
      Block Input Operations            0
      Block Output Operations           363016
      


NOTE: Deleting WORK._ADM_LB_PARAM_LOOKUP (memtype=DATA).
NOTE: Deleting WORK._ADM_LB0 (memtype=DATA).
NOTE: Deleting WORK._ADM_LB0B (memtype=DATA).
NOTE: Deleting WORK._ADM_LB01 (memtype=DATA).
NOTE: Deleting WORK._ADM_LB02 (memtype=DATA).
NOTE: Deleting WORK._ADM_LB03 (memtype=DATA).
NOTE: Deleting WORK._ADM_LB04 (memtype=DATA).
NOTE: Deleting WORK._ADM_LB05 (memtype=DATA).
NOTE: Deleting WORK._ADM_LB06A (memtype=DATA).
NOTE: Deleting WORK._ADM_LB06 (memtype=DATA).
353                                                        The SAS System                     Wednesday, August 26, 2026 11:54:43 AM

NOTE: Deleting WORK._ADM_LB07A (memtype=DATA).
NOTE: Deleting WORK._ADM_LB07 (memtype=DATA).
NOTE: Deleting WORK._ADM_LB08 (memtype=DATA).
NOTE: Deleting WORK._ADM_LB09 (memtype=DATA).
NOTE: Deleting WORK._ADM_LB10 (memtype=DATA).
NOTE: Deleting WORK._ADM_LB11 (memtype=DATA).
NOTE: Deleting WORK._ADM_LB12 (memtype=DATA).
NOTE: Deleting WORK._ADM_LB13 (memtype=DATA).
NOTE: Deleting WORK._ADM_LB14 (memtype=DATA).
NOTE: Deleting WORK._ADM_LB15 (memtype=DATA).
NOTE: Deleting WORK._ADM_LB16 (memtype=DATA).
NOTE: Deleting WORK._ADM_LB17 (memtype=DATA).
NOTE: Deleting WORK._ADM_LB18 (memtype=DATA).
NOTE: Deleting WORK._ADM_LB19A (memtype=DATA).
NOTE: Deleting WORK._ADM_LB19B (memtype=DATA).
NOTE: Deleting WORK._ADM_LB19C (memtype=DATA).
NOTE: Deleting WORK._ADM_LB19 (memtype=DATA).
NOTE: Deleting WORK._ADM_LB20 (memtype=DATA).
NOTE: Deleting WORK._ADM_LB21 (memtype=DATA).
NOTE: Deleting WORK._ADM_LB22 (memtype=DATA).
NOTE: Deleting WORK._ADM_LB23 (memtype=DATA).
NOTE: Deleting WORK._ADM_LB24A (memtype=DATA).
NOTE: Deleting WORK._ADM_LB24 (memtype=DATA).
NOTE: Deleting WORK._ADM_LB25 (memtype=DATA).
NOTE: Deleting WORK._ADM_LB26 (memtype=DATA).
NOTE: Deleting WORK._ADM_LB27 (memtype=DATA).
NOTE: Deleting WORK._ADM_LB28 (memtype=DATA).
NOTE: Deleting WORK._ADM_LB29 (memtype=DATA).
NOTE: Deleting WORK._ADM_LB30 (memtype=DATA).
NOTE: Deleting WORK._ADM_LB31 (memtype=DATA).
NOTE: Deleting WORK._ADM_LB31P (memtype=DATA).
NOTE: Deleting WORK._ADM_LB32 (memtype=DATA).
NOTE: PROCEDURE DATASETS used (Total process time):
      real time           0.28 seconds
      user cpu time       0.02 seconds
      system cpu time     0.26 seconds
      memory              433.96k
      OS Memory           26276.00k
      Timestamp           08/26/2026 06:54:43 PM
      Step Count                        949  Switch Count  84
      Page Faults                       0
      Page Reclaims                     48
      Page Swaps                        0
      Voluntary Context Switches        379
      Involuntary Context Switches      65
      Block Input Operations            0
      Block Output Operations           16
      

NOTE: adam.adlb has 83652 observations.
NOTE: m_adlb_admiral_mirror complete -> adam.adlb
NOTE: ADTTE out of scope for Part B.

