NOTE: PROCEDURE PRINTTO used (Total process time):
      real time           0.00 seconds
      user cpu time       0.00 seconds
      system cpu time     0.00 seconds
      memory              111.75k
      OS Memory           27808.00k
      Timestamp           08/26/2026 09:48:42 PM
      Step Count                        1504  Switch Count  0
      Page Faults                       0
      Page Reclaims                     16
      Page Swaps                        0
      Voluntary Context Switches        7
      Involuntary Context Switches      0
      Block Input Operations            0
      Block Output Operations           0
      

NOTE: ===== run_qc_compare_pva_oda starting (Track B / PVA) =====
NOTE: PVA gold = ref_pva.refadsl refadae refadcm refadvs refadeg refadlb
NOTE: (from proc copy of ref*.xpt - Unix ODA member names are typically lowercase)
NOTE: ADTTE out of scope for Part A/B core safety QC.
NOTE: SUCCESS ADSL/ADAE - digest status=PASS value_diffs=0 keysrc=CALLER
NOTE: SUCCESS proof - NOTE Promoted date-scale *DTM with n_scale>0 on ref working copies

NOTE: The data set WORK._QC_ALL_MIS has 0 observations and 17 variables.
NOTE: DATA statement used (Total process time):
      real time           0.00 seconds
      user cpu time       0.00 seconds
      system cpu time     0.00 seconds
      memory              508.84k
      OS Memory           28068.00k
      Timestamp           08/26/2026 09:48:42 PM
      Step Count                        1505  Switch Count  2
      Page Faults                       0
      Page Reclaims                     87
      Page Swaps                        0
      Voluntary Context Switches        10
      Involuntary Context Switches      0
      Block Input Operations            0
      Block Output Operations           264
      


8                                                          The SAS System                     Wednesday, August 26, 2026 02:48:42 PM

NOTE: The data set WORK.QC_PROCOMPARE_DIGEST has 0 observations and 4 variables.
NOTE: DATA statement used (Total process time):
      real time           0.00 seconds
      user cpu time       0.00 seconds
      system cpu time     0.00 seconds
      memory              528.81k
      OS Memory           28068.00k
      Timestamp           08/26/2026 09:48:42 PM
      Step Count                        1506  Switch Count  2
      Page Faults                       0
      Page Reclaims                     87
      Page Swaps                        0
      Voluntary Context Switches        10
      Involuntary Context Switches      0
      Block Input Operations            0
      Block Output Operations           264
      

NOTE: [ADSL] Masking from QC: ITTFL EFFFL COMPL8FL COMPL16FL COMPL24FL
NOTE: ===== COMPARE ADSL: SAS n=306  REF n=306 =====
NOTE: [ADSL] Row counts match (n=306) - proceeding to key match and value compare.
NOTE: [ADSL] keysrc=CALLER - ignoring adam/ref SORTEDBY - using sortkeys=USUBJID tiebreak=
NOTE: [ADSL] MATCH KEY source=CALLER sortkeys=USUBJID tiebreak= plus derived _KEYSEQ

NOTE: There were 306 observations read from the data set ADAM.ADSL.
NOTE: The data set WORK._QC_SAS has 306 observations and 59 variables.
NOTE: DATA statement used (Total process time):
      real time           0.01 seconds
      user cpu time       0.00 seconds
      system cpu time     0.01 seconds
      memory              1187.43k
      OS Memory           28328.00k
      Timestamp           08/26/2026 09:48:42 PM
      Step Count                        1507  Switch Count  2
      Page Faults                       0
      Page Reclaims                     91
      Page Swaps                        0
      Voluntary Context Switches        17
      Involuntary Context Switches      0
      Block Input Operations            0
      Block Output Operations           520
      


NOTE: There were 306 observations read from the data set REF_PVA.REFADSL.
NOTE: The data set WORK._QC_REF has 306 observations and 55 variables.
NOTE: DATA statement used (Total process time):
      real time           0.01 seconds
      user cpu time       0.00 seconds
      system cpu time     0.01 seconds
      memory              1184.40k
      OS Memory           28328.00k
      Timestamp           08/26/2026 09:48:42 PM
      Step Count                        1508  Switch Count  2
      Page Faults                       0
      Page Reclaims                     91
      Page Swaps                        0
      Voluntary Context Switches        17
9                                                          The SAS System                     Wednesday, August 26, 2026 02:48:42 PM

      Involuntary Context Switches      0
      Block Input Operations            0
      Block Output Operations           520
      

NOTE: PROCEDURE SQL used (Total process time):
      real time           0.00 seconds
      user cpu time       0.00 seconds
      system cpu time     0.00 seconds
      memory              5654.06k
      OS Memory           33192.00k
      Timestamp           08/26/2026 09:48:42 PM
      Step Count                        1509  Switch Count  0
      Page Faults                       0
      Page Reclaims                     52
      Page Swaps                        0
      Voluntary Context Switches        0
      Involuntary Context Switches      0
      Block Input Operations            0
      Block Output Operations           0
      

NOTE: [ADSL] SAS key USUBJID already uppercase (or all missing).
NOTE: PROCEDURE SQL used (Total process time):
      real time           0.00 seconds
      user cpu time       0.00 seconds
      system cpu time     0.01 seconds
      memory              5654.53k
      OS Memory           33192.00k
      Timestamp           08/26/2026 09:48:42 PM
      Step Count                        1510  Switch Count  0
      Page Faults                       0
      Page Reclaims                     52
      Page Swaps                        0
      Voluntary Context Switches        0
      Involuntary Context Switches      0
      Block Input Operations            0
      Block Output Operations           0
      

NOTE: [ADSL] REF key USUBJID already uppercase (or all missing).

NOTE: There were 306 observations read from the data set WORK._QC_SAS.
NOTE: The data set WORK._QC_SAS has 306 observations and 59 variables.
NOTE: DATA statement used (Total process time):
      real time           0.00 seconds
      user cpu time       0.00 seconds
      system cpu time     0.00 seconds
      memory              1196.96k
      OS Memory           28328.00k
      Timestamp           08/26/2026 09:48:42 PM
      Step Count                        1511  Switch Count  2
      Page Faults                       0
      Page Reclaims                     91
      Page Swaps                        0
      Voluntary Context Switches        10
      Involuntary Context Switches      0
      Block Input Operations            0
10                                                         The SAS System                     Wednesday, August 26, 2026 02:48:42 PM

      Block Output Operations           520
      

NOTE: [ADSL] Key USUBJID upcased and stripped on _qc_sas for case-safe match

NOTE: There were 306 observations read from the data set WORK._QC_REF.
NOTE: The data set WORK._QC_REF has 306 observations and 55 variables.
NOTE: DATA statement used (Total process time):
      real time           0.00 seconds
      user cpu time       0.00 seconds
      system cpu time     0.00 seconds
      memory              1196.31k
      OS Memory           28328.00k
      Timestamp           08/26/2026 09:48:42 PM
      Step Count                        1512  Switch Count  2
      Page Faults                       0
      Page Reclaims                     91
      Page Swaps                        0
      Voluntary Context Switches        10
      Involuntary Context Switches      0
      Block Input Operations            0
      Block Output Operations           520
      

NOTE: [ADSL] Key USUBJID upcased and stripped on _qc_ref for case-safe match

NOTE: Missing values were generated as a result of performing an operation on missing values.
      Each place is given by: (Number of times) at (Line):(Column).
      254 at 3446:60   52 at 3446:60    54 at 3446:60    52 at 3446:60    52 at 3446:60    303 at 3446:60   
NOTE: There were 306 observations read from the data set WORK._QC_SAS.
NOTE: The data set WORK._QC_SAS has 306 observations and 59 variables.
NOTE: DATA statement used (Total process time):
      real time           0.00 seconds
      user cpu time       0.01 seconds
      system cpu time     0.00 seconds
      memory              1220.62k
      OS Memory           28328.00k
      Timestamp           08/26/2026 09:48:42 PM
      Step Count                        1513  Switch Count  2
      Page Faults                       0
      Page Reclaims                     91
      Page Swaps                        0
      Voluntary Context Switches        11
      Involuntary Context Switches      0
      Block Input Operations            0
      Block Output Operations           520
      


NOTE: Missing values were generated as a result of performing an operation on missing values.
      Each place is given by: (Number of times) at (Line):(Column).
      254 at 3446:60   52 at 3446:60    54 at 3446:60    52 at 3446:60    52 at 3446:60    303 at 3446:60   
NOTE: There were 306 observations read from the data set WORK._QC_REF.
NOTE: The data set WORK._QC_REF has 306 observations and 55 variables.
NOTE: DATA statement used (Total process time):
      real time           0.00 seconds
      user cpu time       0.00 seconds
      system cpu time     0.00 seconds
11                                                         The SAS System                     Wednesday, August 26, 2026 02:48:42 PM

      memory              1216.65k
      OS Memory           28328.00k
      Timestamp           08/26/2026 09:48:42 PM
      Step Count                        1514  Switch Count  2
      Page Faults                       0
      Page Reclaims                     91
      Page Swaps                        0
      Voluntary Context Switches        10
      Involuntary Context Switches      0
      Block Input Operations            0
      Block Output Operations           520
      

NOTE: [ADSL] m_qc_norm_dtm_scale starting on _qc_sas vars=TRTSDTM TRTEDTM

NOTE: There were 306 observations read from the data set WORK._QC_SAS.
NOTE: The data set WORK._QC_SAS has 306 observations and 59 variables.
NOTE: DATA statement used (Total process time):
      real time           0.00 seconds
      user cpu time       0.00 seconds
      system cpu time     0.00 seconds
      memory              1216.75k
      OS Memory           28328.00k
      Timestamp           08/26/2026 09:48:42 PM
      Step Count                        1515  Switch Count  2
      Page Faults                       0
      Page Reclaims                     91
      Page Swaps                        0
      Voluntary Context Switches        10
      Involuntary Context Switches      0
      Block Input Operations            0
      Block Output Operations           520
      

NOTE: [ADSL] Promoted date-scale *DTM on _qc_sas - vars=TRTSDTM TRTEDTM n_scale=0 n_midnight=252 (XPT Date vs SAS datetime).
NOTE: [ADSL] m_qc_norm_dtm_scale starting on _qc_ref vars=TRTSDTM TRTEDTM

NOTE: There were 306 observations read from the data set WORK._QC_REF.
NOTE: The data set WORK._QC_REF has 306 observations and 55 variables.
NOTE: DATA statement used (Total process time):
      real time           0.00 seconds
      user cpu time       0.01 seconds
      system cpu time     0.00 seconds
      memory              1219.56k
      OS Memory           28328.00k
      Timestamp           08/26/2026 09:48:42 PM
      Step Count                        1516  Switch Count  2
      Page Faults                       0
      Page Reclaims                     91
      Page Swaps                        0
      Voluntary Context Switches        10
      Involuntary Context Switches      0
      Block Input Operations            0
      Block Output Operations           520
      

NOTE: [ADSL] Promoted date-scale *DTM on _qc_ref - vars=TRTSDTM TRTEDTM n_scale=506 n_midnight=0 (XPT Date vs SAS datetime).

12                                                         The SAS System                     Wednesday, August 26, 2026 02:48:42 PM

NOTE: There were 306 observations read from the data set WORK._QC_SAS.
NOTE: The data set WORK._QC_SAS has 306 observations and 59 variables.
NOTE: PROCEDURE SORT used (Total process time):
      real time           0.00 seconds
      user cpu time       0.00 seconds
      system cpu time     0.00 seconds
      memory              1580.62k
      OS Memory           28848.00k
      Timestamp           08/26/2026 09:48:42 PM
      Step Count                        1517  Switch Count  2
      Page Faults                       0
      Page Reclaims                     108
      Page Swaps                        0
      Voluntary Context Switches        10
      Involuntary Context Switches      0
      Block Input Operations            0
      Block Output Operations           520
      


NOTE: There were 306 observations read from the data set WORK._QC_SAS.
NOTE: The data set WORK._QC_SAS has 306 observations and 60 variables.
NOTE: DATA statement used (Total process time):
      real time           0.00 seconds
      user cpu time       0.00 seconds
      system cpu time     0.00 seconds
      memory              1194.06k
      OS Memory           28328.00k
      Timestamp           08/26/2026 09:48:42 PM
      Step Count                        1518  Switch Count  2
      Page Faults                       0
      Page Reclaims                     91
      Page Swaps                        0
      Voluntary Context Switches        10
      Involuntary Context Switches      1
      Block Input Operations            0
      Block Output Operations           520
      


NOTE: There were 306 observations read from the data set WORK._QC_SAS.
NOTE: The data set WORK._QC_SAS has 306 observations and 60 variables.
NOTE: PROCEDURE SORT used (Total process time):
      real time           0.00 seconds
      user cpu time       0.00 seconds
      system cpu time     0.00 seconds
      memory              1580.03k
      OS Memory           28848.00k
      Timestamp           08/26/2026 09:48:42 PM
      Step Count                        1519  Switch Count  2
      Page Faults                       0
      Page Reclaims                     109
      Page Swaps                        0
      Voluntary Context Switches        10
      Involuntary Context Switches      1
      Block Input Operations            0
      Block Output Operations           520
      
13                                                         The SAS System                     Wednesday, August 26, 2026 02:48:42 PM



NOTE: There were 306 observations read from the data set WORK._QC_REF.
NOTE: The data set WORK._QC_REF has 306 observations and 55 variables.
NOTE: PROCEDURE SORT used (Total process time):
      real time           0.00 seconds
      user cpu time       0.00 seconds
      system cpu time     0.00 seconds
      memory              1592.59k
      OS Memory           28848.00k
      Timestamp           08/26/2026 09:48:42 PM
      Step Count                        1520  Switch Count  2
      Page Faults                       0
      Page Reclaims                     92
      Page Swaps                        0
      Voluntary Context Switches        10
      Involuntary Context Switches      0
      Block Input Operations            0
      Block Output Operations           520
      


NOTE: There were 306 observations read from the data set WORK._QC_REF.
NOTE: The data set WORK._QC_REF has 306 observations and 56 variables.
NOTE: DATA statement used (Total process time):
      real time           0.00 seconds
      user cpu time       0.01 seconds
      system cpu time     0.01 seconds
      memory              1196.75k
      OS Memory           28328.00k
      Timestamp           08/26/2026 09:48:42 PM
      Step Count                        1521  Switch Count  2
      Page Faults                       0
      Page Reclaims                     91
      Page Swaps                        0
      Voluntary Context Switches        10
      Involuntary Context Switches      0
      Block Input Operations            0
      Block Output Operations           520
      


NOTE: There were 306 observations read from the data set WORK._QC_REF.
NOTE: The data set WORK._QC_REF has 306 observations and 56 variables.
NOTE: PROCEDURE SORT used (Total process time):
      real time           0.00 seconds
      user cpu time       0.00 seconds
      system cpu time     0.00 seconds
      memory              1591.37k
      OS Memory           28848.00k
      Timestamp           08/26/2026 09:48:42 PM
      Step Count                        1522  Switch Count  2
      Page Faults                       0
      Page Reclaims                     93
      Page Swaps                        0
      Voluntary Context Switches        10
      Involuntary Context Switches      1
      Block Input Operations            0
14                                                         The SAS System                     Wednesday, August 26, 2026 02:48:42 PM

      Block Output Operations           520
      

NOTE: PROCEDURE SQL used (Total process time):
      real time           0.00 seconds
      user cpu time       0.00 seconds
      system cpu time     0.00 seconds
      memory              5677.46k
      OS Memory           33192.00k
      Timestamp           08/26/2026 09:48:42 PM
      Step Count                        1523  Switch Count  0
      Page Faults                       0
      Page Reclaims                     90
      Page Swaps                        0
      Voluntary Context Switches        0
      Involuntary Context Switches      0
      Block Input Operations            0
      Block Output Operations           0
      

NOTE: [ADSL] Sort key USUBJID is unique on both sides.

NOTE: There were 306 observations read from the data set WORK._QC_SAS.
NOTE: There were 306 observations read from the data set WORK._QC_REF.
NOTE: The data set WORK._QC_KEYS has 0 observations and 3 variables.
NOTE: DATA statement used (Total process time):
      real time           0.00 seconds
      user cpu time       0.00 seconds
      system cpu time     0.00 seconds
      memory              1535.59k
      OS Memory           28588.00k
      Timestamp           08/26/2026 09:48:42 PM
      Step Count                        1524  Switch Count  2
      Page Faults                       0
      Page Reclaims                     155
      Page Swaps                        0
      Voluntary Context Switches        9
      Involuntary Context Switches      0
      Block Input Operations            0
      Block Output Operations           264
      

NOTE: PROCEDURE SQL used (Total process time):
      real time           0.00 seconds
      user cpu time       0.00 seconds
      system cpu time     0.00 seconds
      memory              5516.78k
      OS Memory           33192.00k
      Timestamp           08/26/2026 09:48:42 PM
      Step Count                        1525  Switch Count  0
      Page Faults                       0
      Page Reclaims                     90
      Page Swaps                        0
      Voluntary Context Switches        0
      Involuntary Context Switches      0
      Block Input Operations            0
      Block Output Operations           0
      
15                                                         The SAS System                     Wednesday, August 26, 2026 02:48:42 PM


NOTE: [ADSL] key orphans SAS_ONLY=0 REF_ONLY=0 on key USUBJID

NOTE: Numeric values have been converted to character values at the places given by: (Line):(Column).
      3446:1   3446:1   3446:1   3446:1   3446:1   3446:1   3446:1   3446:1   3446:1   3446:1   3446:1   3446:1   3446:1   3446:1
      3446:1   3446:1   3446:1   3446:1   3446:1   3446:1   3446:1   3446:1   3446:1   3446:1   3446:1   3446:1   3446:1   3446:1
      3446:1   3446:1   3446:1   3446:1   3446:1   3446:1   
NOTE: There were 306 observations read from the data set WORK._QC_SAS.
NOTE: There were 306 observations read from the data set WORK._QC_REF.
NOTE: The data set WORK._QC_MIS has 0 observations and 6 variables.
NOTE: DATA statement used (Total process time):
      real time           0.01 seconds
      user cpu time       0.01 seconds
      system cpu time     0.00 seconds
      memory              2455.56k
      OS Memory           29480.00k
      Timestamp           08/26/2026 09:48:42 PM
      Step Count                        1526  Switch Count  2
      Page Faults                       0
      Page Reclaims                     301
      Page Swaps                        0
      Voluntary Context Switches        9
      Involuntary Context Switches      0
      Block Input Operations            0
      Block Output Operations           264
      

NOTE: PROCEDURE SQL used (Total process time):
      real time           0.00 seconds
      user cpu time       0.01 seconds
      system cpu time     0.00 seconds
      memory              5457.50k
      OS Memory           33192.00k
      Timestamp           08/26/2026 09:48:42 PM
      Step Count                        1527  Switch Count  0
      Page Faults                       0
      Page Reclaims                     52
      Page Swaps                        0
      Voluntary Context Switches        0
      Involuntary Context Switches      0
      Block Input Operations            0
      Block Output Operations           0
      

NOTE: [ADSL] value mismatches=0
NOTE: [ADSL] COMPARE PASSED

NOTE: Appending WORK._QC_MIS to WORK._QC_ALL_MIS.
WARNING: Variable USUBJID has different lengths on BASE and DATA files (BASE 40 DATA 11).
WARNING: Variable PARAMCD was not found on DATA file.
WARNING: Variable AVISIT was not found on DATA file.
WARNING: Variable AEDECOD was not found on DATA file.
WARNING: Variable CMDECOD was not found on DATA file.
WARNING: Variable AESEQ was not found on DATA file.
WARNING: Variable VSSEQ was not found on DATA file.
WARNING: Variable EGSEQ was not found on DATA file.
WARNING: Variable CMSEQ was not found on DATA file.
WARNING: Variable LBSEQ was not found on DATA file.
16                                                         The SAS System                     Wednesday, August 26, 2026 02:48:42 PM

WARNING: Variable ADT was not found on DATA file.
WARNING: Variable ASTDT was not found on DATA file.
NOTE: There were 0 observations read from the data set WORK._QC_MIS.
NOTE: 0 observations added.
NOTE: The data set WORK._QC_ALL_MIS has 0 observations and 17 variables.
NOTE: PROCEDURE APPEND used (Total process time):
      real time           0.00 seconds
      user cpu time       0.00 seconds
      system cpu time     0.00 seconds
      memory              967.59k
      OS Memory           28588.00k
      Timestamp           08/26/2026 09:48:42 PM
      Step Count                        1528  Switch Count  0
      Page Faults                       0
      Page Reclaims                     116
      Page Swaps                        0
      Voluntary Context Switches        0
      Involuntary Context Switches      0
      Block Input Operations            0
      Block Output Operations           8
      

NOTE: ===== COMPARE ADSL: n_sas(compare)=306  n_ref(base)=306 =====
NOTE: [PROC COMPARE ADSL] Row counts match (n=306) - proceeding to key match and value compare.
NOTE: [ADSL] keysrc=CALLER - ignoring adam/ref SORTEDBY - using sortkeys=USUBJID tiebreak=
NOTE: [ADSL] MATCH KEY source=CALLER sortkeys=USUBJID tiebreak= plus derived _KEYSEQ

NOTE: There were 306 observations read from the data set ADAM.ADSL.
NOTE: The data set WORK._PC_COMP has 306 observations and 59 variables.
NOTE: DATA statement used (Total process time):
      real time           0.00 seconds
      user cpu time       0.00 seconds
      system cpu time     0.00 seconds
      memory              1185.37k
      OS Memory           28328.00k
      Timestamp           08/26/2026 09:48:42 PM
      Step Count                        1529  Switch Count  2
      Page Faults                       0
      Page Reclaims                     91
      Page Swaps                        0
      Voluntary Context Switches        17
      Involuntary Context Switches      0
      Block Input Operations            0
      Block Output Operations           520
      


NOTE: There were 306 observations read from the data set REF_PVA.REFADSL.
NOTE: The data set WORK._PC_BASE has 306 observations and 55 variables.
NOTE: DATA statement used (Total process time):
      real time           0.00 seconds
      user cpu time       0.00 seconds
      system cpu time     0.00 seconds
      memory              1181.09k
      OS Memory           28328.00k
      Timestamp           08/26/2026 09:48:42 PM
      Step Count                        1530  Switch Count  2
      Page Faults                       0
17                                                         The SAS System                     Wednesday, August 26, 2026 02:48:42 PM

      Page Reclaims                     91
      Page Swaps                        0
      Voluntary Context Switches        17
      Involuntary Context Switches      0
      Block Input Operations            0
      Block Output Operations           520
      

NOTE: PROCEDURE SQL used (Total process time):
      real time           0.00 seconds
      user cpu time       0.00 seconds
      system cpu time     0.00 seconds
      memory              5654.06k
      OS Memory           33192.00k
      Timestamp           08/26/2026 09:48:42 PM
      Step Count                        1531  Switch Count  0
      Page Faults                       0
      Page Reclaims                     52
      Page Swaps                        0
      Voluntary Context Switches        0
      Involuntary Context Switches      0
      Block Input Operations            0
      Block Output Operations           0
      

NOTE: [ADSL] SAS key USUBJID already uppercase (or all missing).
NOTE: PROCEDURE SQL used (Total process time):
      real time           0.00 seconds
      user cpu time       0.00 seconds
      system cpu time     0.00 seconds
      memory              5654.53k
      OS Memory           33192.00k
      Timestamp           08/26/2026 09:48:42 PM
      Step Count                        1532  Switch Count  0
      Page Faults                       0
      Page Reclaims                     52
      Page Swaps                        0
      Voluntary Context Switches        0
      Involuntary Context Switches      0
      Block Input Operations            0
      Block Output Operations           0
      

NOTE: [ADSL] REF key USUBJID already uppercase (or all missing).

NOTE: There were 306 observations read from the data set WORK._PC_COMP.
NOTE: The data set WORK._PC_COMP has 306 observations and 59 variables.
NOTE: DATA statement used (Total process time):
      real time           0.00 seconds
      user cpu time       0.00 seconds
      system cpu time     0.00 seconds
      memory              1196.96k
      OS Memory           28328.00k
      Timestamp           08/26/2026 09:48:42 PM
      Step Count                        1533  Switch Count  2
      Page Faults                       0
      Page Reclaims                     91
      Page Swaps                        0
18                                                         The SAS System                     Wednesday, August 26, 2026 02:48:42 PM

      Voluntary Context Switches        10
      Involuntary Context Switches      0
      Block Input Operations            0
      Block Output Operations           520
      

NOTE: [ADSL] Key USUBJID upcased and stripped on _pc_comp for case-safe match

NOTE: There were 306 observations read from the data set WORK._PC_BASE.
NOTE: The data set WORK._PC_BASE has 306 observations and 55 variables.
NOTE: DATA statement used (Total process time):
      real time           0.00 seconds
      user cpu time       0.00 seconds
      system cpu time     0.00 seconds
      memory              1196.31k
      OS Memory           28328.00k
      Timestamp           08/26/2026 09:48:42 PM
      Step Count                        1534  Switch Count  2
      Page Faults                       0
      Page Reclaims                     91
      Page Swaps                        0
      Voluntary Context Switches        10
      Involuntary Context Switches      0
      Block Input Operations            0
      Block Output Operations           520
      

NOTE: [ADSL] Key USUBJID upcased and stripped on _pc_base for case-safe match

NOTE: Missing values were generated as a result of performing an operation on missing values.
      Each place is given by: (Number of times) at (Line):(Column).
      254 at 3446:60   52 at 3446:60    54 at 3446:60    52 at 3446:60    52 at 3446:60    303 at 3446:60   
NOTE: There were 306 observations read from the data set WORK._PC_COMP.
NOTE: The data set WORK._PC_COMP has 306 observations and 59 variables.
NOTE: DATA statement used (Total process time):
      real time           0.00 seconds
      user cpu time       0.00 seconds
      system cpu time     0.00 seconds
      memory              1220.68k
      OS Memory           28328.00k
      Timestamp           08/26/2026 09:48:42 PM
      Step Count                        1535  Switch Count  2
      Page Faults                       0
      Page Reclaims                     91
      Page Swaps                        0
      Voluntary Context Switches        10
      Involuntary Context Switches      0
      Block Input Operations            0
      Block Output Operations           528
      


NOTE: Missing values were generated as a result of performing an operation on missing values.
      Each place is given by: (Number of times) at (Line):(Column).
      254 at 3446:60   52 at 3446:60    54 at 3446:60    52 at 3446:60    52 at 3446:60    303 at 3446:60   
NOTE: There were 306 observations read from the data set WORK._PC_BASE.
NOTE: The data set WORK._PC_BASE has 306 observations and 55 variables.
NOTE: DATA statement used (Total process time):
19                                                         The SAS System                     Wednesday, August 26, 2026 02:48:43 PM

      real time           0.00 seconds
      user cpu time       0.00 seconds
      system cpu time     0.00 seconds
      memory              1216.65k
      OS Memory           28328.00k
      Timestamp           08/26/2026 09:48:43 PM
      Step Count                        1536  Switch Count  2
      Page Faults                       0
      Page Reclaims                     91
      Page Swaps                        0
      Voluntary Context Switches        10
      Involuntary Context Switches      0
      Block Input Operations            0
      Block Output Operations           520
      

NOTE: [ADSL] m_qc_norm_dtm_scale starting on _pc_comp vars=TRTSDTM TRTEDTM

NOTE: There were 306 observations read from the data set WORK._PC_COMP.
NOTE: The data set WORK._PC_COMP has 306 observations and 59 variables.
NOTE: DATA statement used (Total process time):
      real time           0.00 seconds
      user cpu time       0.00 seconds
      system cpu time     0.00 seconds
      memory              1216.75k
      OS Memory           28328.00k
      Timestamp           08/26/2026 09:48:43 PM
      Step Count                        1537  Switch Count  2
      Page Faults                       0
      Page Reclaims                     91
      Page Swaps                        0
      Voluntary Context Switches        10
      Involuntary Context Switches      0
      Block Input Operations            0
      Block Output Operations           520
      

NOTE: [ADSL] Promoted date-scale *DTM on _pc_comp - vars=TRTSDTM TRTEDTM n_scale=0 n_midnight=252 (XPT Date vs SAS datetime).
NOTE: [ADSL] m_qc_norm_dtm_scale starting on _pc_base vars=TRTSDTM TRTEDTM

NOTE: There were 306 observations read from the data set WORK._PC_BASE.
NOTE: The data set WORK._PC_BASE has 306 observations and 55 variables.
NOTE: DATA statement used (Total process time):
      real time           0.00 seconds
      user cpu time       0.00 seconds
      system cpu time     0.00 seconds
      memory              1219.56k
      OS Memory           28328.00k
      Timestamp           08/26/2026 09:48:43 PM
      Step Count                        1538  Switch Count  2
      Page Faults                       0
      Page Reclaims                     91
      Page Swaps                        0
      Voluntary Context Switches        10
      Involuntary Context Switches      1
      Block Input Operations            0
      Block Output Operations           520
      
20                                                         The SAS System                     Wednesday, August 26, 2026 02:48:43 PM


NOTE: [ADSL] Promoted date-scale *DTM on _pc_base - vars=TRTSDTM TRTEDTM n_scale=506 n_midnight=0 (XPT Date vs SAS datetime).

NOTE: There were 306 observations read from the data set WORK._PC_COMP.
NOTE: The data set WORK._PC_COMP has 306 observations and 59 variables.
NOTE: PROCEDURE SORT used (Total process time):
      real time           0.00 seconds
      user cpu time       0.00 seconds
      system cpu time     0.00 seconds
      memory              1580.81k
      OS Memory           28848.00k
      Timestamp           08/26/2026 09:48:43 PM
      Step Count                        1539  Switch Count  2
      Page Faults                       0
      Page Reclaims                     108
      Page Swaps                        0
      Voluntary Context Switches        10
      Involuntary Context Switches      0
      Block Input Operations            0
      Block Output Operations           520
      


NOTE: There were 306 observations read from the data set WORK._PC_COMP.
NOTE: The data set WORK._PC_COMP has 306 observations and 60 variables.
NOTE: DATA statement used (Total process time):
      real time           0.00 seconds
      user cpu time       0.00 seconds
      system cpu time     0.00 seconds
      memory              1194.06k
      OS Memory           28328.00k
      Timestamp           08/26/2026 09:48:43 PM
      Step Count                        1540  Switch Count  2
      Page Faults                       0
      Page Reclaims                     91
      Page Swaps                        0
      Voluntary Context Switches        10
      Involuntary Context Switches      0
      Block Input Operations            0
      Block Output Operations           520
      


NOTE: There were 306 observations read from the data set WORK._PC_COMP.
NOTE: The data set WORK._PC_COMP has 306 observations and 60 variables.
NOTE: PROCEDURE SORT used (Total process time):
      real time           0.00 seconds
      user cpu time       0.00 seconds
      system cpu time     0.00 seconds
      memory              1580.03k
      OS Memory           28848.00k
      Timestamp           08/26/2026 09:48:43 PM
      Step Count                        1541  Switch Count  2
      Page Faults                       0
      Page Reclaims                     109
      Page Swaps                        0
      Voluntary Context Switches        11
      Involuntary Context Switches      0
21                                                         The SAS System                     Wednesday, August 26, 2026 02:48:43 PM

      Block Input Operations            0
      Block Output Operations           520
      


NOTE: There were 306 observations read from the data set WORK._PC_BASE.
NOTE: The data set WORK._PC_BASE has 306 observations and 55 variables.
NOTE: PROCEDURE SORT used (Total process time):
      real time           0.00 seconds
      user cpu time       0.01 seconds
      system cpu time     0.00 seconds
      memory              1592.78k
      OS Memory           28848.00k
      Timestamp           08/26/2026 09:48:43 PM
      Step Count                        1542  Switch Count  2
      Page Faults                       0
      Page Reclaims                     92
      Page Swaps                        0
      Voluntary Context Switches        10
      Involuntary Context Switches      0
      Block Input Operations            0
      Block Output Operations           520
      


NOTE: There were 306 observations read from the data set WORK._PC_BASE.
NOTE: The data set WORK._PC_BASE has 306 observations and 56 variables.
NOTE: DATA statement used (Total process time):
      real time           0.00 seconds
      user cpu time       0.00 seconds
      system cpu time     0.00 seconds
      memory              1196.75k
      OS Memory           28328.00k
      Timestamp           08/26/2026 09:48:43 PM
      Step Count                        1543  Switch Count  2
      Page Faults                       0
      Page Reclaims                     91
      Page Swaps                        0
      Voluntary Context Switches        11
      Involuntary Context Switches      0
      Block Input Operations            0
      Block Output Operations           520
      


NOTE: There were 306 observations read from the data set WORK._PC_BASE.
NOTE: The data set WORK._PC_BASE has 306 observations and 56 variables.
NOTE: PROCEDURE SORT used (Total process time):
      real time           0.00 seconds
      user cpu time       0.00 seconds
      system cpu time     0.01 seconds
      memory              1591.56k
      OS Memory           28848.00k
      Timestamp           08/26/2026 09:48:43 PM
      Step Count                        1544  Switch Count  2
      Page Faults                       0
      Page Reclaims                     93
      Page Swaps                        0
22                                                         The SAS System                     Wednesday, August 26, 2026 02:48:43 PM

      Voluntary Context Switches        11
      Involuntary Context Switches      0
      Block Input Operations            0
      Block Output Operations           520
      

NOTE: PROCEDURE SQL used (Total process time):
      real time           0.00 seconds
      user cpu time       0.00 seconds
      system cpu time     0.00 seconds
      memory              5677.46k
      OS Memory           33192.00k
      Timestamp           08/26/2026 09:48:43 PM
      Step Count                        1545  Switch Count  0
      Page Faults                       0
      Page Reclaims                     90
      Page Swaps                        0
      Voluntary Context Switches        0
      Involuntary Context Switches      0
      Block Input Operations            0
      Block Output Operations           0
      

NOTE: [ADSL] Sort key USUBJID is unique on both sides.
NOTE: [PROC COMPARE ADSL] Applying m_qc_norm_dtm_scale on _pc_base/_pc_comp before PROC COMPARE.
NOTE: [ADSL_pc_base] m_qc_norm_dtm_scale starting on _pc_base vars=TRTSDTM TRTEDTM

NOTE: There were 306 observations read from the data set WORK._PC_BASE.
NOTE: The data set WORK._PC_BASE has 306 observations and 56 variables.
NOTE: DATA statement used (Total process time):
      real time           0.00 seconds
      user cpu time       0.00 seconds
      system cpu time     0.00 seconds
      memory              1219.03k
      OS Memory           28328.00k
      Timestamp           08/26/2026 09:48:43 PM
      Step Count                        1546  Switch Count  2
      Page Faults                       0
      Page Reclaims                     91
      Page Swaps                        0
      Voluntary Context Switches        11
      Involuntary Context Switches      0
      Block Input Operations            0
      Block Output Operations           528
      

NOTE: [ADSL_pc_base] Promoted date-scale *DTM on _pc_base - vars=TRTSDTM TRTEDTM n_scale=0 n_midnight=0 (XPT Date vs SAS datetime).
NOTE: [ADSL_pc_comp] m_qc_norm_dtm_scale starting on _pc_comp vars=TRTSDTM TRTEDTM

NOTE: There were 306 observations read from the data set WORK._PC_COMP.
NOTE: The data set WORK._PC_COMP has 306 observations and 60 variables.
NOTE: DATA statement used (Total process time):
      real time           0.00 seconds
      user cpu time       0.01 seconds
      system cpu time     0.00 seconds
      memory              1217.09k
      OS Memory           28328.00k
      Timestamp           08/26/2026 09:48:43 PM
23                                                         The SAS System                     Wednesday, August 26, 2026 02:48:43 PM

      Step Count                        1547  Switch Count  2
      Page Faults                       0
      Page Reclaims                     91
      Page Swaps                        0
      Voluntary Context Switches        11
      Involuntary Context Switches      0
      Block Input Operations            0
      Block Output Operations           520
      

NOTE: [ADSL_pc_comp] Promoted date-scale *DTM on _pc_comp - vars=TRTSDTM TRTEDTM n_scale=0 n_midnight=0 (XPT Date vs SAS datetime).

NOTE: There were 306 observations read from the data set WORK._PC_BASE.
NOTE: There were 306 observations read from the data set WORK._PC_COMP.
NOTE: The data set WORK._PC_OUT has 0 observations and 57 variables.
NOTE: PROCEDURE COMPARE used (Total process time):
      real time           0.00 seconds
      user cpu time       0.00 seconds
      system cpu time     0.00 seconds
      memory              1573.12k
      OS Memory           28588.00k
      Timestamp           08/26/2026 09:48:43 PM
      Step Count                        1548  Switch Count  2
      Page Faults                       0
      Page Reclaims                     154
      Page Swaps                        0
      Voluntary Context Switches        10
      Involuntary Context Switches      0
      Block Input Operations            0
      Block Output Operations           280
      


NOTE: There were 306 observations read from the data set WORK._PC_BASE.
NOTE: There were 306 observations read from the data set WORK._PC_COMP.
NOTE: The data set WORK._PC_OB has 0 observations and 2 variables.
NOTE: The data set WORK._PC_OC has 0 observations and 2 variables.
NOTE: DATA statement used (Total process time):
      real time           0.00 seconds
      user cpu time       0.00 seconds
      system cpu time     0.00 seconds
      memory              1814.59k
      OS Memory           28848.00k
      Timestamp           08/26/2026 09:48:43 PM
      Step Count                        1549  Switch Count  4
      Page Faults                       0
      Page Reclaims                     219
      Page Swaps                        0
      Voluntary Context Switches        19
      Involuntary Context Switches      0
      Block Input Operations            0
      Block Output Operations           528
      

NOTE: PROCEDURE SQL used (Total process time):
      real time           0.00 seconds
      user cpu time       0.01 seconds
      system cpu time     0.00 seconds
24                                                         The SAS System                     Wednesday, August 26, 2026 02:48:43 PM

      memory              5522.31k
      OS Memory           33192.00k
      Timestamp           08/26/2026 09:48:43 PM
      Step Count                        1550  Switch Count  0
      Page Faults                       0
      Page Reclaims                     90
      Page Swaps                        0
      Voluntary Context Switches        0
      Involuntary Context Switches      0
      Block Input Operations            0
      Block Output Operations           0
      


NOTE: There were 0 observations read from the data set WORK._PC_OUT.
NOTE: The data set WORK._PC_OD has 0 observations and 57 variables.
NOTE: DATA statement used (Total process time):
      real time           0.00 seconds
      user cpu time       0.00 seconds
      system cpu time     0.00 seconds
      memory              968.93k
      OS Memory           28328.00k
      Timestamp           08/26/2026 09:48:43 PM
      Step Count                        1551  Switch Count  2
      Page Faults                       0
      Page Reclaims                     119
      Page Swaps                        0
      Voluntary Context Switches        10
      Involuntary Context Switches      0
      Block Input Operations            0
      Block Output Operations           264
      

NOTE: PROCEDURE SQL used (Total process time):
      real time           0.00 seconds
      user cpu time       0.00 seconds
      system cpu time     0.00 seconds
      memory              5471.78k
      OS Memory           33192.00k
      Timestamp           08/26/2026 09:48:43 PM
      Step Count                        1552  Switch Count  0
      Page Faults                       0
      Page Reclaims                     52
      Page Swaps                        0
      Voluntary Context Switches        0
      Involuntary Context Switches      0
      Block Input Operations            0
      Block Output Operations           0
      

NOTE: [PROC COMPARE ADSL] diffs=0 base_only=0 compare_only=0

NOTE: The data set WORK._PC_ROW has 1 observations and 4 variables.
NOTE: DATA statement used (Total process time):
      real time           0.00 seconds
      user cpu time       0.00 seconds
      system cpu time     0.00 seconds
      memory              819.21k
25                                                         The SAS System                     Wednesday, August 26, 2026 02:48:43 PM

      OS Memory           28344.00k
      Timestamp           08/26/2026 09:48:43 PM
      Step Count                        1553  Switch Count  2
      Page Faults                       0
      Page Reclaims                     156
      Page Swaps                        0
      Voluntary Context Switches        10
      Involuntary Context Switches      0
      Block Input Operations            0
      Block Output Operations           264
      


NOTE: Appending WORK._PC_ROW to WORK.QC_PROCOMPARE_DIGEST.
NOTE: There were 1 observations read from the data set WORK._PC_ROW.
NOTE: 1 observations added.
NOTE: The data set WORK.QC_PROCOMPARE_DIGEST has 1 observations and 4 variables.
NOTE: PROCEDURE APPEND used (Total process time):
      real time           0.00 seconds
      user cpu time       0.01 seconds
      system cpu time     0.00 seconds
      memory              863.68k
      OS Memory           28588.00k
      Timestamp           08/26/2026 09:48:43 PM
      Step Count                        1554  Switch Count  0
      Page Faults                       0
      Page Reclaims                     116
      Page Swaps                        0
      Voluntary Context Switches        0
      Involuntary Context Switches      0
      Block Input Operations            0
      Block Output Operations           8
      


NOTE: The data set WORK._PC_BVARS has 55 observations and 1 variables.
NOTE: PROCEDURE CONTENTS used (Total process time):
      real time           0.00 seconds
      user cpu time       0.00 seconds
      system cpu time     0.00 seconds
      memory              1154.25k
      OS Memory           28588.00k
      Timestamp           08/26/2026 09:48:43 PM
      Step Count                        1555  Switch Count  2
      Page Faults                       0
      Page Reclaims                     149
      Page Swaps                        0
      Voluntary Context Switches        16
      Involuntary Context Switches      0
      Block Input Operations            0
      Block Output Operations           272
      


NOTE: The data set WORK._PC_CVARS has 59 observations and 1 variables.
NOTE: PROCEDURE CONTENTS used (Total process time):
      real time           0.00 seconds
      user cpu time       0.00 seconds
26                                                         The SAS System                     Wednesday, August 26, 2026 02:48:43 PM

      system cpu time     0.00 seconds
      memory              1153.84k
      OS Memory           28588.00k
      Timestamp           08/26/2026 09:48:43 PM
      Step Count                        1556  Switch Count  2
      Page Faults                       0
      Page Reclaims                     149
      Page Swaps                        0
      Voluntary Context Switches        16
      Involuntary Context Switches      0
      Block Input Operations            0
      Block Output Operations           272
      


NOTE: There were 55 observations read from the data set WORK._PC_BVARS.
NOTE: The data set WORK._PC_BVARS has 55 observations and 1 variables.
NOTE: DATA statement used (Total process time):
      real time           0.00 seconds
      user cpu time       0.00 seconds
      system cpu time     0.00 seconds
      memory              809.25k
      OS Memory           28328.00k
      Timestamp           08/26/2026 09:48:43 PM
      Step Count                        1557  Switch Count  2
      Page Faults                       0
      Page Reclaims                     121
      Page Swaps                        0
      Voluntary Context Switches        10
      Involuntary Context Switches      0
      Block Input Operations            0
      Block Output Operations           264
      


NOTE: There were 59 observations read from the data set WORK._PC_CVARS.
NOTE: The data set WORK._PC_CVARS has 59 observations and 1 variables.
NOTE: DATA statement used (Total process time):
      real time           0.00 seconds
      user cpu time       0.00 seconds
      system cpu time     0.00 seconds
      memory              809.25k
      OS Memory           28328.00k
      Timestamp           08/26/2026 09:48:43 PM
      Step Count                        1558  Switch Count  2
      Page Faults                       0
      Page Reclaims                     121
      Page Swaps                        0
      Voluntary Context Switches        10
      Involuntary Context Switches      0
      Block Input Operations            0
      Block Output Operations           272
      

NOTE: Table WORK._PC_VARCLASS created, with 60 rows and 3 columns.

NOTE: PROCEDURE SQL used (Total process time):
      real time           0.00 seconds
27                                                         The SAS System                     Wednesday, August 26, 2026 02:48:43 PM

      user cpu time       0.00 seconds
      system cpu time     0.00 seconds
      memory              5833.18k
      OS Memory           33452.00k
      Timestamp           08/26/2026 09:48:43 PM
      Step Count                        1559  Switch Count  2
      Page Faults                       0
      Page Reclaims                     168
      Page Swaps                        0
      Voluntary Context Switches        10
      Involuntary Context Switches      0
      Block Input Operations            0
      Block Output Operations           288
      


NOTE: There were 60 observations read from the data set WORK._PC_VARCLASS.
NOTE: The data set WORK._PC_VARCLASS has 60 observations and 4 variables.
NOTE: DATA statement used (Total process time):
      real time           0.00 seconds
      user cpu time       0.00 seconds
      system cpu time     0.00 seconds
      memory              829.03k
      OS Memory           28328.00k
      Timestamp           08/26/2026 09:48:43 PM
      Step Count                        1560  Switch Count  2
      Page Faults                       0
      Page Reclaims                     120
      Page Swaps                        0
      Voluntary Context Switches        10
      Involuntary Context Switches      0
      Block Input Operations            0
      Block Output Operations           264
      

NOTE: PROCEDURE SQL used (Total process time):
      real time           0.00 seconds
      user cpu time       0.01 seconds
      system cpu time     0.00 seconds
      memory              5802.31k
      OS Memory           33192.00k
      Timestamp           08/26/2026 09:48:43 PM
      Step Count                        1561  Switch Count  0
      Page Faults                       0
      Page Reclaims                     128
      Page Swaps                        0
      Voluntary Context Switches        0
      Involuntary Context Switches      1
      Block Input Operations            0
      Block Output Operations           0
      

NOTE: [PROC COMPARE ADSL] VARCLASS=20260826A value_unequal=0 pva_only=1 sas_only=5

NOTE: There were 60 observations read from the data set WORK._PC_VARCLASS.
NOTE: DATA statement used (Total process time):
      real time           0.00 seconds
      user cpu time       0.00 seconds
28                                                         The SAS System                     Wednesday, August 26, 2026 02:48:43 PM

      system cpu time     0.00 seconds
      memory              644.78k
      OS Memory           28068.00k
      Timestamp           08/26/2026 09:48:43 PM
      Step Count                        1562  Switch Count  0
      Page Faults                       0
      Page Reclaims                     57
      Page Swaps                        0
      Voluntary Context Switches        0
      Involuntary Context Switches      0
      Block Input Operations            0
      Block Output Operations           0
      


NOTE: There were 60 observations read from the data set WORK._PC_VARCLASS.
NOTE: The data set WORK._PC_VARCLASS has 60 observations and 4 variables.
NOTE: PROCEDURE SORT used (Total process time):
      real time           0.00 seconds
      user cpu time       0.00 seconds
      system cpu time     0.00 seconds
      memory              777.62k
      OS Memory           28328.00k
      Timestamp           08/26/2026 09:48:43 PM
      Step Count                        1563  Switch Count  2
      Page Faults                       0
      Page Reclaims                     112
      Page Swaps                        0
      Voluntary Context Switches        11
      Involuntary Context Switches      0
      Block Input Operations            0
      Block Output Operations           272
      


NOTE: There were 6 observations read from the data set WORK._PC_VARCLASS.
      WHERE class in ('pva_only', 'sas_only', 'value_unequal');
NOTE: PROCEDURE PRINT used (Total process time):
      real time           0.01 seconds
      user cpu time       0.01 seconds
      system cpu time     0.00 seconds
      memory              1541.90k
      OS Memory           28328.00k
      Timestamp           08/26/2026 09:48:43 PM
      Step Count                        1564  Switch Count  0
      Page Faults                       0
      Page Reclaims                     95
      Page Swaps                        0
      Voluntary Context Switches        0
      Involuntary Context Switches      0
      Block Input Operations            0
      Block Output Operations           8
      


NOTE: The file WORK._PC_OD_VARS (memtype=DATA) was not found, but appears on a DELETE statement.
NOTE: The file WORK._PC_VARFREQ (memtype=DATA) was not found, but appears on a DELETE statement.
NOTE: The file WORK._PC_VARCLASS2 (memtype=DATA) was not found, but appears on a DELETE statement.
29                                                         The SAS System                     Wednesday, August 26, 2026 02:48:43 PM

NOTE: Deleting WORK._PC_BASE (memtype=DATA).
NOTE: Deleting WORK._PC_COMP (memtype=DATA).
NOTE: Deleting WORK._PC_OUT (memtype=DATA).
NOTE: Deleting WORK._PC_OB (memtype=DATA).
NOTE: Deleting WORK._PC_OC (memtype=DATA).
NOTE: Deleting WORK._PC_OD (memtype=DATA).
NOTE: Deleting WORK._PC_ROW (memtype=DATA).
NOTE: Deleting WORK._PC_BVARS (memtype=DATA).
NOTE: Deleting WORK._PC_CVARS (memtype=DATA).
NOTE: Deleting WORK._PC_VARCLASS (memtype=DATA).
NOTE: PROCEDURE DATASETS used (Total process time):
      real time           0.00 seconds
      user cpu time       0.01 seconds
      system cpu time     0.00 seconds
      memory              348.56k
      OS Memory           27812.00k
      Timestamp           08/26/2026 09:48:43 PM
      Step Count                        1565  Switch Count  20
      Page Faults                       0
      Page Reclaims                     48
      Page Swaps                        0
      Voluntary Context Switches        94
      Involuntary Context Switches      1
      Block Input Operations            0
      Block Output Operations           8
      

NOTE: ===== COMPARE ADAE: SAS n=1191  REF n=1191 =====
NOTE: [ADAE] Row counts match (n=1191) - proceeding to key match and value compare.
NOTE: [ADAE] keysrc=CALLER - ignoring adam/ref SORTEDBY - using sortkeys=USUBJID ASTDT AEDECOD ASEV AESEQ tiebreak=
NOTE: [ADAE] MATCH KEY source=CALLER sortkeys=USUBJID ASTDT AEDECOD ASEV AESEQ tiebreak= plus derived _KEYSEQ

NOTE: There were 1191 observations read from the data set ADAM.ADAE.
NOTE: The data set WORK._QC_SAS has 1191 observations and 114 variables.
NOTE: DATA statement used (Total process time):
      real time           0.00 seconds
      user cpu time       0.00 seconds
      system cpu time     0.00 seconds
      memory              3610.43k
      OS Memory           31656.00k
      Timestamp           08/26/2026 09:48:43 PM
      Step Count                        1566  Switch Count  2
      Page Faults                       0
      Page Reclaims                     643
      Page Swaps                        0
      Voluntary Context Switches        34
      Involuntary Context Switches      0
      Block Input Operations            0
      Block Output Operations           3848
      


NOTE: There were 1191 observations read from the data set REF_PVA.REFADAE.
NOTE: The data set WORK._QC_REF has 1191 observations and 107 variables.
NOTE: DATA statement used (Total process time):
      real time           0.00 seconds
      user cpu time       0.00 seconds
      system cpu time     0.01 seconds
30                                                         The SAS System                     Wednesday, August 26, 2026 02:48:43 PM

      memory              3459.40k
      OS Memory           31400.00k
      Timestamp           08/26/2026 09:48:43 PM
      Step Count                        1567  Switch Count  2
      Page Faults                       0
      Page Reclaims                     617
      Page Swaps                        0
      Voluntary Context Switches        18
      Involuntary Context Switches      0
      Block Input Operations            0
      Block Output Operations           2568
      

NOTE: PROCEDURE SQL used (Total process time):
      real time           0.00 seconds
      user cpu time       0.00 seconds
      system cpu time     0.00 seconds
      memory              6858.50k
      OS Memory           34216.00k
      Timestamp           08/26/2026 09:48:43 PM
      Step Count                        1568  Switch Count  0
      Page Faults                       0
      Page Reclaims                     279
      Page Swaps                        0
      Voluntary Context Switches        0
      Involuntary Context Switches      0
      Block Input Operations            0
      Block Output Operations           0
      

NOTE: [ADAE] SAS key USUBJID already uppercase (or all missing).
NOTE: PROCEDURE SQL used (Total process time):
      real time           0.00 seconds
      user cpu time       0.01 seconds
      system cpu time     0.00 seconds
      memory              6858.50k
      OS Memory           34216.00k
      Timestamp           08/26/2026 09:48:43 PM
      Step Count                        1569  Switch Count  0
      Page Faults                       0
      Page Reclaims                     279
      Page Swaps                        0
      Voluntary Context Switches        0
      Involuntary Context Switches      2
      Block Input Operations            0
      Block Output Operations           0
      

NOTE: [ADAE] SAS key AEDECOD already uppercase (or all missing).
NOTE: PROCEDURE SQL used (Total process time):
      real time           0.00 seconds
      user cpu time       0.00 seconds
      system cpu time     0.00 seconds
      memory              6858.50k
      OS Memory           34216.00k
      Timestamp           08/26/2026 09:48:43 PM
      Step Count                        1570  Switch Count  0
      Page Faults                       0
31                                                         The SAS System                     Wednesday, August 26, 2026 02:48:43 PM

      Page Reclaims                     279
      Page Swaps                        0
      Voluntary Context Switches        0
      Involuntary Context Switches      1
      Block Input Operations            0
      Block Output Operations           0
      

NOTE: [ADAE] SAS key ASEV already uppercase (or all missing).
NOTE: PROCEDURE SQL used (Total process time):
      real time           0.00 seconds
      user cpu time       0.00 seconds
      system cpu time     0.00 seconds
      memory              6717.34k
      OS Memory           33960.00k
      Timestamp           08/26/2026 09:48:43 PM
      Step Count                        1571  Switch Count  0
      Page Faults                       0
      Page Reclaims                     244
      Page Swaps                        0
      Voluntary Context Switches        0
      Involuntary Context Switches      1
      Block Input Operations            0
      Block Output Operations           0
      

NOTE: [ADAE] REF key USUBJID already uppercase (or all missing).
NOTE: PROCEDURE SQL used (Total process time):
      real time           0.00 seconds
      user cpu time       0.01 seconds
      system cpu time     0.00 seconds
      memory              6717.34k
      OS Memory           33960.00k
      Timestamp           08/26/2026 09:48:43 PM
      Step Count                        1572  Switch Count  0
      Page Faults                       0
      Page Reclaims                     244
      Page Swaps                        0
      Voluntary Context Switches        0
      Involuntary Context Switches      0
      Block Input Operations            0
      Block Output Operations           0
      

NOTE: [ADAE] REF key AEDECOD already uppercase (or all missing).
NOTE: PROCEDURE SQL used (Total process time):
      real time           0.00 seconds
      user cpu time       0.00 seconds
      system cpu time     0.00 seconds
      memory              6717.34k
      OS Memory           33960.00k
      Timestamp           08/26/2026 09:48:43 PM
      Step Count                        1573  Switch Count  0
      Page Faults                       0
      Page Reclaims                     244
      Page Swaps                        0
      Voluntary Context Switches        0
      Involuntary Context Switches      0
32                                                         The SAS System                     Wednesday, August 26, 2026 02:48:43 PM

      Block Input Operations            0
      Block Output Operations           0
      

NOTE: [ADAE] REF key ASEV already uppercase (or all missing).

NOTE: There were 1191 observations read from the data set WORK._QC_SAS.
NOTE: The data set WORK._QC_SAS has 1191 observations and 114 variables.
NOTE: DATA statement used (Total process time):
      real time           0.00 seconds
      user cpu time       0.00 seconds
      system cpu time     0.00 seconds
      memory              3619.43k
      OS Memory           31656.00k
      Timestamp           08/26/2026 09:48:43 PM
      Step Count                        1574  Switch Count  2
      Page Faults                       0
      Page Reclaims                     633
      Page Swaps                        0
      Voluntary Context Switches        11
      Involuntary Context Switches      0
      Block Input Operations            0
      Block Output Operations           3848
      

NOTE: [ADAE] Key USUBJID upcased and stripped on _qc_sas for case-safe match

NOTE: There were 1191 observations read from the data set WORK._QC_SAS.
NOTE: The data set WORK._QC_SAS has 1191 observations and 114 variables.
NOTE: DATA statement used (Total process time):
      real time           0.00 seconds
      user cpu time       0.01 seconds
      system cpu time     0.00 seconds
      memory              3619.62k
      OS Memory           31656.00k
      Timestamp           08/26/2026 09:48:43 PM
      Step Count                        1575  Switch Count  2
      Page Faults                       0
      Page Reclaims                     633
      Page Swaps                        0
      Voluntary Context Switches        11
      Involuntary Context Switches      0
      Block Input Operations            0
      Block Output Operations           3848
      

NOTE: [ADAE] Key AEDECOD upcased and stripped on _qc_sas for case-safe match

NOTE: There were 1191 observations read from the data set WORK._QC_SAS.
NOTE: The data set WORK._QC_SAS has 1191 observations and 114 variables.
NOTE: DATA statement used (Total process time):
      real time           0.00 seconds
      user cpu time       0.00 seconds
      system cpu time     0.00 seconds
      memory              3619.56k
      OS Memory           31656.00k
      Timestamp           08/26/2026 09:48:43 PM
      Step Count                        1576  Switch Count  2
33                                                         The SAS System                     Wednesday, August 26, 2026 02:48:43 PM

      Page Faults                       0
      Page Reclaims                     633
      Page Swaps                        0
      Voluntary Context Switches        11
      Involuntary Context Switches      1
      Block Input Operations            0
      Block Output Operations           3848
      

NOTE: [ADAE] Key ASEV upcased and stripped on _qc_sas for case-safe match

NOTE: There were 1191 observations read from the data set WORK._QC_REF.
NOTE: The data set WORK._QC_REF has 1191 observations and 107 variables.
NOTE: DATA statement used (Total process time):
      real time           0.00 seconds
      user cpu time       0.01 seconds
      system cpu time     0.01 seconds
      memory              3472.43k
      OS Memory           31400.00k
      Timestamp           08/26/2026 09:48:43 PM
      Step Count                        1577  Switch Count  2
      Page Faults                       0
      Page Reclaims                     616
      Page Swaps                        0
      Voluntary Context Switches        10
      Involuntary Context Switches      1
      Block Input Operations            0
      Block Output Operations           2568
      

NOTE: [ADAE] Key USUBJID upcased and stripped on _qc_ref for case-safe match

NOTE: There were 1191 observations read from the data set WORK._QC_REF.
NOTE: The data set WORK._QC_REF has 1191 observations and 107 variables.
NOTE: DATA statement used (Total process time):
      real time           0.00 seconds
      user cpu time       0.00 seconds
      system cpu time     0.00 seconds
      memory              3472.50k
      OS Memory           31400.00k
      Timestamp           08/26/2026 09:48:43 PM
      Step Count                        1578  Switch Count  2
      Page Faults                       0
      Page Reclaims                     616
      Page Swaps                        0
      Voluntary Context Switches        11
      Involuntary Context Switches      0
      Block Input Operations            0
      Block Output Operations           2568
      

NOTE: [ADAE] Key AEDECOD upcased and stripped on _qc_ref for case-safe match

NOTE: There were 1191 observations read from the data set WORK._QC_REF.
NOTE: The data set WORK._QC_REF has 1191 observations and 107 variables.
NOTE: DATA statement used (Total process time):
      real time           0.00 seconds
      user cpu time       0.01 seconds
34                                                         The SAS System                     Wednesday, August 26, 2026 02:48:43 PM

      system cpu time     0.00 seconds
      memory              3472.43k
      OS Memory           31400.00k
      Timestamp           08/26/2026 09:48:43 PM
      Step Count                        1579  Switch Count  2
      Page Faults                       0
      Page Reclaims                     616
      Page Swaps                        0
      Voluntary Context Switches        11
      Involuntary Context Switches      2
      Block Input Operations            0
      Block Output Operations           2568
      

NOTE: [ADAE] Key ASEV upcased and stripped on _qc_ref for case-safe match

NOTE: Missing values were generated as a result of performing an operation on missing values.
      Each place is given by: (Number of times) at (Line):(Column).
      1191 at 3446:60   1180 at 3446:60   473 at 3446:60    65 at 3446:60     
NOTE: There were 1191 observations read from the data set WORK._QC_SAS.
NOTE: The data set WORK._QC_SAS has 1191 observations and 114 variables.
NOTE: DATA statement used (Total process time):
      real time           0.00 seconds
      user cpu time       0.01 seconds
      system cpu time     0.00 seconds
      memory              3656.03k
      OS Memory           31656.00k
      Timestamp           08/26/2026 09:48:43 PM
      Step Count                        1580  Switch Count  2
      Page Faults                       0
      Page Reclaims                     633
      Page Swaps                        0
      Voluntary Context Switches        11
      Involuntary Context Switches      0
      Block Input Operations            0
      Block Output Operations           3848
      


NOTE: Missing values were generated as a result of performing an operation on missing values.
      Each place is given by: (Number of times) at (Line):(Column).
      1191 at 3446:60   1180 at 3446:60   473 at 3446:60    
NOTE: There were 1191 observations read from the data set WORK._QC_REF.
NOTE: The data set WORK._QC_REF has 1191 observations and 107 variables.
NOTE: DATA statement used (Total process time):
      real time           0.00 seconds
      user cpu time       0.00 seconds
      system cpu time     0.00 seconds
      memory              3502.56k
      OS Memory           31400.00k
      Timestamp           08/26/2026 09:48:43 PM
      Step Count                        1581  Switch Count  2
      Page Faults                       0
      Page Reclaims                     616
      Page Swaps                        0
      Voluntary Context Switches        11
      Involuntary Context Switches      0
      Block Input Operations            0
35                                                         The SAS System                     Wednesday, August 26, 2026 02:48:43 PM

      Block Output Operations           2576
      

NOTE: [ADAE] m_qc_norm_dtm_scale starting on _qc_sas vars=TRTSDTM TRTEDTM ASTDTM AENDTM LDOSEDTM

NOTE: There were 1191 observations read from the data set WORK._QC_SAS.
NOTE: The data set WORK._QC_SAS has 1191 observations and 114 variables.
NOTE: DATA statement used (Total process time):
      real time           0.00 seconds
      user cpu time       0.01 seconds
      system cpu time     0.01 seconds
      memory              3678.09k
      OS Memory           31656.00k
      Timestamp           08/26/2026 09:48:43 PM
      Step Count                        1582  Switch Count  2
      Page Faults                       0
      Page Reclaims                     633
      Page Swaps                        0
      Voluntary Context Switches        11
      Involuntary Context Switches      1
      Block Input Operations            0
      Block Output Operations           3848
      

NOTE: [ADAE] Promoted date-scale *DTM on _qc_sas - vars=TRTSDTM TRTEDTM ASTDTM AENDTM LDOSEDTM n_scale=0 n_midnight=1909 (XPT Date 
vs SAS datetime).
NOTE: [ADAE] m_qc_norm_dtm_scale starting on _qc_ref vars=TRTSDTM TRTEDTM ASTDTM AENDTM LDOSEDTM

NOTE: There were 1191 observations read from the data set WORK._QC_REF.
NOTE: The data set WORK._QC_REF has 1191 observations and 107 variables.
NOTE: DATA statement used (Total process time):
      real time           0.00 seconds
      user cpu time       0.00 seconds
      system cpu time     0.00 seconds
      memory              3525.31k
      OS Memory           31400.00k
      Timestamp           08/26/2026 09:48:43 PM
      Step Count                        1583  Switch Count  2
      Page Faults                       0
      Page Reclaims                     616
      Page Swaps                        0
      Voluntary Context Switches        10
      Involuntary Context Switches      0
      Block Input Operations            0
      Block Output Operations           2568
      

NOTE: [ADAE] Promoted date-scale *DTM on _qc_ref - vars=TRTSDTM TRTEDTM ASTDTM AENDTM LDOSEDTM n_scale=5417 n_midnight=0 (XPT Date 
vs SAS datetime).

NOTE: There were 1191 observations read from the data set WORK._QC_SAS.
NOTE: The data set WORK._QC_SAS has 1191 observations and 114 variables.
NOTE: PROCEDURE SORT used (Total process time):
      real time           0.00 seconds
      user cpu time       0.00 seconds
      system cpu time     0.00 seconds
      memory              5414.28k
      OS Memory           32696.00k
36                                                         The SAS System                     Wednesday, August 26, 2026 02:48:43 PM

      Timestamp           08/26/2026 09:48:43 PM
      Step Count                        1584  Switch Count  2
      Page Faults                       0
      Page Reclaims                     977
      Page Swaps                        0
      Voluntary Context Switches        11
      Involuntary Context Switches      0
      Block Input Operations            0
      Block Output Operations           3848
      


NOTE: There were 1191 observations read from the data set WORK._QC_SAS.
NOTE: The data set WORK._QC_SAS has 1191 observations and 115 variables.
NOTE: DATA statement used (Total process time):
      real time           0.00 seconds
      user cpu time       0.01 seconds
      system cpu time     0.00 seconds
      memory              3642.37k
      OS Memory           31656.00k
      Timestamp           08/26/2026 09:48:43 PM
      Step Count                        1585  Switch Count  2
      Page Faults                       0
      Page Reclaims                     633
      Page Swaps                        0
      Voluntary Context Switches        11
      Involuntary Context Switches      0
      Block Input Operations            0
      Block Output Operations           3856
      


NOTE: There were 1191 observations read from the data set WORK._QC_SAS.
NOTE: The data set WORK._QC_SAS has 1191 observations and 115 variables.
NOTE: PROCEDURE SORT used (Total process time):
      real time           0.00 seconds
      user cpu time       0.00 seconds
      system cpu time     0.00 seconds
      memory              5414.00k
      OS Memory           32696.00k
      Timestamp           08/26/2026 09:48:43 PM
      Step Count                        1586  Switch Count  2
      Page Faults                       0
      Page Reclaims                     983
      Page Swaps                        0
      Voluntary Context Switches        11
      Involuntary Context Switches      0
      Block Input Operations            0
      Block Output Operations           3848
      


NOTE: There were 1191 observations read from the data set WORK._QC_REF.
NOTE: The data set WORK._QC_REF has 1191 observations and 107 variables.
NOTE: PROCEDURE SORT used (Total process time):
      real time           0.00 seconds
      user cpu time       0.00 seconds
      system cpu time     0.00 seconds
37                                                         The SAS System                     Wednesday, August 26, 2026 02:48:43 PM

      memory              4243.56k
      OS Memory           31668.00k
      Timestamp           08/26/2026 09:48:43 PM
      Step Count                        1587  Switch Count  2
      Page Faults                       0
      Page Reclaims                     802
      Page Swaps                        0
      Voluntary Context Switches        11
      Involuntary Context Switches      0
      Block Input Operations            0
      Block Output Operations           2568
      


NOTE: There were 1191 observations read from the data set WORK._QC_REF.
NOTE: The data set WORK._QC_REF has 1191 observations and 108 variables.
NOTE: DATA statement used (Total process time):
      real time           0.00 seconds
      user cpu time       0.01 seconds
      system cpu time     0.00 seconds
      memory              3493.34k
      OS Memory           31400.00k
      Timestamp           08/26/2026 09:48:43 PM
      Step Count                        1588  Switch Count  2
      Page Faults                       0
      Page Reclaims                     613
      Page Swaps                        0
      Voluntary Context Switches        10
      Involuntary Context Switches      0
      Block Input Operations            0
      Block Output Operations           2568
      


NOTE: There were 1191 observations read from the data set WORK._QC_REF.
NOTE: The data set WORK._QC_REF has 1191 observations and 108 variables.
NOTE: PROCEDURE SORT used (Total process time):
      real time           0.00 seconds
      user cpu time       0.00 seconds
      system cpu time     0.00 seconds
      memory              4243.09k
      OS Memory           31668.00k
      Timestamp           08/26/2026 09:48:43 PM
      Step Count                        1589  Switch Count  2
      Page Faults                       0
      Page Reclaims                     802
      Page Swaps                        0
      Voluntary Context Switches        10
      Involuntary Context Switches      0
      Block Input Operations            0
      Block Output Operations           2568
      

NOTE: PROCEDURE SQL used (Total process time):
      real time           0.00 seconds
      user cpu time       0.00 seconds
      system cpu time     0.00 seconds
      memory              6819.90k
38                                                         The SAS System                     Wednesday, August 26, 2026 02:48:43 PM

      OS Memory           34216.00k
      Timestamp           08/26/2026 09:48:43 PM
      Step Count                        1590  Switch Count  0
      Page Faults                       0
      Page Reclaims                     509
      Page Swaps                        0
      Voluntary Context Switches        0
      Involuntary Context Switches      0
      Block Input Operations            0
      Block Output Operations           0
      

NOTE: [ADAE] Sort key USUBJID ASTDT AEDECOD ASEV AESEQ is unique on both sides.

NOTE: There were 1191 observations read from the data set WORK._QC_SAS.
NOTE: There were 1191 observations read from the data set WORK._QC_REF.
NOTE: The data set WORK._QC_KEYS has 0 observations and 7 variables.
NOTE: DATA statement used (Total process time):
      real time           0.00 seconds
      user cpu time       0.00 seconds
      system cpu time     0.01 seconds
      memory              3824.81k
      OS Memory           31148.00k
      Timestamp           08/26/2026 09:48:43 PM
      Step Count                        1591  Switch Count  2
      Page Faults                       0
      Page Reclaims                     679
      Page Swaps                        0
      Voluntary Context Switches        11
      Involuntary Context Switches      0
      Block Input Operations            0
      Block Output Operations           264
      

NOTE: PROCEDURE SQL used (Total process time):
      real time           0.00 seconds
      user cpu time       0.01 seconds
      system cpu time     0.00 seconds
      memory              5519.31k
      OS Memory           33192.00k
      Timestamp           08/26/2026 09:48:43 PM
      Step Count                        1592  Switch Count  0
      Page Faults                       0
      Page Reclaims                     90
      Page Swaps                        0
      Voluntary Context Switches        0
      Involuntary Context Switches      0
      Block Input Operations            0
      Block Output Operations           0
      

NOTE: [ADAE] key orphans SAS_ONLY=0 REF_ONLY=0 on key USUBJID ASTDT AEDECOD ASEV AESEQ

NOTE: Numeric values have been converted to character values at the places given by: (Line):(Column).
      3446:1   3446:1   3446:1   3446:1   3446:1   3446:1   3446:1   3446:1   3446:1   3446:1   3446:1   3446:1   3446:1   3446:1
      3446:1   3446:1   3446:1   3446:1   
NOTE: There were 1191 observations read from the data set WORK._QC_SAS.
NOTE: There were 1191 observations read from the data set WORK._QC_REF.
39                                                         The SAS System                     Wednesday, August 26, 2026 02:48:43 PM

NOTE: The data set WORK._QC_MIS has 0 observations and 10 variables.
NOTE: DATA statement used (Total process time):
      real time           0.01 seconds
      user cpu time       0.00 seconds
      system cpu time     0.00 seconds
      memory              4426.21k
      OS Memory           31544.00k
      Timestamp           08/26/2026 09:48:43 PM
      Step Count                        1593  Switch Count  2
      Page Faults                       0
      Page Reclaims                     763
      Page Swaps                        0
      Voluntary Context Switches        12
      Involuntary Context Switches      2
      Block Input Operations            0
      Block Output Operations           264
      

NOTE: PROCEDURE SQL used (Total process time):
      real time           0.00 seconds
      user cpu time       0.01 seconds
      system cpu time     0.00 seconds
      memory              5459.03k
      OS Memory           33192.00k
      Timestamp           08/26/2026 09:48:43 PM
      Step Count                        1594  Switch Count  0
      Page Faults                       0
      Page Reclaims                     52
      Page Swaps                        0
      Voluntary Context Switches        0
      Involuntary Context Switches      0
      Block Input Operations            0
      Block Output Operations           0
      

NOTE: [ADAE] value mismatches=0
NOTE: [ADAE] COMPARE PASSED

NOTE: Appending WORK._QC_MIS to WORK._QC_ALL_MIS.
WARNING: Variable ASEV was not found on BASE file. The variable will not be added to the BASE file.
WARNING: Variable USUBJID has different lengths on BASE and DATA files (BASE 40 DATA 11).
WARNING: Variable PARAMCD was not found on DATA file.
WARNING: Variable AVISIT was not found on DATA file.
WARNING: Variable AEDECOD has different lengths on BASE and DATA files (BASE 200 DATA 46).
WARNING: Variable CMDECOD was not found on DATA file.
WARNING: Variable VSSEQ was not found on DATA file.
WARNING: Variable EGSEQ was not found on DATA file.
WARNING: Variable CMSEQ was not found on DATA file.
WARNING: Variable LBSEQ was not found on DATA file.
WARNING: Variable ADT was not found on DATA file.
NOTE: FORCE is specified, so dropping/truncating will occur.
NOTE: There were 0 observations read from the data set WORK._QC_MIS.
NOTE: 0 observations added.
NOTE: The data set WORK._QC_ALL_MIS has 0 observations and 17 variables.
NOTE: PROCEDURE APPEND used (Total process time):
      real time           0.00 seconds
      user cpu time       0.00 seconds
      system cpu time     0.00 seconds
40                                                         The SAS System                     Wednesday, August 26, 2026 02:48:43 PM

      memory              971.37k
      OS Memory           28588.00k
      Timestamp           08/26/2026 09:48:43 PM
      Step Count                        1595  Switch Count  0
      Page Faults                       0
      Page Reclaims                     116
      Page Swaps                        0
      Voluntary Context Switches        0
      Involuntary Context Switches      0
      Block Input Operations            0
      Block Output Operations           8
      

NOTE: ===== COMPARE ADAE: n_sas(compare)=1191  n_ref(base)=1191 =====
NOTE: [PROC COMPARE ADAE] Row counts match (n=1191) - proceeding to key match and value compare.
NOTE: [ADAE] keysrc=CALLER - ignoring adam/ref SORTEDBY - using sortkeys=USUBJID ASTDT AEDECOD ASEV AESEQ tiebreak=
NOTE: [ADAE] MATCH KEY source=CALLER sortkeys=USUBJID ASTDT AEDECOD ASEV AESEQ tiebreak= plus derived _KEYSEQ

NOTE: There were 1191 observations read from the data set ADAM.ADAE.
NOTE: The data set WORK._PC_COMP has 1191 observations and 114 variables.
NOTE: DATA statement used (Total process time):
      real time           0.00 seconds
      user cpu time       0.00 seconds
      system cpu time     0.00 seconds
      memory              3610.81k
      OS Memory           31656.00k
      Timestamp           08/26/2026 09:48:43 PM
      Step Count                        1596  Switch Count  2
      Page Faults                       0
      Page Reclaims                     633
      Page Swaps                        0
      Voluntary Context Switches        19
      Involuntary Context Switches      1
      Block Input Operations            0
      Block Output Operations           3848
      


NOTE: There were 1191 observations read from the data set REF_PVA.REFADAE.
NOTE: The data set WORK._PC_BASE has 1191 observations and 107 variables.
NOTE: DATA statement used (Total process time):
      real time           0.00 seconds
      user cpu time       0.01 seconds
      system cpu time     0.00 seconds
      memory              3459.40k
      OS Memory           31400.00k
      Timestamp           08/26/2026 09:48:43 PM
      Step Count                        1597  Switch Count  2
      Page Faults                       0
      Page Reclaims                     616
      Page Swaps                        0
      Voluntary Context Switches        19
      Involuntary Context Switches      0
      Block Input Operations            0
      Block Output Operations           2568
      

NOTE: PROCEDURE SQL used (Total process time):
41                                                         The SAS System                     Wednesday, August 26, 2026 02:48:43 PM

      real time           0.00 seconds
      user cpu time       0.00 seconds
      system cpu time     0.00 seconds
      memory              6858.50k
      OS Memory           34216.00k
      Timestamp           08/26/2026 09:48:43 PM
      Step Count                        1598  Switch Count  0
      Page Faults                       0
      Page Reclaims                     279
      Page Swaps                        0
      Voluntary Context Switches        0
      Involuntary Context Switches      0
      Block Input Operations            0
      Block Output Operations           0
      

NOTE: [ADAE] SAS key USUBJID already uppercase (or all missing).
NOTE: PROCEDURE SQL used (Total process time):
      real time           0.00 seconds
      user cpu time       0.00 seconds
      system cpu time     0.00 seconds
      memory              6858.50k
      OS Memory           34216.00k
      Timestamp           08/26/2026 09:48:43 PM
      Step Count                        1599  Switch Count  0
      Page Faults                       0
      Page Reclaims                     279
      Page Swaps                        0
      Voluntary Context Switches        0
      Involuntary Context Switches      0
      Block Input Operations            0
      Block Output Operations           0
      

NOTE: [ADAE] SAS key AEDECOD already uppercase (or all missing).
NOTE: PROCEDURE SQL used (Total process time):
      real time           0.00 seconds
      user cpu time       0.00 seconds
      system cpu time     0.00 seconds
      memory              6858.50k
      OS Memory           34216.00k
      Timestamp           08/26/2026 09:48:43 PM
      Step Count                        1600  Switch Count  0
      Page Faults                       0
      Page Reclaims                     279
      Page Swaps                        0
      Voluntary Context Switches        0
      Involuntary Context Switches      1
      Block Input Operations            0
      Block Output Operations           0
      

NOTE: [ADAE] SAS key ASEV already uppercase (or all missing).
NOTE: PROCEDURE SQL used (Total process time):
      real time           0.00 seconds
      user cpu time       0.01 seconds
      system cpu time     0.00 seconds
      memory              6717.34k
42                                                         The SAS System                     Wednesday, August 26, 2026 02:48:43 PM

      OS Memory           33960.00k
      Timestamp           08/26/2026 09:48:43 PM
      Step Count                        1601  Switch Count  0
      Page Faults                       0
      Page Reclaims                     244
      Page Swaps                        0
      Voluntary Context Switches        0
      Involuntary Context Switches      1
      Block Input Operations            0
      Block Output Operations           0
      

NOTE: [ADAE] REF key USUBJID already uppercase (or all missing).
NOTE: PROCEDURE SQL used (Total process time):
      real time           0.00 seconds
      user cpu time       0.00 seconds
      system cpu time     0.00 seconds
      memory              6717.34k
      OS Memory           33960.00k
      Timestamp           08/26/2026 09:48:43 PM
      Step Count                        1602  Switch Count  0
      Page Faults                       0
      Page Reclaims                     244
      Page Swaps                        0
      Voluntary Context Switches        0
      Involuntary Context Switches      0
      Block Input Operations            0
      Block Output Operations           0
      

NOTE: [ADAE] REF key AEDECOD already uppercase (or all missing).
NOTE: PROCEDURE SQL used (Total process time):
      real time           0.00 seconds
      user cpu time       0.00 seconds
      system cpu time     0.01 seconds
      memory              6717.34k
      OS Memory           33960.00k
      Timestamp           08/26/2026 09:48:43 PM
      Step Count                        1603  Switch Count  0
      Page Faults                       0
      Page Reclaims                     244
      Page Swaps                        0
      Voluntary Context Switches        0
      Involuntary Context Switches      0
      Block Input Operations            0
      Block Output Operations           8
      

NOTE: [ADAE] REF key ASEV already uppercase (or all missing).

NOTE: There were 1191 observations read from the data set WORK._PC_COMP.
NOTE: The data set WORK._PC_COMP has 1191 observations and 114 variables.
NOTE: DATA statement used (Total process time):
      real time           0.00 seconds
      user cpu time       0.01 seconds
      system cpu time     0.00 seconds
      memory              3619.43k
      OS Memory           31656.00k
43                                                         The SAS System                     Wednesday, August 26, 2026 02:48:43 PM

      Timestamp           08/26/2026 09:48:43 PM
      Step Count                        1604  Switch Count  2
      Page Faults                       0
      Page Reclaims                     633
      Page Swaps                        0
      Voluntary Context Switches        10
      Involuntary Context Switches      0
      Block Input Operations            0
      Block Output Operations           3848
      

NOTE: [ADAE] Key USUBJID upcased and stripped on _pc_comp for case-safe match

NOTE: There were 1191 observations read from the data set WORK._PC_COMP.
NOTE: The data set WORK._PC_COMP has 1191 observations and 114 variables.
NOTE: DATA statement used (Total process time):
      real time           0.00 seconds
      user cpu time       0.00 seconds
      system cpu time     0.00 seconds
      memory              3619.62k
      OS Memory           31656.00k
      Timestamp           08/26/2026 09:48:43 PM
      Step Count                        1605  Switch Count  2
      Page Faults                       0
      Page Reclaims                     633
      Page Swaps                        0
      Voluntary Context Switches        10
      Involuntary Context Switches      0
      Block Input Operations            0
      Block Output Operations           3848
      

NOTE: [ADAE] Key AEDECOD upcased and stripped on _pc_comp for case-safe match

NOTE: There were 1191 observations read from the data set WORK._PC_COMP.
NOTE: The data set WORK._PC_COMP has 1191 observations and 114 variables.
NOTE: DATA statement used (Total process time):
      real time           0.00 seconds
      user cpu time       0.00 seconds
      system cpu time     0.01 seconds
      memory              3619.56k
      OS Memory           31656.00k
      Timestamp           08/26/2026 09:48:43 PM
      Step Count                        1606  Switch Count  2
      Page Faults                       0
      Page Reclaims                     633
      Page Swaps                        0
      Voluntary Context Switches        10
      Involuntary Context Switches      0
      Block Input Operations            0
      Block Output Operations           3848
      

NOTE: [ADAE] Key ASEV upcased and stripped on _pc_comp for case-safe match

NOTE: There were 1191 observations read from the data set WORK._PC_BASE.
NOTE: The data set WORK._PC_BASE has 1191 observations and 107 variables.
NOTE: DATA statement used (Total process time):
44                                                         The SAS System                     Wednesday, August 26, 2026 02:48:43 PM

      real time           0.00 seconds
      user cpu time       0.01 seconds
      system cpu time     0.00 seconds
      memory              3472.43k
      OS Memory           31400.00k
      Timestamp           08/26/2026 09:48:43 PM
      Step Count                        1607  Switch Count  2
      Page Faults                       0
      Page Reclaims                     616
      Page Swaps                        0
      Voluntary Context Switches        10
      Involuntary Context Switches      1
      Block Input Operations            0
      Block Output Operations           2568
      

NOTE: [ADAE] Key USUBJID upcased and stripped on _pc_base for case-safe match

NOTE: There were 1191 observations read from the data set WORK._PC_BASE.
NOTE: The data set WORK._PC_BASE has 1191 observations and 107 variables.
NOTE: DATA statement used (Total process time):
      real time           0.00 seconds
      user cpu time       0.00 seconds
      system cpu time     0.00 seconds
      memory              3472.50k
      OS Memory           31400.00k
      Timestamp           08/26/2026 09:48:43 PM
      Step Count                        1608  Switch Count  2
      Page Faults                       0
      Page Reclaims                     616
      Page Swaps                        0
      Voluntary Context Switches        10
      Involuntary Context Switches      1
      Block Input Operations            0
      Block Output Operations           2568
      

NOTE: [ADAE] Key AEDECOD upcased and stripped on _pc_base for case-safe match

NOTE: There were 1191 observations read from the data set WORK._PC_BASE.
NOTE: The data set WORK._PC_BASE has 1191 observations and 107 variables.
NOTE: DATA statement used (Total process time):
      real time           0.00 seconds
      user cpu time       0.01 seconds
      system cpu time     0.00 seconds
      memory              3472.43k
      OS Memory           31400.00k
      Timestamp           08/26/2026 09:48:43 PM
      Step Count                        1609  Switch Count  2
      Page Faults                       0
      Page Reclaims                     616
      Page Swaps                        0
      Voluntary Context Switches        10
      Involuntary Context Switches      2
      Block Input Operations            0
      Block Output Operations           2568
      

45                                                         The SAS System                     Wednesday, August 26, 2026 02:48:43 PM

NOTE: [ADAE] Key ASEV upcased and stripped on _pc_base for case-safe match

NOTE: Missing values were generated as a result of performing an operation on missing values.
      Each place is given by: (Number of times) at (Line):(Column).
      1191 at 3446:60   1180 at 3446:60   473 at 3446:60    65 at 3446:60     
NOTE: There were 1191 observations read from the data set WORK._PC_COMP.
NOTE: The data set WORK._PC_COMP has 1191 observations and 114 variables.
NOTE: DATA statement used (Total process time):
      real time           0.00 seconds
      user cpu time       0.01 seconds
      system cpu time     0.00 seconds
      memory              3656.03k
      OS Memory           31656.00k
      Timestamp           08/26/2026 09:48:43 PM
      Step Count                        1610  Switch Count  2
      Page Faults                       0
      Page Reclaims                     633
      Page Swaps                        0
      Voluntary Context Switches        11
      Involuntary Context Switches      0
      Block Input Operations            0
      Block Output Operations           3848
      


NOTE: Missing values were generated as a result of performing an operation on missing values.
      Each place is given by: (Number of times) at (Line):(Column).
      1191 at 3446:60   1180 at 3446:60   473 at 3446:60    
NOTE: There were 1191 observations read from the data set WORK._PC_BASE.
NOTE: The data set WORK._PC_BASE has 1191 observations and 107 variables.
NOTE: DATA statement used (Total process time):
      real time           0.00 seconds
      user cpu time       0.01 seconds
      system cpu time     0.00 seconds
      memory              3502.56k
      OS Memory           31400.00k
      Timestamp           08/26/2026 09:48:43 PM
      Step Count                        1611  Switch Count  2
      Page Faults                       0
      Page Reclaims                     616
      Page Swaps                        0
      Voluntary Context Switches        11
      Involuntary Context Switches      0
      Block Input Operations            0
      Block Output Operations           2568
      

NOTE: [ADAE] m_qc_norm_dtm_scale starting on _pc_comp vars=TRTSDTM TRTEDTM ASTDTM AENDTM LDOSEDTM

NOTE: There were 1191 observations read from the data set WORK._PC_COMP.
NOTE: The data set WORK._PC_COMP has 1191 observations and 114 variables.
NOTE: DATA statement used (Total process time):
      real time           0.00 seconds
      user cpu time       0.00 seconds
      system cpu time     0.00 seconds
      memory              3678.09k
      OS Memory           31656.00k
      Timestamp           08/26/2026 09:48:43 PM
46                                                         The SAS System                     Wednesday, August 26, 2026 02:48:43 PM

      Step Count                        1612  Switch Count  2
      Page Faults                       0
      Page Reclaims                     633
      Page Swaps                        0
      Voluntary Context Switches        11
      Involuntary Context Switches      1
      Block Input Operations            0
      Block Output Operations           3848
      

NOTE: [ADAE] Promoted date-scale *DTM on _pc_comp - vars=TRTSDTM TRTEDTM ASTDTM AENDTM LDOSEDTM n_scale=0 n_midnight=1909 (XPT Date 
vs SAS datetime).
NOTE: [ADAE] m_qc_norm_dtm_scale starting on _pc_base vars=TRTSDTM TRTEDTM ASTDTM AENDTM LDOSEDTM

NOTE: There were 1191 observations read from the data set WORK._PC_BASE.
NOTE: The data set WORK._PC_BASE has 1191 observations and 107 variables.
NOTE: DATA statement used (Total process time):
      real time           0.00 seconds
      user cpu time       0.01 seconds
      system cpu time     0.00 seconds
      memory              3525.31k
      OS Memory           31400.00k
      Timestamp           08/26/2026 09:48:43 PM
      Step Count                        1613  Switch Count  2
      Page Faults                       0
      Page Reclaims                     616
      Page Swaps                        0
      Voluntary Context Switches        11
      Involuntary Context Switches      1
      Block Input Operations            0
      Block Output Operations           2568
      

NOTE: [ADAE] Promoted date-scale *DTM on _pc_base - vars=TRTSDTM TRTEDTM ASTDTM AENDTM LDOSEDTM n_scale=5417 n_midnight=0 (XPT Date 
vs SAS datetime).

NOTE: There were 1191 observations read from the data set WORK._PC_COMP.
NOTE: The data set WORK._PC_COMP has 1191 observations and 114 variables.
NOTE: PROCEDURE SORT used (Total process time):
      real time           0.00 seconds
      user cpu time       0.00 seconds
      system cpu time     0.00 seconds
      memory              5414.31k
      OS Memory           32696.00k
      Timestamp           08/26/2026 09:48:43 PM
      Step Count                        1614  Switch Count  2
      Page Faults                       0
      Page Reclaims                     977
      Page Swaps                        0
      Voluntary Context Switches        11
      Involuntary Context Switches      0
      Block Input Operations            0
      Block Output Operations           3848
      


NOTE: There were 1191 observations read from the data set WORK._PC_COMP.
NOTE: The data set WORK._PC_COMP has 1191 observations and 115 variables.
47                                                         The SAS System                     Wednesday, August 26, 2026 02:48:43 PM

NOTE: DATA statement used (Total process time):
      real time           0.00 seconds
      user cpu time       0.01 seconds
      system cpu time     0.01 seconds
      memory              3642.37k
      OS Memory           31656.00k
      Timestamp           08/26/2026 09:48:43 PM
      Step Count                        1615  Switch Count  2
      Page Faults                       0
      Page Reclaims                     633
      Page Swaps                        0
      Voluntary Context Switches        12
      Involuntary Context Switches      1
      Block Input Operations            0
      Block Output Operations           3848
      


NOTE: There were 1191 observations read from the data set WORK._PC_COMP.
NOTE: The data set WORK._PC_COMP has 1191 observations and 115 variables.
NOTE: PROCEDURE SORT used (Total process time):
      real time           0.00 seconds
      user cpu time       0.00 seconds
      system cpu time     0.00 seconds
      memory              5413.96k
      OS Memory           32696.00k
      Timestamp           08/26/2026 09:48:43 PM
      Step Count                        1616  Switch Count  2
      Page Faults                       0
      Page Reclaims                     983
      Page Swaps                        0
      Voluntary Context Switches        11
      Involuntary Context Switches      0
      Block Input Operations            0
      Block Output Operations           3856
      


NOTE: There were 1191 observations read from the data set WORK._PC_BASE.
NOTE: The data set WORK._PC_BASE has 1191 observations and 107 variables.
NOTE: PROCEDURE SORT used (Total process time):
      real time           0.00 seconds
      user cpu time       0.00 seconds
      system cpu time     0.00 seconds
      memory              4243.59k
      OS Memory           31668.00k
      Timestamp           08/26/2026 09:48:43 PM
      Step Count                        1617  Switch Count  2
      Page Faults                       0
      Page Reclaims                     802
      Page Swaps                        0
      Voluntary Context Switches        10
      Involuntary Context Switches      0
      Block Input Operations            0
      Block Output Operations           2568
      


48                                                         The SAS System                     Wednesday, August 26, 2026 02:48:43 PM

NOTE: There were 1191 observations read from the data set WORK._PC_BASE.
NOTE: The data set WORK._PC_BASE has 1191 observations and 108 variables.
NOTE: DATA statement used (Total process time):
      real time           0.00 seconds
      user cpu time       0.00 seconds
      system cpu time     0.01 seconds
      memory              3493.34k
      OS Memory           31400.00k
      Timestamp           08/26/2026 09:48:43 PM
      Step Count                        1618  Switch Count  2
      Page Faults                       0
      Page Reclaims                     613
      Page Swaps                        0
      Voluntary Context Switches        10
      Involuntary Context Switches      0
      Block Input Operations            0
      Block Output Operations           2568
      


NOTE: There were 1191 observations read from the data set WORK._PC_BASE.
NOTE: The data set WORK._PC_BASE has 1191 observations and 108 variables.
NOTE: PROCEDURE SORT used (Total process time):
      real time           0.00 seconds
      user cpu time       0.00 seconds
      system cpu time     0.00 seconds
      memory              4243.06k
      OS Memory           31668.00k
      Timestamp           08/26/2026 09:48:43 PM
      Step Count                        1619  Switch Count  2
      Page Faults                       0
      Page Reclaims                     802
      Page Swaps                        0
      Voluntary Context Switches        11
      Involuntary Context Switches      0
      Block Input Operations            0
      Block Output Operations           2568
      

NOTE: PROCEDURE SQL used (Total process time):
      real time           0.00 seconds
      user cpu time       0.01 seconds
      system cpu time     0.00 seconds
      memory              6819.90k
      OS Memory           34216.00k
      Timestamp           08/26/2026 09:48:43 PM
      Step Count                        1620  Switch Count  0
      Page Faults                       0
      Page Reclaims                     509
      Page Swaps                        0
      Voluntary Context Switches        0
      Involuntary Context Switches      1
      Block Input Operations            0
      Block Output Operations           0
      

NOTE: [ADAE] Sort key USUBJID ASTDT AEDECOD ASEV AESEQ is unique on both sides.
NOTE: [PROC COMPARE ADAE] Applying m_qc_norm_dtm_scale on _pc_base/_pc_comp before PROC COMPARE.
49                                                         The SAS System                     Wednesday, August 26, 2026 02:48:43 PM

NOTE: [ADAE_pc_base] m_qc_norm_dtm_scale starting on _pc_base vars=TRTSDTM TRTEDTM ASTDTM AENDTM LDOSEDTM

NOTE: There were 1191 observations read from the data set WORK._PC_BASE.
NOTE: The data set WORK._PC_BASE has 1191 observations and 108 variables.
NOTE: DATA statement used (Total process time):
      real time           0.00 seconds
      user cpu time       0.00 seconds
      system cpu time     0.00 seconds
      memory              3526.09k
      OS Memory           31400.00k
      Timestamp           08/26/2026 09:48:43 PM
      Step Count                        1621  Switch Count  2
      Page Faults                       0
      Page Reclaims                     613
      Page Swaps                        0
      Voluntary Context Switches        10
      Involuntary Context Switches      0
      Block Input Operations            0
      Block Output Operations           2568
      

NOTE: [ADAE_pc_base] Promoted date-scale *DTM on _pc_base - vars=TRTSDTM TRTEDTM ASTDTM AENDTM LDOSEDTM n_scale=0 n_midnight=0 (XPT 
Date vs SAS datetime).
NOTE: [ADAE_pc_comp] m_qc_norm_dtm_scale starting on _pc_comp vars=TRTSDTM TRTEDTM ASTDTM AENDTM LDOSEDTM

NOTE: There were 1191 observations read from the data set WORK._PC_COMP.
NOTE: The data set WORK._PC_COMP has 1191 observations and 115 variables.
NOTE: DATA statement used (Total process time):
      real time           0.00 seconds
      user cpu time       0.00 seconds
      system cpu time     0.01 seconds
      memory              3679.12k
      OS Memory           31656.00k
      Timestamp           08/26/2026 09:48:43 PM
      Step Count                        1622  Switch Count  2
      Page Faults                       0
      Page Reclaims                     633
      Page Swaps                        0
      Voluntary Context Switches        11
      Involuntary Context Switches      0
      Block Input Operations            0
      Block Output Operations           3848
      

NOTE: [ADAE_pc_comp] Promoted date-scale *DTM on _pc_comp - vars=TRTSDTM TRTEDTM ASTDTM AENDTM LDOSEDTM n_scale=0 n_midnight=0 (XPT 
Date vs SAS datetime).

NOTE: There were 1191 observations read from the data set WORK._PC_BASE.
NOTE: There were 1191 observations read from the data set WORK._PC_COMP.
NOTE: The data set WORK._PC_OUT has 0 observations and 110 variables.
NOTE: PROCEDURE COMPARE used (Total process time):
      real time           0.00 seconds
      user cpu time       0.00 seconds
      system cpu time     0.00 seconds
      memory              4131.50k
      OS Memory           31148.00k
      Timestamp           08/26/2026 09:48:43 PM
      Step Count                        1623  Switch Count  2
50                                                         The SAS System                     Wednesday, August 26, 2026 02:48:43 PM

      Page Faults                       0
      Page Reclaims                     703
      Page Swaps                        0
      Voluntary Context Switches        11
      Involuntary Context Switches      0
      Block Input Operations            0
      Block Output Operations           264
      


WARNING: Multiple lengths were specified for the BY variable ASEV by input data sets. This might cause unexpected results.
NOTE: There were 1191 observations read from the data set WORK._PC_BASE.
NOTE: There were 1191 observations read from the data set WORK._PC_COMP.
NOTE: The data set WORK._PC_OB has 0 observations and 6 variables.
NOTE: The data set WORK._PC_OC has 0 observations and 6 variables.
NOTE: DATA statement used (Total process time):
      real time           0.00 seconds
      user cpu time       0.00 seconds
      system cpu time     0.00 seconds
      memory              4111.90k
      OS Memory           31408.00k
      Timestamp           08/26/2026 09:48:43 PM
      Step Count                        1624  Switch Count  4
      Page Faults                       0
      Page Reclaims                     743
      Page Swaps                        0
      Voluntary Context Switches        20
      Involuntary Context Switches      0
      Block Input Operations            0
      Block Output Operations           528
      

NOTE: PROCEDURE SQL used (Total process time):
      real time           0.00 seconds
      user cpu time       0.01 seconds
      system cpu time     0.00 seconds
      memory              5524.84k
      OS Memory           33192.00k
      Timestamp           08/26/2026 09:48:43 PM
      Step Count                        1625  Switch Count  0
      Page Faults                       0
      Page Reclaims                     90
      Page Swaps                        0
      Voluntary Context Switches        0
      Involuntary Context Switches      0
      Block Input Operations            0
      Block Output Operations           0
      


NOTE: There were 0 observations read from the data set WORK._PC_OUT.
NOTE: The data set WORK._PC_OD has 0 observations and 110 variables.
NOTE: DATA statement used (Total process time):
      real time           0.00 seconds
      user cpu time       0.00 seconds
      system cpu time     0.00 seconds
      memory              1091.21k
      OS Memory           28328.00k
51                                                         The SAS System                     Wednesday, August 26, 2026 02:48:43 PM

      Timestamp           08/26/2026 09:48:43 PM
      Step Count                        1626  Switch Count  2
      Page Faults                       0
      Page Reclaims                     118
      Page Swaps                        0
      Voluntary Context Switches        10
      Involuntary Context Switches      0
      Block Input Operations            0
      Block Output Operations           264
      

NOTE: PROCEDURE SQL used (Total process time):
      real time           0.00 seconds
      user cpu time       0.00 seconds
      system cpu time     0.00 seconds
      memory              5478.28k
      OS Memory           33192.00k
      Timestamp           08/26/2026 09:48:43 PM
      Step Count                        1627  Switch Count  0
      Page Faults                       0
      Page Reclaims                     52
      Page Swaps                        0
      Voluntary Context Switches        0
      Involuntary Context Switches      0
      Block Input Operations            0
      Block Output Operations           0
      

NOTE: [PROC COMPARE ADAE] diffs=0 base_only=0 compare_only=0

NOTE: The data set WORK._PC_ROW has 1 observations and 4 variables.
NOTE: DATA statement used (Total process time):
      real time           0.00 seconds
      user cpu time       0.00 seconds
      system cpu time     0.00 seconds
      memory              817.25k
      OS Memory           28344.00k
      Timestamp           08/26/2026 09:48:43 PM
      Step Count                        1628  Switch Count  2
      Page Faults                       0
      Page Reclaims                     156
      Page Swaps                        0
      Voluntary Context Switches        10
      Involuntary Context Switches      0
      Block Input Operations            0
      Block Output Operations           264
      


NOTE: Appending WORK._PC_ROW to WORK.QC_PROCOMPARE_DIGEST.
NOTE: There were 1 observations read from the data set WORK._PC_ROW.
NOTE: 1 observations added.
NOTE: The data set WORK.QC_PROCOMPARE_DIGEST has 2 observations and 4 variables.
NOTE: PROCEDURE APPEND used (Total process time):
      real time           0.00 seconds
      user cpu time       0.00 seconds
      system cpu time     0.00 seconds
      memory              864.18k
52                                                         The SAS System                     Wednesday, August 26, 2026 02:48:43 PM

      OS Memory           28588.00k
      Timestamp           08/26/2026 09:48:43 PM
      Step Count                        1629  Switch Count  0
      Page Faults                       0
      Page Reclaims                     116
      Page Swaps                        0
      Voluntary Context Switches        0
      Involuntary Context Switches      1
      Block Input Operations            0
      Block Output Operations           8
      


NOTE: The data set WORK._PC_BVARS has 107 observations and 1 variables.
NOTE: PROCEDURE CONTENTS used (Total process time):
      real time           0.00 seconds
      user cpu time       0.00 seconds
      system cpu time     0.00 seconds
      memory              2252.53k
      OS Memory           29356.00k
      Timestamp           08/26/2026 09:48:43 PM
      Step Count                        1630  Switch Count  2
      Page Faults                       0
      Page Reclaims                     341
      Page Swaps                        0
      Voluntary Context Switches        16
      Involuntary Context Switches      0
      Block Input Operations            0
      Block Output Operations           272
      


NOTE: The data set WORK._PC_CVARS has 114 observations and 1 variables.
NOTE: PROCEDURE CONTENTS used (Total process time):
      real time           0.00 seconds
      user cpu time       0.01 seconds
      system cpu time     0.00 seconds
      memory              2395.56k
      OS Memory           29612.00k
      Timestamp           08/26/2026 09:48:43 PM
      Step Count                        1631  Switch Count  2
      Page Faults                       0
      Page Reclaims                     375
      Page Swaps                        0
      Voluntary Context Switches        16
      Involuntary Context Switches      0
      Block Input Operations            0
      Block Output Operations           272
      


NOTE: There were 107 observations read from the data set WORK._PC_BVARS.
NOTE: The data set WORK._PC_BVARS has 107 observations and 1 variables.
NOTE: DATA statement used (Total process time):
      real time           0.00 seconds
      user cpu time       0.00 seconds
      system cpu time     0.00 seconds
      memory              808.93k
53                                                         The SAS System                     Wednesday, August 26, 2026 02:48:43 PM

      OS Memory           28328.00k
      Timestamp           08/26/2026 09:48:43 PM
      Step Count                        1632  Switch Count  2
      Page Faults                       0
      Page Reclaims                     121
      Page Swaps                        0
      Voluntary Context Switches        11
      Involuntary Context Switches      0
      Block Input Operations            0
      Block Output Operations           272
      


NOTE: There were 114 observations read from the data set WORK._PC_CVARS.
NOTE: The data set WORK._PC_CVARS has 114 observations and 1 variables.
NOTE: DATA statement used (Total process time):
      real time           0.00 seconds
      user cpu time       0.00 seconds
      system cpu time     0.00 seconds
      memory              808.93k
      OS Memory           28328.00k
      Timestamp           08/26/2026 09:48:43 PM
      Step Count                        1633  Switch Count  2
      Page Faults                       0
      Page Reclaims                     120
      Page Swaps                        0
      Voluntary Context Switches        11
      Involuntary Context Switches      1
      Block Input Operations            0
      Block Output Operations           264
      

NOTE: Table WORK._PC_VARCLASS created, with 114 rows and 3 columns.

NOTE: PROCEDURE SQL used (Total process time):
      real time           0.00 seconds
      user cpu time       0.00 seconds
      system cpu time     0.00 seconds
      memory              5833.68k
      OS Memory           33452.00k
      Timestamp           08/26/2026 09:48:43 PM
      Step Count                        1634  Switch Count  2
      Page Faults                       0
      Page Reclaims                     167
      Page Swaps                        0
      Voluntary Context Switches        11
      Involuntary Context Switches      0
      Block Input Operations            0
      Block Output Operations           288
      


NOTE: There were 114 observations read from the data set WORK._PC_VARCLASS.
NOTE: The data set WORK._PC_VARCLASS has 114 observations and 4 variables.
NOTE: DATA statement used (Total process time):
      real time           0.00 seconds
      user cpu time       0.01 seconds
      system cpu time     0.00 seconds
54                                                         The SAS System                     Wednesday, August 26, 2026 02:48:43 PM

      memory              827.75k
      OS Memory           28328.00k
      Timestamp           08/26/2026 09:48:43 PM
      Step Count                        1635  Switch Count  2
      Page Faults                       0
      Page Reclaims                     118
      Page Swaps                        0
      Voluntary Context Switches        11
      Involuntary Context Switches      0
      Block Input Operations            0
      Block Output Operations           272
      

NOTE: PROCEDURE SQL used (Total process time):
      real time           0.00 seconds
      user cpu time       0.00 seconds
      system cpu time     0.01 seconds
      memory              5803.12k
      OS Memory           33192.00k
      Timestamp           08/26/2026 09:48:43 PM
      Step Count                        1636  Switch Count  0
      Page Faults                       0
      Page Reclaims                     128
      Page Swaps                        0
      Voluntary Context Switches        0
      Involuntary Context Switches      0
      Block Input Operations            0
      Block Output Operations           0
      

NOTE: [PROC COMPARE ADAE] VARCLASS=20260826A value_unequal=0 pva_only=0 sas_only=7

NOTE: There were 114 observations read from the data set WORK._PC_VARCLASS.
NOTE: DATA statement used (Total process time):
      real time           0.00 seconds
      user cpu time       0.00 seconds
      system cpu time     0.00 seconds
      memory              644.62k
      OS Memory           28068.00k
      Timestamp           08/26/2026 09:48:43 PM
      Step Count                        1637  Switch Count  0
      Page Faults                       0
      Page Reclaims                     57
      Page Swaps                        0
      Voluntary Context Switches        0
      Involuntary Context Switches      0
      Block Input Operations            0
      Block Output Operations           0
      


NOTE: There were 114 observations read from the data set WORK._PC_VARCLASS.
NOTE: The data set WORK._PC_VARCLASS has 114 observations and 4 variables.
NOTE: PROCEDURE SORT used (Total process time):
      real time           0.00 seconds
      user cpu time       0.00 seconds
      system cpu time     0.00 seconds
      memory              777.43k
55                                                         The SAS System                     Wednesday, August 26, 2026 02:48:43 PM

      OS Memory           28328.00k
      Timestamp           08/26/2026 09:48:43 PM
      Step Count                        1638  Switch Count  2
      Page Faults                       0
      Page Reclaims                     110
      Page Swaps                        0
      Voluntary Context Switches        11
      Involuntary Context Switches      0
      Block Input Operations            0
      Block Output Operations           264
      


NOTE: There were 7 observations read from the data set WORK._PC_VARCLASS.
      WHERE class in ('pva_only', 'sas_only', 'value_unequal');
NOTE: PROCEDURE PRINT used (Total process time):
      real time           0.01 seconds
      user cpu time       0.01 seconds
      system cpu time     0.00 seconds
      memory              918.40k
      OS Memory           28328.00k
      Timestamp           08/26/2026 09:48:43 PM
      Step Count                        1639  Switch Count  0
      Page Faults                       0
      Page Reclaims                     95
      Page Swaps                        0
      Voluntary Context Switches        0
      Involuntary Context Switches      3
      Block Input Operations            0
      Block Output Operations           8
      


NOTE: The file WORK._PC_OD_VARS (memtype=DATA) was not found, but appears on a DELETE statement.
NOTE: The file WORK._PC_VARFREQ (memtype=DATA) was not found, but appears on a DELETE statement.
NOTE: The file WORK._PC_VARCLASS2 (memtype=DATA) was not found, but appears on a DELETE statement.
NOTE: Deleting WORK._PC_BASE (memtype=DATA).
NOTE: Deleting WORK._PC_COMP (memtype=DATA).
NOTE: Deleting WORK._PC_OUT (memtype=DATA).
NOTE: Deleting WORK._PC_OB (memtype=DATA).
NOTE: Deleting WORK._PC_OC (memtype=DATA).
NOTE: Deleting WORK._PC_OD (memtype=DATA).
NOTE: Deleting WORK._PC_ROW (memtype=DATA).
NOTE: Deleting WORK._PC_BVARS (memtype=DATA).
NOTE: Deleting WORK._PC_CVARS (memtype=DATA).
NOTE: Deleting WORK._PC_VARCLASS (memtype=DATA).
NOTE: PROCEDURE DATASETS used (Total process time):
      real time           0.00 seconds
      user cpu time       0.01 seconds
      system cpu time     0.00 seconds
      memory              334.37k
      OS Memory           27812.00k
      Timestamp           08/26/2026 09:48:43 PM
      Step Count                        1640  Switch Count  20
      Page Faults                       0
      Page Reclaims                     48
      Page Swaps                        0
      Voluntary Context Switches        93
56                                                         The SAS System                     Wednesday, August 26, 2026 02:48:43 PM

      Involuntary Context Switches      1
      Block Input Operations            0
      Block Output Operations           8
      

NOTE: ===== COMPARE ADVS: SAS n=65032  REF n=65032 =====
NOTE: [ADVS] Row counts match (n=65032) - proceeding to key match and value compare.
NOTE: [ADVS] keysrc=CALLER - ignoring adam/ref SORTEDBY - using sortkeys=USUBJID PARAMCD AVISITN ATPTN DTYPE ADT tiebreak=VSSEQ
NOTE: [ADVS] MATCH KEY source=CALLER sortkeys=USUBJID PARAMCD AVISITN ATPTN DTYPE ADT tiebreak=VSSEQ plus derived _KEYSEQ
NOTE: [ADVS] Var on neither side skipped: AVALU

NOTE: There were 65032 observations read from the data set ADAM.ADVS.
NOTE: The data set WORK._QC_SAS has 65032 observations and 105 variables.
NOTE: DATA statement used (Total process time):
      real time           0.19 seconds
      user cpu time       0.01 seconds
      system cpu time     0.08 seconds
      memory              3598.18k
      OS Memory           31656.00k
      Timestamp           08/26/2026 09:48:43 PM
      Step Count                        1641  Switch Count  2
      Page Faults                       0
      Page Reclaims                     633
      Page Swaps                        0
      Voluntary Context Switches        955
      Involuntary Context Switches      2
      Block Input Operations            0
      Block Output Operations           208392
      


NOTE: There were 65032 observations read from the data set REF_PVA.REFADVS.
NOTE: The data set WORK._QC_REF has 65032 observations and 105 variables.
NOTE: DATA statement used (Total process time):
      real time           0.05 seconds
      user cpu time       0.02 seconds
      system cpu time     0.03 seconds
      memory              3604.18k
      OS Memory           31656.00k
      Timestamp           08/26/2026 09:48:44 PM
      Step Count                        1642  Switch Count  2
      Page Faults                       0
      Page Reclaims                     633
      Page Swaps                        0
      Voluntary Context Switches        19
      Involuntary Context Switches      2
      Block Input Operations            0
      Block Output Operations           125448
      

NOTE: PROCEDURE SQL used (Total process time):
      real time           0.04 seconds
      user cpu time       0.02 seconds
      system cpu time     0.02 seconds
      memory              6859.50k
      OS Memory           34216.00k
      Timestamp           08/26/2026 09:48:44 PM
      Step Count                        1643  Switch Count  1
57                                                         The SAS System                     Wednesday, August 26, 2026 02:48:44 PM

      Page Faults                       0
      Page Reclaims                     279
      Page Swaps                        0
      Voluntary Context Switches        3
      Involuntary Context Switches      0
      Block Input Operations            0
      Block Output Operations           0
      

NOTE: [ADVS] SAS key USUBJID already uppercase (or all missing).
NOTE: PROCEDURE SQL used (Total process time):
      real time           0.04 seconds
      user cpu time       0.03 seconds
      system cpu time     0.02 seconds
      memory              6859.15k
      OS Memory           34216.00k
      Timestamp           08/26/2026 09:48:44 PM
      Step Count                        1644  Switch Count  1
      Page Faults                       0
      Page Reclaims                     279
      Page Swaps                        0
      Voluntary Context Switches        3
      Involuntary Context Switches      1
      Block Input Operations            0
      Block Output Operations           0
      

NOTE: [ADVS] SAS key PARAMCD already uppercase (or all missing).
NOTE: PROCEDURE SQL used (Total process time):
      real time           0.03 seconds
      user cpu time       0.02 seconds
      system cpu time     0.01 seconds
      memory              6859.15k
      OS Memory           34216.00k
      Timestamp           08/26/2026 09:48:44 PM
      Step Count                        1645  Switch Count  1
      Page Faults                       0
      Page Reclaims                     279
      Page Swaps                        0
      Voluntary Context Switches        3
      Involuntary Context Switches      1
      Block Input Operations            0
      Block Output Operations           0
      

NOTE: [ADVS] SAS key DTYPE already uppercase (or all missing).
NOTE: PROCEDURE SQL used (Total process time):
      real time           0.03 seconds
      user cpu time       0.02 seconds
      system cpu time     0.01 seconds
      memory              6860.00k
      OS Memory           34216.00k
      Timestamp           08/26/2026 09:48:44 PM
      Step Count                        1646  Switch Count  1
      Page Faults                       0
      Page Reclaims                     279
      Page Swaps                        0
      Voluntary Context Switches        3
58                                                         The SAS System                     Wednesday, August 26, 2026 02:48:44 PM

      Involuntary Context Switches      1
      Block Input Operations            0
      Block Output Operations           0
      

NOTE: [ADVS] REF key USUBJID already uppercase (or all missing).
NOTE: PROCEDURE SQL used (Total process time):
      real time           0.04 seconds
      user cpu time       0.02 seconds
      system cpu time     0.02 seconds
      memory              6860.00k
      OS Memory           34216.00k
      Timestamp           08/26/2026 09:48:44 PM
      Step Count                        1647  Switch Count  1
      Page Faults                       0
      Page Reclaims                     279
      Page Swaps                        0
      Voluntary Context Switches        3
      Involuntary Context Switches      1
      Block Input Operations            0
      Block Output Operations           0
      

NOTE: [ADVS] REF key PARAMCD already uppercase (or all missing).
NOTE: PROCEDURE SQL used (Total process time):
      real time           0.02 seconds
      user cpu time       0.03 seconds
      system cpu time     0.00 seconds
      memory              6860.00k
      OS Memory           34216.00k
      Timestamp           08/26/2026 09:48:44 PM
      Step Count                        1648  Switch Count  1
      Page Faults                       0
      Page Reclaims                     279
      Page Swaps                        0
      Voluntary Context Switches        3
      Involuntary Context Switches      1
      Block Input Operations            0
      Block Output Operations           0
      

NOTE: [ADVS] REF key DTYPE already uppercase (or all missing).

NOTE: There were 65032 observations read from the data set WORK._QC_SAS.
NOTE: The data set WORK._QC_SAS has 65032 observations and 105 variables.
NOTE: DATA statement used (Total process time):
      real time           0.09 seconds
      user cpu time       0.02 seconds
      system cpu time     0.07 seconds
      memory              3612.25k
      OS Memory           31656.00k
      Timestamp           08/26/2026 09:48:44 PM
      Step Count                        1649  Switch Count  2
      Page Faults                       0
      Page Reclaims                     633
      Page Swaps                        0
      Voluntary Context Switches        11
      Involuntary Context Switches      2
59                                                         The SAS System                     Wednesday, August 26, 2026 02:48:44 PM

      Block Input Operations            0
      Block Output Operations           208400
      

NOTE: [ADVS] Key USUBJID upcased and stripped on _qc_sas for case-safe match

NOTE: There were 65032 observations read from the data set WORK._QC_SAS.
NOTE: The data set WORK._QC_SAS has 65032 observations and 105 variables.
NOTE: DATA statement used (Total process time):
      real time           0.09 seconds
      user cpu time       0.01 seconds
      system cpu time     0.07 seconds
      memory              3612.25k
      OS Memory           31656.00k
      Timestamp           08/26/2026 09:48:44 PM
      Step Count                        1650  Switch Count  2
      Page Faults                       0
      Page Reclaims                     633
      Page Swaps                        0
      Voluntary Context Switches        11
      Involuntary Context Switches      3
      Block Input Operations            0
      Block Output Operations           208392
      

NOTE: [ADVS] Key PARAMCD upcased and stripped on _qc_sas for case-safe match

NOTE: There were 65032 observations read from the data set WORK._QC_SAS.
NOTE: The data set WORK._QC_SAS has 65032 observations and 105 variables.
NOTE: DATA statement used (Total process time):
      real time           0.09 seconds
      user cpu time       0.03 seconds
      system cpu time     0.07 seconds
      memory              3612.25k
      OS Memory           31656.00k
      Timestamp           08/26/2026 09:48:44 PM
      Step Count                        1651  Switch Count  2
      Page Faults                       0
      Page Reclaims                     633
      Page Swaps                        0
      Voluntary Context Switches        11
      Involuntary Context Switches      4
      Block Input Operations            0
      Block Output Operations           208392
      

NOTE: [ADVS] Key DTYPE upcased and stripped on _qc_sas for case-safe match

NOTE: There were 65032 observations read from the data set WORK._QC_REF.
NOTE: The data set WORK._QC_REF has 65032 observations and 105 variables.
NOTE: DATA statement used (Total process time):
      real time           0.05 seconds
      user cpu time       0.02 seconds
      system cpu time     0.04 seconds
      memory              3611.75k
      OS Memory           31656.00k
      Timestamp           08/26/2026 09:48:44 PM
      Step Count                        1652  Switch Count  2
60                                                         The SAS System                     Wednesday, August 26, 2026 02:48:44 PM

      Page Faults                       0
      Page Reclaims                     633
      Page Swaps                        0
      Voluntary Context Switches        11
      Involuntary Context Switches      2
      Block Input Operations            0
      Block Output Operations           125448
      

NOTE: [ADVS] Key USUBJID upcased and stripped on _qc_ref for case-safe match

NOTE: There were 65032 observations read from the data set WORK._QC_REF.
NOTE: The data set WORK._QC_REF has 65032 observations and 105 variables.
NOTE: DATA statement used (Total process time):
      real time           0.05 seconds
      user cpu time       0.02 seconds
      system cpu time     0.04 seconds
      memory              3611.93k
      OS Memory           31656.00k
      Timestamp           08/26/2026 09:48:44 PM
      Step Count                        1653  Switch Count  2
      Page Faults                       0
      Page Reclaims                     633
      Page Swaps                        0
      Voluntary Context Switches        11
      Involuntary Context Switches      3
      Block Input Operations            0
      Block Output Operations           125448
      

NOTE: [ADVS] Key PARAMCD upcased and stripped on _qc_ref for case-safe match

NOTE: There were 65032 observations read from the data set WORK._QC_REF.
NOTE: The data set WORK._QC_REF has 65032 observations and 105 variables.
NOTE: DATA statement used (Total process time):
      real time           0.05 seconds
      user cpu time       0.01 seconds
      system cpu time     0.05 seconds
      memory              3611.75k
      OS Memory           31656.00k
      Timestamp           08/26/2026 09:48:44 PM
      Step Count                        1654  Switch Count  2
      Page Faults                       0
      Page Reclaims                     633
      Page Swaps                        0
      Voluntary Context Switches        11
      Involuntary Context Switches      1
      Block Input Operations            0
      Block Output Operations           125448
      

NOTE: [ADVS] Key DTYPE upcased and stripped on _qc_ref for case-safe match

NOTE: Missing values were generated as a result of performing an operation on missing values.
      Each place is given by: (Number of times) at (Line):(Column).
      65032 at 3446:60   136 at 3446:60     64460 at 3446:60   
NOTE: There were 65032 observations read from the data set WORK._QC_SAS.
NOTE: The data set WORK._QC_SAS has 65032 observations and 105 variables.
61                                                         The SAS System                     Wednesday, August 26, 2026 02:48:44 PM

NOTE: DATA statement used (Total process time):
      real time           0.11 seconds
      user cpu time       0.04 seconds
      system cpu time     0.07 seconds
      memory              3639.34k
      OS Memory           31656.00k
      Timestamp           08/26/2026 09:48:44 PM
      Step Count                        1655  Switch Count  2
      Page Faults                       0
      Page Reclaims                     633
      Page Swaps                        0
      Voluntary Context Switches        11
      Involuntary Context Switches      0
      Block Input Operations            0
      Block Output Operations           208392
      


NOTE: Missing values were generated as a result of performing an operation on missing values.
      Each place is given by: (Number of times) at (Line):(Column).
      65032 at 3446:60   136 at 3446:60     64460 at 3446:60   
NOTE: There were 65032 observations read from the data set WORK._QC_REF.
NOTE: The data set WORK._QC_REF has 65032 observations and 105 variables.
NOTE: DATA statement used (Total process time):
      real time           0.08 seconds
      user cpu time       0.05 seconds
      system cpu time     0.03 seconds
      memory              3644.18k
      OS Memory           31656.00k
      Timestamp           08/26/2026 09:48:45 PM
      Step Count                        1656  Switch Count  2
      Page Faults                       0
      Page Reclaims                     633
      Page Swaps                        0
      Voluntary Context Switches        11
      Involuntary Context Switches      1
      Block Input Operations            0
      Block Output Operations           125448
      

NOTE: [ADVS] m_qc_norm_dtm_scale starting on _qc_sas vars=TRTSDTM TRTEDTM

NOTE: There were 65032 observations read from the data set WORK._QC_SAS.
NOTE: The data set WORK._QC_SAS has 65032 observations and 105 variables.
NOTE: DATA statement used (Total process time):
      real time           0.09 seconds
      user cpu time       0.05 seconds
      system cpu time     0.05 seconds
      memory              3630.18k
      OS Memory           31656.00k
      Timestamp           08/26/2026 09:48:45 PM
      Step Count                        1657  Switch Count  2
      Page Faults                       0
      Page Reclaims                     633
      Page Swaps                        0
      Voluntary Context Switches        11
      Involuntary Context Switches      1
      Block Input Operations            0
62                                                         The SAS System                     Wednesday, August 26, 2026 02:48:45 PM

      Block Output Operations           208392
      

NOTE: [ADVS] Promoted date-scale *DTM on _qc_sas - vars=TRTSDTM TRTEDTM n_scale=0 n_midnight=64896 (XPT Date vs SAS datetime).
NOTE: [ADVS] m_qc_norm_dtm_scale starting on _qc_ref vars=TRTSDTM TRTEDTM

NOTE: There were 65032 observations read from the data set WORK._QC_REF.
NOTE: The data set WORK._QC_REF has 65032 observations and 105 variables.
NOTE: DATA statement used (Total process time):
      real time           0.06 seconds
      user cpu time       0.02 seconds
      system cpu time     0.04 seconds
      memory              3637.03k
      OS Memory           31656.00k
      Timestamp           08/26/2026 09:48:45 PM
      Step Count                        1658  Switch Count  2
      Page Faults                       0
      Page Reclaims                     633
      Page Swaps                        0
      Voluntary Context Switches        11
      Involuntary Context Switches      0
      Block Input Operations            0
      Block Output Operations           125448
      

NOTE: [ADVS] Promoted date-scale *DTM on _qc_ref - vars=TRTSDTM TRTEDTM n_scale=129928 n_midnight=0 (XPT Date vs SAS datetime).

NOTE: There were 65032 observations read from the data set WORK._QC_SAS.
NOTE: The data set WORK._QC_SAS has 65032 observations and 105 variables.
NOTE: PROCEDURE SORT used (Total process time):
      real time           0.16 seconds
      user cpu time       0.04 seconds
      system cpu time     0.12 seconds
      memory              114421.68k
      OS Memory           141320.00k
      Timestamp           08/26/2026 09:48:45 PM
      Step Count                        1659  Switch Count  2
      Page Faults                       0
      Page Reclaims                     28044
      Page Swaps                        0
      Voluntary Context Switches        11
      Involuntary Context Switches      0
      Block Input Operations            0
      Block Output Operations           208392
      


NOTE: There were 65032 observations read from the data set WORK._QC_SAS.
NOTE: The data set WORK._QC_SAS has 65032 observations and 106 variables.
NOTE: DATA statement used (Total process time):
      real time           0.09 seconds
      user cpu time       0.03 seconds
      system cpu time     0.07 seconds
      memory              3634.75k
      OS Memory           31912.00k
      Timestamp           08/26/2026 09:48:45 PM
      Step Count                        1660  Switch Count  2
      Page Faults                       0
63                                                         The SAS System                     Wednesday, August 26, 2026 02:48:45 PM

      Page Reclaims                     633
      Page Swaps                        0
      Voluntary Context Switches        11
      Involuntary Context Switches      0
      Block Input Operations            0
      Block Output Operations           210952
      


NOTE: There were 65032 observations read from the data set WORK._QC_SAS.
NOTE: The data set WORK._QC_SAS has 65032 observations and 106 variables.
NOTE: PROCEDURE SORT used (Total process time):
      real time           0.16 seconds
      user cpu time       0.03 seconds
      system cpu time     0.13 seconds
      memory              114422.21k
      OS Memory           141320.00k
      Timestamp           08/26/2026 09:48:45 PM
      Step Count                        1661  Switch Count  2
      Page Faults                       0
      Page Reclaims                     28020
      Page Swaps                        0
      Voluntary Context Switches        11
      Involuntary Context Switches      2
      Block Input Operations            0
      Block Output Operations           210952
      


NOTE: There were 65032 observations read from the data set WORK._QC_REF.
NOTE: The data set WORK._QC_REF has 65032 observations and 105 variables.
NOTE: PROCEDURE SORT used (Total process time):
      real time           0.10 seconds
      user cpu time       0.04 seconds
      system cpu time     0.08 seconds
      memory              70881.21k
      OS Memory           98056.00k
      Timestamp           08/26/2026 09:48:45 PM
      Step Count                        1662  Switch Count  2
      Page Faults                       0
      Page Reclaims                     17265
      Page Swaps                        0
      Voluntary Context Switches        11
      Involuntary Context Switches      1
      Block Input Operations            0
      Block Output Operations           125448
      


NOTE: There were 65032 observations read from the data set WORK._QC_REF.
NOTE: The data set WORK._QC_REF has 65032 observations and 106 variables.
NOTE: DATA statement used (Total process time):
      real time           0.06 seconds
      user cpu time       0.02 seconds
      system cpu time     0.05 seconds
      memory              3635.00k
      OS Memory           31912.00k
      Timestamp           08/26/2026 09:48:45 PM
64                                                         The SAS System                     Wednesday, August 26, 2026 02:48:45 PM

      Step Count                        1663  Switch Count  2
      Page Faults                       0
      Page Reclaims                     633
      Page Swaps                        0
      Voluntary Context Switches        11
      Involuntary Context Switches      3
      Block Input Operations            0
      Block Output Operations           126216
      


NOTE: There were 65032 observations read from the data set WORK._QC_REF.
NOTE: The data set WORK._QC_REF has 65032 observations and 106 variables.
NOTE: PROCEDURE SORT used (Total process time):
      real time           0.10 seconds
      user cpu time       0.03 seconds
      system cpu time     0.07 seconds
      memory              70872.53k
      OS Memory           98052.00k
      Timestamp           08/26/2026 09:48:45 PM
      Step Count                        1664  Switch Count  2
      Page Faults                       0
      Page Reclaims                     17399
      Page Swaps                        0
      Voluntary Context Switches        11
      Involuntary Context Switches      0
      Block Input Operations            0
      Block Output Operations           126216
      

NOTE: PROCEDURE SQL used (Total process time):
      real time           0.03 seconds
      user cpu time       0.00 seconds
      system cpu time     0.04 seconds
      memory              6882.68k
      OS Memory           34472.00k
      Timestamp           08/26/2026 09:48:45 PM
      Step Count                        1665  Switch Count  2
      Page Faults                       0
      Page Reclaims                     544
      Page Swaps                        0
      Voluntary Context Switches        6
      Involuntary Context Switches      0
      Block Input Operations            0
      Block Output Operations           0
      

NOTE: [ADVS] Non-unique business key (USUBJID PARAMCD AVISITN ATPTN DTYPE ADT) - tiebreak=VSSEQ / _KEYSEQ in use.
NOTE: [ADVS] Same key group repeats (e.g. same-day same-term AE) - SAS _KEYSEQ>1 rows=39 REF=39
NOTE: [ADVS] Expected true multi-row groups - not a missing date in the key. Harmless when base_only/compare_only are 0.
NOTE: [ADVS] Not a FAIL - rows are kept. _KEYSEQ pairs 1:1. Extra sort key (VISITNUM) is optional.

NOTE: There were 20 observations read from the data set WORK._QC_SAS.
      WHERE _KEYSEQ>1;
NOTE: PROCEDURE PRINT used (Total process time):
      real time           0.04 seconds
      user cpu time       0.03 seconds
      system cpu time     0.02 seconds
65                                                         The SAS System                     Wednesday, August 26, 2026 02:48:46 PM

      memory              2315.53k
      OS Memory           29608.00k
      Timestamp           08/26/2026 09:48:46 PM
      Step Count                        1666  Switch Count  0
      Page Faults                       0
      Page Reclaims                     322
      Page Swaps                        0
      Voluntary Context Switches        0
      Involuntary Context Switches      1
      Block Input Operations            0
      Block Output Operations           24
      


NOTE: There were 65032 observations read from the data set WORK._QC_SAS.
NOTE: There were 65032 observations read from the data set WORK._QC_REF.
NOTE: The data set WORK._QC_KEYS has 0 observations and 8 variables.
NOTE: DATA statement used (Total process time):
      real time           0.05 seconds
      user cpu time       0.02 seconds
      system cpu time     0.03 seconds
      memory              3971.56k
      OS Memory           31660.00k
      Timestamp           08/26/2026 09:48:46 PM
      Step Count                        1667  Switch Count  5
      Page Faults                       0
      Page Reclaims                     714
      Page Swaps                        0
      Voluntary Context Switches        17
      Involuntary Context Switches      0
      Block Input Operations            0
      Block Output Operations           264
      

NOTE: PROCEDURE SQL used (Total process time):
      real time           0.00 seconds
      user cpu time       0.01 seconds
      system cpu time     0.00 seconds
      memory              5520.34k
      OS Memory           33448.00k
      Timestamp           08/26/2026 09:48:46 PM
      Step Count                        1668  Switch Count  0
      Page Faults                       0
      Page Reclaims                     90
      Page Swaps                        0
      Voluntary Context Switches        0
      Involuntary Context Switches      0
      Block Input Operations            0
      Block Output Operations           0
      

NOTE: [ADVS] key orphans SAS_ONLY=0 REF_ONLY=0 on key USUBJID PARAMCD AVISITN ATPTN DTYPE ADT

NOTE: Numeric values have been converted to character values at the places given by: (Line):(Column).
      3446:1   3446:1   3446:1   3446:1   3446:1   3446:1   3446:1   3446:1   3446:1   3446:1   3446:1   3446:1   3446:1   3446:1
      3446:1   3446:1   
NOTE: Missing values were generated as a result of performing an operation on missing values.
      Each place is given by: (Number of times) at (Line):(Column).
66                                                         The SAS System                     Wednesday, August 26, 2026 02:48:46 PM

      8 at 3446:97        8 at 3446:104       10939 at 3446:97    10939 at 3446:104   31128 at 3446:97    31128 at 3446:104
      31128 at 3446:97    31128 at 3446:104   
NOTE: There were 65032 observations read from the data set WORK._QC_SAS.
NOTE: There were 65032 observations read from the data set WORK._QC_REF.
NOTE: The data set WORK._QC_MIS has 0 observations and 12 variables.
NOTE: DATA statement used (Total process time):
      real time           0.15 seconds
      user cpu time       0.13 seconds
      system cpu time     0.02 seconds
      memory              4610.75k
      OS Memory           32152.00k
      Timestamp           08/26/2026 09:48:46 PM
      Step Count                        1669  Switch Count  2
      Page Faults                       0
      Page Reclaims                     811
      Page Swaps                        0
      Voluntary Context Switches        11
      Involuntary Context Switches      1
      Block Input Operations            0
      Block Output Operations           264
      

NOTE: PROCEDURE SQL used (Total process time):
      real time           0.00 seconds
      user cpu time       0.00 seconds
      system cpu time     0.00 seconds
      memory              5460.12k
      OS Memory           33448.00k
      Timestamp           08/26/2026 09:48:46 PM
      Step Count                        1670  Switch Count  0
      Page Faults                       0
      Page Reclaims                     52
      Page Swaps                        0
      Voluntary Context Switches        0
      Involuntary Context Switches      0
      Block Input Operations            0
      Block Output Operations           0
      

NOTE: [ADVS] value mismatches=0
NOTE: [ADVS] COMPARE PASSED

NOTE: Appending WORK._QC_MIS to WORK._QC_ALL_MIS.
WARNING: Variable AVISITN was not found on BASE file. The variable will not be added to the BASE file.
WARNING: Variable ATPTN was not found on BASE file. The variable will not be added to the BASE file.
WARNING: Variable DTYPE was not found on BASE file. The variable will not be added to the BASE file.
WARNING: Variable USUBJID has different lengths on BASE and DATA files (BASE 40 DATA 11).
WARNING: Variable PARAMCD has different lengths on BASE and DATA files (BASE 16 DATA 8).
WARNING: Variable AVISIT was not found on DATA file.
WARNING: Variable AEDECOD was not found on DATA file.
WARNING: Variable CMDECOD was not found on DATA file.
WARNING: Variable AESEQ was not found on DATA file.
WARNING: Variable EGSEQ was not found on DATA file.
WARNING: Variable CMSEQ was not found on DATA file.
WARNING: Variable LBSEQ was not found on DATA file.
WARNING: Variable ASTDT was not found on DATA file.
NOTE: FORCE is specified, so dropping/truncating will occur.
NOTE: There were 0 observations read from the data set WORK._QC_MIS.
67                                                         The SAS System                     Wednesday, August 26, 2026 02:48:46 PM

NOTE: 0 observations added.
NOTE: The data set WORK._QC_ALL_MIS has 0 observations and 17 variables.
NOTE: PROCEDURE APPEND used (Total process time):
      real time           0.00 seconds
      user cpu time       0.00 seconds
      system cpu time     0.00 seconds
      memory              961.03k
      OS Memory           28844.00k
      Timestamp           08/26/2026 09:48:46 PM
      Step Count                        1671  Switch Count  0
      Page Faults                       0
      Page Reclaims                     116
      Page Swaps                        0
      Voluntary Context Switches        0
      Involuntary Context Switches      0
      Block Input Operations            0
      Block Output Operations           8
      

NOTE: ===== COMPARE ADVS: n_sas(compare)=65032  n_ref(base)=65032 =====
NOTE: [PROC COMPARE ADVS] Row counts match (n=65032) - proceeding to key match and value compare.
NOTE: [ADVS] keysrc=CALLER - ignoring adam/ref SORTEDBY - using sortkeys=USUBJID PARAMCD AVISITN ATPTN DTYPE ADT tiebreak=VSSEQ
NOTE: [ADVS] MATCH KEY source=CALLER sortkeys=USUBJID PARAMCD AVISITN ATPTN DTYPE ADT tiebreak=VSSEQ plus derived _KEYSEQ

NOTE: There were 65032 observations read from the data set ADAM.ADVS.
NOTE: The data set WORK._PC_COMP has 65032 observations and 105 variables.
NOTE: DATA statement used (Total process time):
      real time           0.08 seconds
      user cpu time       0.02 seconds
      system cpu time     0.07 seconds
      memory              3598.00k
      OS Memory           31912.00k
      Timestamp           08/26/2026 09:48:46 PM
      Step Count                        1672  Switch Count  2
      Page Faults                       0
      Page Reclaims                     633
      Page Swaps                        0
      Voluntary Context Switches        18
      Involuntary Context Switches      3
      Block Input Operations            0
      Block Output Operations           208392
      


NOTE: There were 65032 observations read from the data set REF_PVA.REFADVS.
NOTE: The data set WORK._PC_BASE has 65032 observations and 105 variables.
NOTE: DATA statement used (Total process time):
      real time           0.05 seconds
      user cpu time       0.01 seconds
      system cpu time     0.03 seconds
      memory              3604.18k
      OS Memory           31912.00k
      Timestamp           08/26/2026 09:48:46 PM
      Step Count                        1673  Switch Count  2
      Page Faults                       0
      Page Reclaims                     633
      Page Swaps                        0
      Voluntary Context Switches        18
68                                                         The SAS System                     Wednesday, August 26, 2026 02:48:46 PM

      Involuntary Context Switches      2
      Block Input Operations            0
      Block Output Operations           125448
      

NOTE: PROCEDURE SQL used (Total process time):
      real time           0.04 seconds
      user cpu time       0.03 seconds
      system cpu time     0.02 seconds
      memory              6859.50k
      OS Memory           34472.00k
      Timestamp           08/26/2026 09:48:46 PM
      Step Count                        1674  Switch Count  1
      Page Faults                       0
      Page Reclaims                     279
      Page Swaps                        0
      Voluntary Context Switches        3
      Involuntary Context Switches      1
      Block Input Operations            0
      Block Output Operations           0
      

NOTE: [ADVS] SAS key USUBJID already uppercase (or all missing).
NOTE: PROCEDURE SQL used (Total process time):
      real time           0.04 seconds
      user cpu time       0.02 seconds
      system cpu time     0.03 seconds
      memory              6859.15k
      OS Memory           34472.00k
      Timestamp           08/26/2026 09:48:46 PM
      Step Count                        1675  Switch Count  1
      Page Faults                       0
      Page Reclaims                     279
      Page Swaps                        0
      Voluntary Context Switches        3
      Involuntary Context Switches      1
      Block Input Operations            0
      Block Output Operations           0
      

NOTE: [ADVS] SAS key PARAMCD already uppercase (or all missing).
NOTE: PROCEDURE SQL used (Total process time):
      real time           0.04 seconds
      user cpu time       0.01 seconds
      system cpu time     0.02 seconds
      memory              6859.15k
      OS Memory           34472.00k
      Timestamp           08/26/2026 09:48:46 PM
      Step Count                        1676  Switch Count  1
      Page Faults                       0
      Page Reclaims                     279
      Page Swaps                        0
      Voluntary Context Switches        3
      Involuntary Context Switches      1
      Block Input Operations            0
      Block Output Operations           0
      

69                                                         The SAS System                     Wednesday, August 26, 2026 02:48:46 PM

NOTE: [ADVS] SAS key DTYPE already uppercase (or all missing).
NOTE: PROCEDURE SQL used (Total process time):
      real time           0.03 seconds
      user cpu time       0.02 seconds
      system cpu time     0.01 seconds
      memory              6860.00k
      OS Memory           34472.00k
      Timestamp           08/26/2026 09:48:46 PM
      Step Count                        1677  Switch Count  1
      Page Faults                       0
      Page Reclaims                     279
      Page Swaps                        0
      Voluntary Context Switches        3
      Involuntary Context Switches      1
      Block Input Operations            0
      Block Output Operations           0
      

NOTE: [ADVS] REF key USUBJID already uppercase (or all missing).
NOTE: PROCEDURE SQL used (Total process time):
      real time           0.03 seconds
      user cpu time       0.03 seconds
      system cpu time     0.01 seconds
      memory              6860.00k
      OS Memory           34472.00k
      Timestamp           08/26/2026 09:48:46 PM
      Step Count                        1678  Switch Count  1
      Page Faults                       0
      Page Reclaims                     279
      Page Swaps                        0
      Voluntary Context Switches        3
      Involuntary Context Switches      1
      Block Input Operations            0
      Block Output Operations           0
      

NOTE: [ADVS] REF key PARAMCD already uppercase (or all missing).
NOTE: PROCEDURE SQL used (Total process time):
      real time           0.02 seconds
      user cpu time       0.02 seconds
      system cpu time     0.01 seconds
      memory              6860.00k
      OS Memory           34472.00k
      Timestamp           08/26/2026 09:48:46 PM
      Step Count                        1679  Switch Count  1
      Page Faults                       0
      Page Reclaims                     279
      Page Swaps                        0
      Voluntary Context Switches        3
      Involuntary Context Switches      1
      Block Input Operations            0
      Block Output Operations           0
      

NOTE: [ADVS] REF key DTYPE already uppercase (or all missing).

NOTE: There were 65032 observations read from the data set WORK._PC_COMP.
NOTE: The data set WORK._PC_COMP has 65032 observations and 105 variables.
70                                                         The SAS System                     Wednesday, August 26, 2026 02:48:46 PM

NOTE: DATA statement used (Total process time):
      real time           0.08 seconds
      user cpu time       0.02 seconds
      system cpu time     0.07 seconds
      memory              3612.84k
      OS Memory           31912.00k
      Timestamp           08/26/2026 09:48:46 PM
      Step Count                        1680  Switch Count  2
      Page Faults                       0
      Page Reclaims                     633
      Page Swaps                        0
      Voluntary Context Switches        11
      Involuntary Context Switches      2
      Block Input Operations            0
      Block Output Operations           208392
      

NOTE: [ADVS] Key USUBJID upcased and stripped on _pc_comp for case-safe match

NOTE: There were 65032 observations read from the data set WORK._PC_COMP.
NOTE: The data set WORK._PC_COMP has 65032 observations and 105 variables.
NOTE: DATA statement used (Total process time):
      real time           0.09 seconds
      user cpu time       0.04 seconds
      system cpu time     0.06 seconds
      memory              3612.84k
      OS Memory           31912.00k
      Timestamp           08/26/2026 09:48:46 PM
      Step Count                        1681  Switch Count  2
      Page Faults                       0
      Page Reclaims                     633
      Page Swaps                        0
      Voluntary Context Switches        11
      Involuntary Context Switches      4
      Block Input Operations            0
      Block Output Operations           208392
      

NOTE: [ADVS] Key PARAMCD upcased and stripped on _pc_comp for case-safe match

NOTE: There were 65032 observations read from the data set WORK._PC_COMP.
NOTE: The data set WORK._PC_COMP has 65032 observations and 105 variables.
NOTE: DATA statement used (Total process time):
      real time           0.08 seconds
      user cpu time       0.02 seconds
      system cpu time     0.07 seconds
      memory              3612.84k
      OS Memory           31912.00k
      Timestamp           08/26/2026 09:48:46 PM
      Step Count                        1682  Switch Count  2
      Page Faults                       0
      Page Reclaims                     633
      Page Swaps                        0
      Voluntary Context Switches        11
      Involuntary Context Switches      4
      Block Input Operations            0
      Block Output Operations           208392
      
71                                                         The SAS System                     Wednesday, August 26, 2026 02:48:46 PM


NOTE: [ADVS] Key DTYPE upcased and stripped on _pc_comp for case-safe match

NOTE: There were 65032 observations read from the data set WORK._PC_BASE.
NOTE: The data set WORK._PC_BASE has 65032 observations and 105 variables.
NOTE: DATA statement used (Total process time):
      real time           0.05 seconds
      user cpu time       0.01 seconds
      system cpu time     0.04 seconds
      memory              3612.96k
      OS Memory           31912.00k
      Timestamp           08/26/2026 09:48:46 PM
      Step Count                        1683  Switch Count  2
      Page Faults                       0
      Page Reclaims                     633
      Page Swaps                        0
      Voluntary Context Switches        11
      Involuntary Context Switches      1
      Block Input Operations            0
      Block Output Operations           125448
      

NOTE: [ADVS] Key USUBJID upcased and stripped on _pc_base for case-safe match

NOTE: There were 65032 observations read from the data set WORK._PC_BASE.
NOTE: The data set WORK._PC_BASE has 65032 observations and 105 variables.
NOTE: DATA statement used (Total process time):
      real time           0.05 seconds
      user cpu time       0.02 seconds
      system cpu time     0.05 seconds
      memory              3612.78k
      OS Memory           31912.00k
      Timestamp           08/26/2026 09:48:47 PM
      Step Count                        1684  Switch Count  2
      Page Faults                       0
      Page Reclaims                     633
      Page Swaps                        0
      Voluntary Context Switches        11
      Involuntary Context Switches      2
      Block Input Operations            0
      Block Output Operations           125448
      

NOTE: [ADVS] Key PARAMCD upcased and stripped on _pc_base for case-safe match

NOTE: There were 65032 observations read from the data set WORK._PC_BASE.
NOTE: The data set WORK._PC_BASE has 65032 observations and 105 variables.
NOTE: DATA statement used (Total process time):
      real time           0.05 seconds
      user cpu time       0.01 seconds
      system cpu time     0.04 seconds
      memory              3612.96k
      OS Memory           31912.00k
      Timestamp           08/26/2026 09:48:47 PM
      Step Count                        1685  Switch Count  2
      Page Faults                       0
      Page Reclaims                     633
      Page Swaps                        0
72                                                         The SAS System                     Wednesday, August 26, 2026 02:48:47 PM

      Voluntary Context Switches        11
      Involuntary Context Switches      2
      Block Input Operations            0
      Block Output Operations           125448
      

NOTE: [ADVS] Key DTYPE upcased and stripped on _pc_base for case-safe match

NOTE: Missing values were generated as a result of performing an operation on missing values.
      Each place is given by: (Number of times) at (Line):(Column).
      65032 at 3446:60   136 at 3446:60     64460 at 3446:60   
NOTE: There were 65032 observations read from the data set WORK._PC_COMP.
NOTE: The data set WORK._PC_COMP has 65032 observations and 105 variables.
NOTE: DATA statement used (Total process time):
      real time           0.11 seconds
      user cpu time       0.04 seconds
      system cpu time     0.07 seconds
      memory              3642.25k
      OS Memory           31912.00k
      Timestamp           08/26/2026 09:48:47 PM
      Step Count                        1686  Switch Count  2
      Page Faults                       0
      Page Reclaims                     633
      Page Swaps                        0
      Voluntary Context Switches        11
      Involuntary Context Switches      0
      Block Input Operations            0
      Block Output Operations           208392
      


NOTE: Missing values were generated as a result of performing an operation on missing values.
      Each place is given by: (Number of times) at (Line):(Column).
      65032 at 3446:60   136 at 3446:60     64460 at 3446:60   
NOTE: There were 65032 observations read from the data set WORK._PC_BASE.
NOTE: The data set WORK._PC_BASE has 65032 observations and 105 variables.
NOTE: DATA statement used (Total process time):
      real time           0.08 seconds
      user cpu time       0.04 seconds
      system cpu time     0.05 seconds
      memory              3645.53k
      OS Memory           31912.00k
      Timestamp           08/26/2026 09:48:47 PM
      Step Count                        1687  Switch Count  2
      Page Faults                       0
      Page Reclaims                     633
      Page Swaps                        0
      Voluntary Context Switches        11
      Involuntary Context Switches      0
      Block Input Operations            0
      Block Output Operations           125448
      

NOTE: [ADVS] m_qc_norm_dtm_scale starting on _pc_comp vars=TRTSDTM TRTEDTM

NOTE: There were 65032 observations read from the data set WORK._PC_COMP.
NOTE: The data set WORK._PC_COMP has 65032 observations and 105 variables.
NOTE: DATA statement used (Total process time):
73                                                         The SAS System                     Wednesday, August 26, 2026 02:48:47 PM

      real time           0.09 seconds
      user cpu time       0.02 seconds
      system cpu time     0.07 seconds
      memory              3630.75k
      OS Memory           31912.00k
      Timestamp           08/26/2026 09:48:47 PM
      Step Count                        1688  Switch Count  2
      Page Faults                       0
      Page Reclaims                     633
      Page Swaps                        0
      Voluntary Context Switches        11
      Involuntary Context Switches      0
      Block Input Operations            0
      Block Output Operations           208392
      

NOTE: [ADVS] Promoted date-scale *DTM on _pc_comp - vars=TRTSDTM TRTEDTM n_scale=0 n_midnight=64896 (XPT Date vs SAS datetime).
NOTE: [ADVS] m_qc_norm_dtm_scale starting on _pc_base vars=TRTSDTM TRTEDTM

NOTE: There were 65032 observations read from the data set WORK._PC_BASE.
NOTE: The data set WORK._PC_BASE has 65032 observations and 105 variables.
NOTE: DATA statement used (Total process time):
      real time           0.06 seconds
      user cpu time       0.01 seconds
      system cpu time     0.05 seconds
      memory              3643.56k
      OS Memory           31912.00k
      Timestamp           08/26/2026 09:48:47 PM
      Step Count                        1689  Switch Count  2
      Page Faults                       0
      Page Reclaims                     633
      Page Swaps                        0
      Voluntary Context Switches        11
      Involuntary Context Switches      2
      Block Input Operations            0
      Block Output Operations           125456
      

NOTE: [ADVS] Promoted date-scale *DTM on _pc_base - vars=TRTSDTM TRTEDTM n_scale=129928 n_midnight=0 (XPT Date vs SAS datetime).

NOTE: There were 65032 observations read from the data set WORK._PC_COMP.
NOTE: The data set WORK._PC_COMP has 65032 observations and 105 variables.
NOTE: PROCEDURE SORT used (Total process time):
      real time           0.16 seconds
      user cpu time       0.05 seconds
      system cpu time     0.12 seconds
      memory              114422.03k
      OS Memory           141320.00k
      Timestamp           08/26/2026 09:48:47 PM
      Step Count                        1690  Switch Count  2
      Page Faults                       0
      Page Reclaims                     28020
      Page Swaps                        0
      Voluntary Context Switches        15
      Involuntary Context Switches      0
      Block Input Operations            0
      Block Output Operations           208392
      
74                                                         The SAS System                     Wednesday, August 26, 2026 02:48:47 PM



NOTE: There were 65032 observations read from the data set WORK._PC_COMP.
NOTE: The data set WORK._PC_COMP has 65032 observations and 106 variables.
NOTE: DATA statement used (Total process time):
      real time           0.09 seconds
      user cpu time       0.02 seconds
      system cpu time     0.06 seconds
      memory              3635.18k
      OS Memory           31912.00k
      Timestamp           08/26/2026 09:48:47 PM
      Step Count                        1691  Switch Count  2
      Page Faults                       0
      Page Reclaims                     633
      Page Swaps                        0
      Voluntary Context Switches        11
      Involuntary Context Switches      2
      Block Input Operations            0
      Block Output Operations           210952
      


NOTE: There were 65032 observations read from the data set WORK._PC_COMP.
NOTE: The data set WORK._PC_COMP has 65032 observations and 106 variables.
NOTE: PROCEDURE SORT used (Total process time):
      real time           0.16 seconds
      user cpu time       0.04 seconds
      system cpu time     0.13 seconds
      memory              114421.87k
      OS Memory           141320.00k
      Timestamp           08/26/2026 09:48:47 PM
      Step Count                        1692  Switch Count  2
      Page Faults                       0
      Page Reclaims                     28020
      Page Swaps                        0
      Voluntary Context Switches        11
      Involuntary Context Switches      1
      Block Input Operations            0
      Block Output Operations           210952
      


NOTE: There were 65032 observations read from the data set WORK._PC_BASE.
NOTE: The data set WORK._PC_BASE has 65032 observations and 105 variables.
NOTE: PROCEDURE SORT used (Total process time):
      real time           0.10 seconds
      user cpu time       0.04 seconds
      system cpu time     0.08 seconds
      memory              70881.21k
      OS Memory           98056.00k
      Timestamp           08/26/2026 09:48:48 PM
      Step Count                        1693  Switch Count  2
      Page Faults                       0
      Page Reclaims                     17265
      Page Swaps                        0
      Voluntary Context Switches        11
      Involuntary Context Switches      0
      Block Input Operations            0
75                                                         The SAS System                     Wednesday, August 26, 2026 02:48:48 PM

      Block Output Operations           125448
      


NOTE: There were 65032 observations read from the data set WORK._PC_BASE.
NOTE: The data set WORK._PC_BASE has 65032 observations and 106 variables.
NOTE: DATA statement used (Total process time):
      real time           0.06 seconds
      user cpu time       0.01 seconds
      system cpu time     0.05 seconds
      memory              3634.81k
      OS Memory           31912.00k
      Timestamp           08/26/2026 09:48:48 PM
      Step Count                        1694  Switch Count  2
      Page Faults                       0
      Page Reclaims                     633
      Page Swaps                        0
      Voluntary Context Switches        11
      Involuntary Context Switches      0
      Block Input Operations            0
      Block Output Operations           126216
      


NOTE: There were 65032 observations read from the data set WORK._PC_BASE.
NOTE: The data set WORK._PC_BASE has 65032 observations and 106 variables.
NOTE: PROCEDURE SORT used (Total process time):
      real time           0.10 seconds
      user cpu time       0.03 seconds
      system cpu time     0.07 seconds
      memory              70872.53k
      OS Memory           98052.00k
      Timestamp           08/26/2026 09:48:48 PM
      Step Count                        1695  Switch Count  2
      Page Faults                       0
      Page Reclaims                     17399
      Page Swaps                        0
      Voluntary Context Switches        11
      Involuntary Context Switches      0
      Block Input Operations            0
      Block Output Operations           126216
      

NOTE: PROCEDURE SQL used (Total process time):
      real time           0.03 seconds
      user cpu time       0.01 seconds
      system cpu time     0.04 seconds
      memory              6882.68k
      OS Memory           34472.00k
      Timestamp           08/26/2026 09:48:48 PM
      Step Count                        1696  Switch Count  2
      Page Faults                       0
      Page Reclaims                     544
      Page Swaps                        0
      Voluntary Context Switches        6
      Involuntary Context Switches      0
      Block Input Operations            0
      Block Output Operations           0
76                                                         The SAS System                     Wednesday, August 26, 2026 02:48:48 PM

      

NOTE: [ADVS] Non-unique business key (USUBJID PARAMCD AVISITN ATPTN DTYPE ADT) - tiebreak=VSSEQ / _KEYSEQ in use.
NOTE: [ADVS] Same key group repeats (e.g. same-day same-term AE) - SAS _KEYSEQ>1 rows=39 REF=39
NOTE: [ADVS] Expected true multi-row groups - not a missing date in the key. Harmless when base_only/compare_only are 0.
NOTE: [ADVS] Not a FAIL - rows are kept. _KEYSEQ pairs 1:1. Extra sort key (VISITNUM) is optional.

NOTE: There were 20 observations read from the data set WORK._PC_COMP.
      WHERE _KEYSEQ>1;
NOTE: PROCEDURE PRINT used (Total process time):
      real time           0.04 seconds
      user cpu time       0.03 seconds
      system cpu time     0.02 seconds
      memory              2272.81k
      OS Memory           29608.00k
      Timestamp           08/26/2026 09:48:48 PM
      Step Count                        1697  Switch Count  0
      Page Faults                       0
      Page Reclaims                     322
      Page Swaps                        0
      Voluntary Context Switches        0
      Involuntary Context Switches      1
      Block Input Operations            0
      Block Output Operations           24
      

NOTE: [PROC COMPARE ADVS] Applying m_qc_norm_dtm_scale on _pc_base/_pc_comp before PROC COMPARE.
NOTE: [ADVS_pc_base] m_qc_norm_dtm_scale starting on _pc_base vars=TRTSDTM TRTEDTM

NOTE: There were 65032 observations read from the data set WORK._PC_BASE.
NOTE: The data set WORK._PC_BASE has 65032 observations and 106 variables.
NOTE: DATA statement used (Total process time):
      real time           0.06 seconds
      user cpu time       0.01 seconds
      system cpu time     0.04 seconds
      memory              3637.46k
      OS Memory           31912.00k
      Timestamp           08/26/2026 09:48:48 PM
      Step Count                        1698  Switch Count  5
      Page Faults                       0
      Page Reclaims                     633
      Page Swaps                        0
      Voluntary Context Switches        18
      Involuntary Context Switches      0
      Block Input Operations            0
      Block Output Operations           126216
      

NOTE: [ADVS_pc_base] Promoted date-scale *DTM on _pc_base - vars=TRTSDTM TRTEDTM n_scale=0 n_midnight=0 (XPT Date vs SAS datetime).
NOTE: [ADVS_pc_comp] m_qc_norm_dtm_scale starting on _pc_comp vars=TRTSDTM TRTEDTM

NOTE: There were 65032 observations read from the data set WORK._PC_COMP.
NOTE: The data set WORK._PC_COMP has 65032 observations and 106 variables.
NOTE: DATA statement used (Total process time):
      real time           0.09 seconds
      user cpu time       0.03 seconds
      system cpu time     0.07 seconds
      memory              3632.12k
77                                                         The SAS System                     Wednesday, August 26, 2026 02:48:48 PM

      OS Memory           31912.00k
      Timestamp           08/26/2026 09:48:48 PM
      Step Count                        1699  Switch Count  2
      Page Faults                       0
      Page Reclaims                     633
      Page Swaps                        0
      Voluntary Context Switches        12
      Involuntary Context Switches      2
      Block Input Operations            0
      Block Output Operations           210952
      

NOTE: [ADVS_pc_comp] Promoted date-scale *DTM on _pc_comp - vars=TRTSDTM TRTEDTM n_scale=0 n_midnight=0 (XPT Date vs SAS datetime).

NOTE: There were 65032 observations read from the data set WORK._PC_BASE.
NOTE: There were 65032 observations read from the data set WORK._PC_COMP.
NOTE: The data set WORK._PC_OUT has 0 observations and 107 variables.
NOTE: PROCEDURE COMPARE used (Total process time):
      real time           0.19 seconds
      user cpu time       0.15 seconds
      system cpu time     0.04 seconds
      memory              4222.15k
      OS Memory           31660.00k
      Timestamp           08/26/2026 09:48:48 PM
      Step Count                        1700  Switch Count  2
      Page Faults                       0
      Page Reclaims                     748
      Page Swaps                        0
      Voluntary Context Switches        11
      Involuntary Context Switches      1
      Block Input Operations            0
      Block Output Operations           264
      


WARNING: Multiple lengths were specified for the BY variable PARAMCD by input data sets. This might cause unexpected results.
WARNING: Multiple lengths were specified for the BY variable DTYPE by input data sets. This might cause unexpected results.
NOTE: There were 65032 observations read from the data set WORK._PC_BASE.
NOTE: There were 65032 observations read from the data set WORK._PC_COMP.
NOTE: The data set WORK._PC_OB has 0 observations and 7 variables.
NOTE: The data set WORK._PC_OC has 0 observations and 7 variables.
NOTE: DATA statement used (Total process time):
      real time           0.05 seconds
      user cpu time       0.03 seconds
      system cpu time     0.03 seconds
      memory              4257.37k
      OS Memory           31920.00k
      Timestamp           08/26/2026 09:48:48 PM
      Step Count                        1701  Switch Count  4
      Page Faults                       0
      Page Reclaims                     798
      Page Swaps                        0
      Voluntary Context Switches        20
      Involuntary Context Switches      0
      Block Input Operations            0
      Block Output Operations           528
      

78                                                         The SAS System                     Wednesday, August 26, 2026 02:48:48 PM

NOTE: PROCEDURE SQL used (Total process time):
      real time           0.00 seconds
      user cpu time       0.00 seconds
      system cpu time     0.00 seconds
      memory              5524.87k
      OS Memory           33448.00k
      Timestamp           08/26/2026 09:48:48 PM
      Step Count                        1702  Switch Count  0
      Page Faults                       0
      Page Reclaims                     90
      Page Swaps                        0
      Voluntary Context Switches        0
      Involuntary Context Switches      0
      Block Input Operations            0
      Block Output Operations           0
      


NOTE: There were 0 observations read from the data set WORK._PC_OUT.
NOTE: The data set WORK._PC_OD has 0 observations and 107 variables.
NOTE: DATA statement used (Total process time):
      real time           0.00 seconds
      user cpu time       0.00 seconds
      system cpu time     0.01 seconds
      memory              1091.00k
      OS Memory           28584.00k
      Timestamp           08/26/2026 09:48:48 PM
      Step Count                        1703  Switch Count  2
      Page Faults                       0
      Page Reclaims                     126
      Page Swaps                        0
      Voluntary Context Switches        12
      Involuntary Context Switches      0
      Block Input Operations            0
      Block Output Operations           264
      

NOTE: PROCEDURE SQL used (Total process time):
      real time           0.00 seconds
      user cpu time       0.00 seconds
      system cpu time     0.00 seconds
      memory              5476.78k
      OS Memory           33448.00k
      Timestamp           08/26/2026 09:48:48 PM
      Step Count                        1704  Switch Count  0
      Page Faults                       0
      Page Reclaims                     52
      Page Swaps                        0
      Voluntary Context Switches        0
      Involuntary Context Switches      0
      Block Input Operations            0
      Block Output Operations           0
      

NOTE: [PROC COMPARE ADVS] diffs=0 base_only=0 compare_only=0

NOTE: The data set WORK._PC_ROW has 1 observations and 4 variables.
NOTE: DATA statement used (Total process time):
79                                                         The SAS System                     Wednesday, August 26, 2026 02:48:48 PM

      real time           0.00 seconds
      user cpu time       0.00 seconds
      system cpu time     0.00 seconds
      memory              817.25k
      OS Memory           28600.00k
      Timestamp           08/26/2026 09:48:48 PM
      Step Count                        1705  Switch Count  2
      Page Faults                       0
      Page Reclaims                     156
      Page Swaps                        0
      Voluntary Context Switches        11
      Involuntary Context Switches      0
      Block Input Operations            0
      Block Output Operations           264
      


NOTE: Appending WORK._PC_ROW to WORK.QC_PROCOMPARE_DIGEST.
NOTE: There were 1 observations read from the data set WORK._PC_ROW.
NOTE: 1 observations added.
NOTE: The data set WORK.QC_PROCOMPARE_DIGEST has 3 observations and 4 variables.
NOTE: PROCEDURE APPEND used (Total process time):
      real time           0.00 seconds
      user cpu time       0.00 seconds
      system cpu time     0.00 seconds
      memory              864.18k
      OS Memory           28844.00k
      Timestamp           08/26/2026 09:48:48 PM
      Step Count                        1706  Switch Count  0
      Page Faults                       0
      Page Reclaims                     116
      Page Swaps                        0
      Voluntary Context Switches        0
      Involuntary Context Switches      0
      Block Input Operations            0
      Block Output Operations           8
      


NOTE: The data set WORK._PC_BVARS has 105 observations and 1 variables.
NOTE: PROCEDURE CONTENTS used (Total process time):
      real time           0.00 seconds
      user cpu time       0.00 seconds
      system cpu time     0.00 seconds
      memory              2373.18k
      OS Memory           29868.00k
      Timestamp           08/26/2026 09:48:48 PM
      Step Count                        1707  Switch Count  2
      Page Faults                       0
      Page Reclaims                     376
      Page Swaps                        0
      Voluntary Context Switches        16
      Involuntary Context Switches      0
      Block Input Operations            0
      Block Output Operations           272
      


80                                                         The SAS System                     Wednesday, August 26, 2026 02:48:48 PM

NOTE: The data set WORK._PC_CVARS has 105 observations and 1 variables.
NOTE: PROCEDURE CONTENTS used (Total process time):
      real time           0.00 seconds
      user cpu time       0.00 seconds
      system cpu time     0.00 seconds
      memory              2370.90k
      OS Memory           29868.00k
      Timestamp           08/26/2026 09:48:48 PM
      Step Count                        1708  Switch Count  2
      Page Faults                       0
      Page Reclaims                     376
      Page Swaps                        0
      Voluntary Context Switches        17
      Involuntary Context Switches      0
      Block Input Operations            0
      Block Output Operations           272
      


NOTE: There were 105 observations read from the data set WORK._PC_BVARS.
NOTE: The data set WORK._PC_BVARS has 105 observations and 1 variables.
NOTE: DATA statement used (Total process time):
      real time           0.00 seconds
      user cpu time       0.00 seconds
      system cpu time     0.00 seconds
      memory              808.68k
      OS Memory           28584.00k
      Timestamp           08/26/2026 09:48:48 PM
      Step Count                        1709  Switch Count  2
      Page Faults                       0
      Page Reclaims                     121
      Page Swaps                        0
      Voluntary Context Switches        11
      Involuntary Context Switches      0
      Block Input Operations            0
      Block Output Operations           264
      


NOTE: There were 105 observations read from the data set WORK._PC_CVARS.
NOTE: The data set WORK._PC_CVARS has 105 observations and 1 variables.
NOTE: DATA statement used (Total process time):
      real time           0.00 seconds
      user cpu time       0.00 seconds
      system cpu time     0.00 seconds
      memory              808.59k
      OS Memory           28584.00k
      Timestamp           08/26/2026 09:48:48 PM
      Step Count                        1710  Switch Count  2
      Page Faults                       0
      Page Reclaims                     121
      Page Swaps                        0
      Voluntary Context Switches        9
      Involuntary Context Switches      0
      Block Input Operations            0
      Block Output Operations           272
      

81                                                         The SAS System                     Wednesday, August 26, 2026 02:48:48 PM

NOTE: Table WORK._PC_VARCLASS created, with 105 rows and 3 columns.

NOTE: PROCEDURE SQL used (Total process time):
      real time           0.00 seconds
      user cpu time       0.01 seconds
      system cpu time     0.01 seconds
      memory              5833.68k
      OS Memory           33708.00k
      Timestamp           08/26/2026 09:48:48 PM
      Step Count                        1711  Switch Count  2
      Page Faults                       0
      Page Reclaims                     169
      Page Swaps                        0
      Voluntary Context Switches        11
      Involuntary Context Switches      0
      Block Input Operations            0
      Block Output Operations           288
      


NOTE: There were 105 observations read from the data set WORK._PC_VARCLASS.
NOTE: The data set WORK._PC_VARCLASS has 105 observations and 4 variables.
NOTE: DATA statement used (Total process time):
      real time           0.00 seconds
      user cpu time       0.00 seconds
      system cpu time     0.00 seconds
      memory              827.75k
      OS Memory           28584.00k
      Timestamp           08/26/2026 09:48:48 PM
      Step Count                        1712  Switch Count  2
      Page Faults                       0
      Page Reclaims                     119
      Page Swaps                        0
      Voluntary Context Switches        12
      Involuntary Context Switches      2
      Block Input Operations            0
      Block Output Operations           264
      

NOTE: PROCEDURE SQL used (Total process time):
      real time           0.00 seconds
      user cpu time       0.00 seconds
      system cpu time     0.00 seconds
      memory              5802.84k
      OS Memory           33448.00k
      Timestamp           08/26/2026 09:48:48 PM
      Step Count                        1713  Switch Count  0
      Page Faults                       0
      Page Reclaims                     128
      Page Swaps                        0
      Voluntary Context Switches        0
      Involuntary Context Switches      0
      Block Input Operations            0
      Block Output Operations           0
      

NOTE: [PROC COMPARE ADVS] VARCLASS=20260826A value_unequal=0 pva_only=0 sas_only=0

82                                                         The SAS System                     Wednesday, August 26, 2026 02:48:48 PM

NOTE: There were 105 observations read from the data set WORK._PC_VARCLASS.
NOTE: DATA statement used (Total process time):
      real time           0.00 seconds
      user cpu time       0.00 seconds
      system cpu time     0.00 seconds
      memory              644.53k
      OS Memory           28324.00k
      Timestamp           08/26/2026 09:48:48 PM
      Step Count                        1714  Switch Count  0
      Page Faults                       0
      Page Reclaims                     57
      Page Swaps                        0
      Voluntary Context Switches        0
      Involuntary Context Switches      0
      Block Input Operations            0
      Block Output Operations           0
      

NOTE: [PROC COMPARE ADVS] var_class - no value_unequal, no PVA-only, no SAS-only.

NOTE: The file WORK._PC_OD_VARS (memtype=DATA) was not found, but appears on a DELETE statement.
NOTE: The file WORK._PC_VARFREQ (memtype=DATA) was not found, but appears on a DELETE statement.
NOTE: The file WORK._PC_VARCLASS2 (memtype=DATA) was not found, but appears on a DELETE statement.
NOTE: Deleting WORK._PC_BASE (memtype=DATA).
NOTE: Deleting WORK._PC_COMP (memtype=DATA).
NOTE: Deleting WORK._PC_OUT (memtype=DATA).
NOTE: Deleting WORK._PC_OB (memtype=DATA).
NOTE: Deleting WORK._PC_OC (memtype=DATA).
NOTE: Deleting WORK._PC_OD (memtype=DATA).
NOTE: Deleting WORK._PC_ROW (memtype=DATA).
NOTE: Deleting WORK._PC_BVARS (memtype=DATA).
NOTE: Deleting WORK._PC_CVARS (memtype=DATA).
NOTE: Deleting WORK._PC_VARCLASS (memtype=DATA).
NOTE: PROCEDURE DATASETS used (Total process time):
      real time           0.02 seconds
      user cpu time       0.00 seconds
      system cpu time     0.02 seconds
      memory              347.81k
      OS Memory           28324.00k
      Timestamp           08/26/2026 09:48:48 PM
      Step Count                        1715  Switch Count  20
      Page Faults                       0
      Page Reclaims                     48
      Page Swaps                        0
      Voluntary Context Switches        90
      Involuntary Context Switches      2
      Block Input Operations            0
      Block Output Operations           16
      

NOTE: ===== COMPARE ADEG: SAS n=78756  REF n=78756 =====
NOTE: [ADEG] Row counts match (n=78756) - proceeding to key match and value compare.
NOTE: [ADEG] keysrc=CALLER - ignoring adam/ref SORTEDBY - using sortkeys=USUBJID PARAMCD AVISITN ATPTN DTYPE ADT tiebreak=EGSEQ
NOTE: [ADEG] MATCH KEY source=CALLER sortkeys=USUBJID PARAMCD AVISITN ATPTN DTYPE ADT tiebreak=EGSEQ plus derived _KEYSEQ
NOTE: [ADEG] Var on neither side skipped: AVALU

NOTE: There were 78756 observations read from the data set ADAM.ADEG.
NOTE: The data set WORK._QC_SAS has 78756 observations and 108 variables.
83                                                         The SAS System                     Wednesday, August 26, 2026 02:48:49 PM

NOTE: DATA statement used (Total process time):
      real time           0.29 seconds
      user cpu time       0.02 seconds
      system cpu time     0.12 seconds
      memory              3602.65k
      OS Memory           31912.00k
      Timestamp           08/26/2026 09:48:49 PM
      Step Count                        1716  Switch Count  2
      Page Faults                       0
      Page Reclaims                     633
      Page Swaps                        0
      Voluntary Context Switches        1248
      Involuntary Context Switches      1
      Block Input Operations            0
      Block Output Operations           310280
      


NOTE: There were 78756 observations read from the data set REF_PVA.REFADEG.
NOTE: The data set WORK._QC_REF has 78756 observations and 108 variables.
NOTE: DATA statement used (Total process time):
      real time           0.06 seconds
      user cpu time       0.01 seconds
      system cpu time     0.05 seconds
      memory              3607.78k
      OS Memory           31912.00k
      Timestamp           08/26/2026 09:48:49 PM
      Step Count                        1717  Switch Count  2
      Page Faults                       0
      Page Reclaims                     633
      Page Swaps                        0
      Voluntary Context Switches        18
      Involuntary Context Switches      2
      Block Input Operations            0
      Block Output Operations           150536
      

NOTE: PROCEDURE SQL used (Total process time):
      real time           0.06 seconds
      user cpu time       0.02 seconds
      system cpu time     0.03 seconds
      memory              6861.03k
      OS Memory           34472.00k
      Timestamp           08/26/2026 09:48:49 PM
      Step Count                        1718  Switch Count  1
      Page Faults                       0
      Page Reclaims                     279
      Page Swaps                        0
      Voluntary Context Switches        3
      Involuntary Context Switches      4
      Block Input Operations            0
      Block Output Operations           8
      

NOTE: [ADEG] SAS key USUBJID already uppercase (or all missing).
NOTE: PROCEDURE SQL used (Total process time):
      real time           0.06 seconds
      user cpu time       0.03 seconds
84                                                         The SAS System                     Wednesday, August 26, 2026 02:48:49 PM

      system cpu time     0.03 seconds
      memory              6861.03k
      OS Memory           34472.00k
      Timestamp           08/26/2026 09:48:49 PM
      Step Count                        1719  Switch Count  1
      Page Faults                       0
      Page Reclaims                     279
      Page Swaps                        0
      Voluntary Context Switches        3
      Involuntary Context Switches      1
      Block Input Operations            0
      Block Output Operations           0
      

NOTE: [ADEG] SAS key PARAMCD already uppercase (or all missing).
NOTE: PROCEDURE SQL used (Total process time):
      real time           0.04 seconds
      user cpu time       0.01 seconds
      system cpu time     0.04 seconds
      memory              6861.03k
      OS Memory           34472.00k
      Timestamp           08/26/2026 09:48:49 PM
      Step Count                        1720  Switch Count  1
      Page Faults                       0
      Page Reclaims                     279
      Page Swaps                        0
      Voluntary Context Switches        3
      Involuntary Context Switches      1
      Block Input Operations            0
      Block Output Operations           0
      

NOTE: [ADEG] SAS key DTYPE already uppercase (or all missing).
NOTE: PROCEDURE SQL used (Total process time):
      real time           0.04 seconds
      user cpu time       0.03 seconds
      system cpu time     0.01 seconds
      memory              6861.50k
      OS Memory           34472.00k
      Timestamp           08/26/2026 09:48:49 PM
      Step Count                        1721  Switch Count  1
      Page Faults                       0
      Page Reclaims                     279
      Page Swaps                        0
      Voluntary Context Switches        3
      Involuntary Context Switches      1
      Block Input Operations            0
      Block Output Operations           0
      

NOTE: [ADEG] REF key USUBJID already uppercase (or all missing).
NOTE: PROCEDURE SQL used (Total process time):
      real time           0.04 seconds
      user cpu time       0.02 seconds
      system cpu time     0.02 seconds
      memory              6861.50k
      OS Memory           34472.00k
      Timestamp           08/26/2026 09:48:49 PM
85                                                         The SAS System                     Wednesday, August 26, 2026 02:48:49 PM

      Step Count                        1722  Switch Count  1
      Page Faults                       0
      Page Reclaims                     279
      Page Swaps                        0
      Voluntary Context Switches        3
      Involuntary Context Switches      1
      Block Input Operations            0
      Block Output Operations           0
      

NOTE: [ADEG] REF key PARAMCD already uppercase (or all missing).
NOTE: PROCEDURE SQL used (Total process time):
      real time           0.03 seconds
      user cpu time       0.01 seconds
      system cpu time     0.01 seconds
      memory              6861.50k
      OS Memory           34472.00k
      Timestamp           08/26/2026 09:48:49 PM
      Step Count                        1723  Switch Count  1
      Page Faults                       0
      Page Reclaims                     279
      Page Swaps                        0
      Voluntary Context Switches        3
      Involuntary Context Switches      1
      Block Input Operations            0
      Block Output Operations           0
      

NOTE: [ADEG] REF key DTYPE already uppercase (or all missing).

NOTE: There were 78756 observations read from the data set WORK._QC_SAS.
NOTE: The data set WORK._QC_SAS has 78756 observations and 108 variables.
NOTE: DATA statement used (Total process time):
      real time           0.13 seconds
      user cpu time       0.02 seconds
      system cpu time     0.11 seconds
      memory              3614.12k
      OS Memory           31912.00k
      Timestamp           08/26/2026 09:48:49 PM
      Step Count                        1724  Switch Count  2
      Page Faults                       0
      Page Reclaims                     633
      Page Swaps                        0
      Voluntary Context Switches        11
      Involuntary Context Switches      3
      Block Input Operations            0
      Block Output Operations           310280
      

NOTE: [ADEG] Key USUBJID upcased and stripped on _qc_sas for case-safe match

NOTE: There were 78756 observations read from the data set WORK._QC_SAS.
NOTE: The data set WORK._QC_SAS has 78756 observations and 108 variables.
NOTE: DATA statement used (Total process time):
      real time           0.13 seconds
      user cpu time       0.03 seconds
      system cpu time     0.10 seconds
      memory              3614.12k
86                                                         The SAS System                     Wednesday, August 26, 2026 02:48:49 PM

      OS Memory           31912.00k
      Timestamp           08/26/2026 09:48:49 PM
      Step Count                        1725  Switch Count  2
      Page Faults                       0
      Page Reclaims                     633
      Page Swaps                        0
      Voluntary Context Switches        11
      Involuntary Context Switches      2
      Block Input Operations            0
      Block Output Operations           310280
      

NOTE: [ADEG] Key PARAMCD upcased and stripped on _qc_sas for case-safe match

NOTE: There were 78756 observations read from the data set WORK._QC_SAS.
NOTE: The data set WORK._QC_SAS has 78756 observations and 108 variables.
NOTE: DATA statement used (Total process time):
      real time           0.13 seconds
      user cpu time       0.03 seconds
      system cpu time     0.10 seconds
      memory              3614.12k
      OS Memory           31912.00k
      Timestamp           08/26/2026 09:48:50 PM
      Step Count                        1726  Switch Count  2
      Page Faults                       0
      Page Reclaims                     633
      Page Swaps                        0
      Voluntary Context Switches        11
      Involuntary Context Switches      2
      Block Input Operations            0
      Block Output Operations           310280
      

NOTE: [ADEG] Key DTYPE upcased and stripped on _qc_sas for case-safe match

NOTE: There were 78756 observations read from the data set WORK._QC_REF.
NOTE: The data set WORK._QC_REF has 78756 observations and 108 variables.
NOTE: DATA statement used (Total process time):
      real time           0.07 seconds
      user cpu time       0.03 seconds
      system cpu time     0.03 seconds
      memory              3616.40k
      OS Memory           31912.00k
      Timestamp           08/26/2026 09:48:50 PM
      Step Count                        1727  Switch Count  2
      Page Faults                       0
      Page Reclaims                     633
      Page Swaps                        0
      Voluntary Context Switches        11
      Involuntary Context Switches      2
      Block Input Operations            0
      Block Output Operations           150536
      

NOTE: [ADEG] Key USUBJID upcased and stripped on _qc_ref for case-safe match

NOTE: There were 78756 observations read from the data set WORK._QC_REF.
NOTE: The data set WORK._QC_REF has 78756 observations and 108 variables.
87                                                         The SAS System                     Wednesday, August 26, 2026 02:48:50 PM

NOTE: DATA statement used (Total process time):
      real time           0.07 seconds
      user cpu time       0.02 seconds
      system cpu time     0.05 seconds
      memory              3616.46k
      OS Memory           31912.00k
      Timestamp           08/26/2026 09:48:50 PM
      Step Count                        1728  Switch Count  2
      Page Faults                       0
      Page Reclaims                     633
      Page Swaps                        0
      Voluntary Context Switches        11
      Involuntary Context Switches      0
      Block Input Operations            0
      Block Output Operations           150536
      

NOTE: [ADEG] Key PARAMCD upcased and stripped on _qc_ref for case-safe match

NOTE: There were 78756 observations read from the data set WORK._QC_REF.
NOTE: The data set WORK._QC_REF has 78756 observations and 108 variables.
NOTE: DATA statement used (Total process time):
      real time           0.06 seconds
      user cpu time       0.02 seconds
      system cpu time     0.05 seconds
      memory              3616.25k
      OS Memory           31912.00k
      Timestamp           08/26/2026 09:48:50 PM
      Step Count                        1729  Switch Count  2
      Page Faults                       0
      Page Reclaims                     633
      Page Swaps                        0
      Voluntary Context Switches        11
      Involuntary Context Switches      0
      Block Input Operations            0
      Block Output Operations           150536
      

NOTE: [ADEG] Key DTYPE upcased and stripped on _qc_ref for case-safe match

NOTE: Missing values were generated as a result of performing an operation on missing values.
      Each place is given by: (Number of times) at (Line):(Column).
      78756 at 3446:60   172 at 3446:60     78067 at 3446:60   
NOTE: There were 78756 observations read from the data set WORK._QC_SAS.
NOTE: The data set WORK._QC_SAS has 78756 observations and 108 variables.
NOTE: DATA statement used (Total process time):
      real time           0.15 seconds
      user cpu time       0.05 seconds
      system cpu time     0.12 seconds
      memory              3643.75k
      OS Memory           31912.00k
      Timestamp           08/26/2026 09:48:50 PM
      Step Count                        1730  Switch Count  2
      Page Faults                       0
      Page Reclaims                     633
      Page Swaps                        0
      Voluntary Context Switches        11
      Involuntary Context Switches      1
88                                                         The SAS System                     Wednesday, August 26, 2026 02:48:50 PM

      Block Input Operations            0
      Block Output Operations           310280
      


NOTE: Missing values were generated as a result of performing an operation on missing values.
      Each place is given by: (Number of times) at (Line):(Column).
      78756 at 3446:60   172 at 3446:60     78067 at 3446:60   
NOTE: There were 78756 observations read from the data set WORK._QC_REF.
NOTE: The data set WORK._QC_REF has 78756 observations and 108 variables.
NOTE: DATA statement used (Total process time):
      real time           0.09 seconds
      user cpu time       0.05 seconds
      system cpu time     0.04 seconds
      memory              3649.40k
      OS Memory           31912.00k
      Timestamp           08/26/2026 09:48:50 PM
      Step Count                        1731  Switch Count  2
      Page Faults                       0
      Page Reclaims                     633
      Page Swaps                        0
      Voluntary Context Switches        11
      Involuntary Context Switches      0
      Block Input Operations            0
      Block Output Operations           150536
      

NOTE: [ADEG] m_qc_norm_dtm_scale starting on _qc_sas vars=TRTSDTM TRTEDTM ADTM

NOTE: There were 78756 observations read from the data set WORK._QC_SAS.
NOTE: The data set WORK._QC_SAS has 78756 observations and 108 variables.
NOTE: DATA statement used (Total process time):
      real time           0.13 seconds
      user cpu time       0.02 seconds
      system cpu time     0.11 seconds
      memory              3648.25k
      OS Memory           31912.00k
      Timestamp           08/26/2026 09:48:50 PM
      Step Count                        1732  Switch Count  2
      Page Faults                       0
      Page Reclaims                     633
      Page Swaps                        0
      Voluntary Context Switches        11
      Involuntary Context Switches      3
      Block Input Operations            0
      Block Output Operations           310280
      

NOTE: [ADEG] Promoted date-scale *DTM on _qc_sas - vars=TRTSDTM TRTEDTM ADTM n_scale=0 n_midnight=78584 (XPT Date vs SAS datetime).
NOTE: [ADEG] m_qc_norm_dtm_scale starting on _qc_ref vars=TRTSDTM TRTEDTM ADTM

NOTE: There were 78756 observations read from the data set WORK._QC_REF.
NOTE: The data set WORK._QC_REF has 78756 observations and 108 variables.
NOTE: DATA statement used (Total process time):
      real time           0.07 seconds
      user cpu time       0.02 seconds
      system cpu time     0.05 seconds
      memory              3654.62k
89                                                         The SAS System                     Wednesday, August 26, 2026 02:48:50 PM

      OS Memory           31912.00k
      Timestamp           08/26/2026 09:48:50 PM
      Step Count                        1733  Switch Count  2
      Page Faults                       0
      Page Reclaims                     633
      Page Swaps                        0
      Voluntary Context Switches        11
      Involuntary Context Switches      1
      Block Input Operations            0
      Block Output Operations           150536
      

NOTE: [ADEG] Promoted date-scale *DTM on _qc_ref - vars=TRTSDTM TRTEDTM ADTM n_scale=216937 n_midnight=0 (XPT Date vs SAS datetime).

NOTE: There were 78756 observations read from the data set WORK._QC_SAS.
NOTE: The data set WORK._QC_SAS has 78756 observations and 108 variables.
NOTE: PROCEDURE SORT used (Total process time):
      real time           0.24 seconds
      user cpu time       0.06 seconds
      system cpu time     0.18 seconds
      memory              164714.28k
      OS Memory           191632.00k
      Timestamp           08/26/2026 09:48:51 PM
      Step Count                        1734  Switch Count  2
      Page Faults                       0
      Page Reclaims                     40741
      Page Swaps                        0
      Voluntary Context Switches        11
      Involuntary Context Switches      5
      Block Input Operations            0
      Block Output Operations           310280
      


NOTE: There were 78756 observations read from the data set WORK._QC_SAS.
NOTE: The data set WORK._QC_SAS has 78756 observations and 109 variables.
NOTE: DATA statement used (Total process time):
      real time           0.13 seconds
      user cpu time       0.04 seconds
      system cpu time     0.10 seconds
      memory              3639.18k
      OS Memory           31912.00k
      Timestamp           08/26/2026 09:48:51 PM
      Step Count                        1735  Switch Count  2
      Page Faults                       0
      Page Reclaims                     633
      Page Swaps                        0
      Voluntary Context Switches        11
      Involuntary Context Switches      4
      Block Input Operations            0
      Block Output Operations           310280
      


NOTE: There were 78756 observations read from the data set WORK._QC_SAS.
NOTE: The data set WORK._QC_SAS has 78756 observations and 109 variables.
NOTE: PROCEDURE SORT used (Total process time):
      real time           0.24 seconds
90                                                         The SAS System                     Wednesday, August 26, 2026 02:48:51 PM

      user cpu time       0.06 seconds
      system cpu time     0.19 seconds
      memory              166749.56k
      OS Memory           193676.00k
      Timestamp           08/26/2026 09:48:51 PM
      Step Count                        1736  Switch Count  2
      Page Faults                       0
      Page Reclaims                     41388
      Page Swaps                        0
      Voluntary Context Switches        11
      Involuntary Context Switches      1
      Block Input Operations            0
      Block Output Operations           310280
      


NOTE: There were 78756 observations read from the data set WORK._QC_REF.
NOTE: The data set WORK._QC_REF has 78756 observations and 108 variables.
NOTE: PROCEDURE SORT used (Total process time):
      real time           0.12 seconds
      user cpu time       0.04 seconds
      system cpu time     0.09 seconds
      memory              84289.34k
      OS Memory           111420.00k
      Timestamp           08/26/2026 09:48:51 PM
      Step Count                        1737  Switch Count  2
      Page Faults                       0
      Page Reclaims                     20657
      Page Swaps                        0
      Voluntary Context Switches        12
      Involuntary Context Switches      1
      Block Input Operations            0
      Block Output Operations           150536
      


NOTE: There were 78756 observations read from the data set WORK._QC_REF.
NOTE: The data set WORK._QC_REF has 78756 observations and 109 variables.
NOTE: DATA statement used (Total process time):
      real time           0.08 seconds
      user cpu time       0.02 seconds
      system cpu time     0.05 seconds
      memory              3639.46k
      OS Memory           31912.00k
      Timestamp           08/26/2026 09:48:51 PM
      Step Count                        1738  Switch Count  2
      Page Faults                       0
      Page Reclaims                     633
      Page Swaps                        0
      Voluntary Context Switches        11
      Involuntary Context Switches      2
      Block Input Operations            0
      Block Output Operations           151816
      


NOTE: There were 78756 observations read from the data set WORK._QC_REF.
NOTE: The data set WORK._QC_REF has 78756 observations and 109 variables.
91                                                         The SAS System                     Wednesday, August 26, 2026 02:48:51 PM

NOTE: PROCEDURE SORT used (Total process time):
      real time           0.12 seconds
      user cpu time       0.05 seconds
      system cpu time     0.08 seconds
      memory              84965.25k
      OS Memory           112096.00k
      Timestamp           08/26/2026 09:48:51 PM
      Step Count                        1739  Switch Count  2
      Page Faults                       0
      Page Reclaims                     20820
      Page Swaps                        0
      Voluntary Context Switches        11
      Involuntary Context Switches      1
      Block Input Operations            0
      Block Output Operations           151816
      

NOTE: PROCEDURE SQL used (Total process time):
      real time           0.05 seconds
      user cpu time       0.00 seconds
      system cpu time     0.05 seconds
      memory              6884.18k
      OS Memory           34472.00k
      Timestamp           08/26/2026 09:48:51 PM
      Step Count                        1740  Switch Count  2
      Page Faults                       0
      Page Reclaims                     544
      Page Swaps                        0
      Voluntary Context Switches        6
      Involuntary Context Switches      1
      Block Input Operations            0
      Block Output Operations           0
      

NOTE: [ADEG] Non-unique business key (USUBJID PARAMCD AVISITN ATPTN DTYPE ADT) - tiebreak=EGSEQ / _KEYSEQ in use.
NOTE: [ADEG] Same key group repeats (e.g. same-day same-term AE) - SAS _KEYSEQ>1 rows=63 REF=63
NOTE: [ADEG] Expected true multi-row groups - not a missing date in the key. Harmless when base_only/compare_only are 0.
NOTE: [ADEG] Not a FAIL - rows are kept. _KEYSEQ pairs 1:1. Extra sort key (VISITNUM) is optional.

NOTE: There were 20 observations read from the data set WORK._QC_SAS.
      WHERE _KEYSEQ>1;
NOTE: PROCEDURE PRINT used (Total process time):
      real time           0.03 seconds
      user cpu time       0.03 seconds
      system cpu time     0.02 seconds
      memory              2274.93k
      OS Memory           29608.00k
      Timestamp           08/26/2026 09:48:51 PM
      Step Count                        1741  Switch Count  0
      Page Faults                       0
      Page Reclaims                     322
      Page Swaps                        0
      Voluntary Context Switches        0
      Involuntary Context Switches      0
      Block Input Operations            0
      Block Output Operations           8
      

92                                                         The SAS System                     Wednesday, August 26, 2026 02:48:51 PM


NOTE: There were 78756 observations read from the data set WORK._QC_SAS.
NOTE: There were 78756 observations read from the data set WORK._QC_REF.
NOTE: The data set WORK._QC_KEYS has 0 observations and 8 variables.
NOTE: DATA statement used (Total process time):
      real time           0.07 seconds
      user cpu time       0.02 seconds
      system cpu time     0.05 seconds
      memory              3974.25k
      OS Memory           31660.00k
      Timestamp           08/26/2026 09:48:51 PM
      Step Count                        1742  Switch Count  5
      Page Faults                       0
      Page Reclaims                     714
      Page Swaps                        0
      Voluntary Context Switches        18
      Involuntary Context Switches      0
      Block Input Operations            0
      Block Output Operations           264
      

NOTE: PROCEDURE SQL used (Total process time):
      real time           0.00 seconds
      user cpu time       0.00 seconds
      system cpu time     0.00 seconds
      memory              5520.65k
      OS Memory           33448.00k
      Timestamp           08/26/2026 09:48:51 PM
      Step Count                        1743  Switch Count  0
      Page Faults                       0
      Page Reclaims                     90
      Page Swaps                        0
      Voluntary Context Switches        0
      Involuntary Context Switches      0
      Block Input Operations            0
      Block Output Operations           0
      

NOTE: [ADEG] key orphans SAS_ONLY=0 REF_ONLY=0 on key USUBJID PARAMCD AVISITN ATPTN DTYPE ADT

NOTE: Numeric values have been converted to character values at the places given by: (Line):(Column).
      3446:1   3446:1   3446:1   3446:1   3446:1   3446:1   3446:1   3446:1   3446:1   3446:1   3446:1   3446:1   3446:1   3446:1
      3446:1   3446:1   
WARNING: Multiple lengths were specified for the variable EGTPT by input data set(s). This can cause truncation of data.
NOTE: Missing values were generated as a result of performing an operation on missing values.
      Each place is given by: (Number of times) at (Line):(Column).
      2057 at 3446:97     2057 at 3446:104    2057 at 3446:97     2057 at 3446:104    35384 at 3446:97    35384 at 3446:104
      35384 at 3446:97    35384 at 3446:104   
NOTE: There were 78756 observations read from the data set WORK._QC_SAS.
NOTE: There were 78756 observations read from the data set WORK._QC_REF.
NOTE: The data set WORK._QC_MIS has 0 observations and 12 variables.
NOTE: DATA statement used (Total process time):
      real time           0.19 seconds
      user cpu time       0.15 seconds
      system cpu time     0.04 seconds
      memory              4618.43k
      OS Memory           32152.00k
      Timestamp           08/26/2026 09:48:52 PM
93                                                         The SAS System                     Wednesday, August 26, 2026 02:48:52 PM

      Step Count                        1744  Switch Count  2
      Page Faults                       0
      Page Reclaims                     810
      Page Swaps                        0
      Voluntary Context Switches        11
      Involuntary Context Switches      1
      Block Input Operations            0
      Block Output Operations           264
      

NOTE: PROCEDURE SQL used (Total process time):
      real time           0.00 seconds
      user cpu time       0.00 seconds
      system cpu time     0.00 seconds
      memory              5460.12k
      OS Memory           33448.00k
      Timestamp           08/26/2026 09:48:52 PM
      Step Count                        1745  Switch Count  0
      Page Faults                       0
      Page Reclaims                     52
      Page Swaps                        0
      Voluntary Context Switches        0
      Involuntary Context Switches      0
      Block Input Operations            0
      Block Output Operations           0
      

NOTE: [ADEG] value mismatches=0
NOTE: [ADEG] COMPARE PASSED

NOTE: Appending WORK._QC_MIS to WORK._QC_ALL_MIS.
WARNING: Variable AVISITN was not found on BASE file. The variable will not be added to the BASE file.
WARNING: Variable ATPTN was not found on BASE file. The variable will not be added to the BASE file.
WARNING: Variable DTYPE was not found on BASE file. The variable will not be added to the BASE file.
WARNING: Variable USUBJID has different lengths on BASE and DATA files (BASE 40 DATA 11).
WARNING: Variable PARAMCD has different lengths on BASE and DATA files (BASE 16 DATA 8).
WARNING: Variable AVISIT was not found on DATA file.
WARNING: Variable AEDECOD was not found on DATA file.
WARNING: Variable CMDECOD was not found on DATA file.
WARNING: Variable AESEQ was not found on DATA file.
WARNING: Variable VSSEQ was not found on DATA file.
WARNING: Variable CMSEQ was not found on DATA file.
WARNING: Variable LBSEQ was not found on DATA file.
WARNING: Variable ASTDT was not found on DATA file.
NOTE: FORCE is specified, so dropping/truncating will occur.
NOTE: There were 0 observations read from the data set WORK._QC_MIS.
NOTE: 0 observations added.
NOTE: The data set WORK._QC_ALL_MIS has 0 observations and 17 variables.
NOTE: PROCEDURE APPEND used (Total process time):
      real time           0.00 seconds
      user cpu time       0.00 seconds
      system cpu time     0.00 seconds
      memory              974.46k
      OS Memory           28844.00k
      Timestamp           08/26/2026 09:48:52 PM
      Step Count                        1746  Switch Count  0
      Page Faults                       0
      Page Reclaims                     116
94                                                         The SAS System                     Wednesday, August 26, 2026 02:48:52 PM

      Page Swaps                        0
      Voluntary Context Switches        0
      Involuntary Context Switches      0
      Block Input Operations            0
      Block Output Operations           8
      

NOTE: ===== COMPARE ADEG: n_sas(compare)=78756  n_ref(base)=78756 =====
NOTE: [PROC COMPARE ADEG] Row counts match (n=78756) - proceeding to key match and value compare.
NOTE: [ADEG] keysrc=CALLER - ignoring adam/ref SORTEDBY - using sortkeys=USUBJID PARAMCD AVISITN ATPTN DTYPE ADT tiebreak=EGSEQ
NOTE: [ADEG] MATCH KEY source=CALLER sortkeys=USUBJID PARAMCD AVISITN ATPTN DTYPE ADT tiebreak=EGSEQ plus derived _KEYSEQ

NOTE: There were 78756 observations read from the data set ADAM.ADEG.
NOTE: The data set WORK._PC_COMP has 78756 observations and 108 variables.
NOTE: DATA statement used (Total process time):
      real time           0.11 seconds
      user cpu time       0.02 seconds
      system cpu time     0.10 seconds
      memory              3602.43k
      OS Memory           31912.00k
      Timestamp           08/26/2026 09:48:52 PM
      Step Count                        1747  Switch Count  2
      Page Faults                       0
      Page Reclaims                     633
      Page Swaps                        0
      Voluntary Context Switches        19
      Involuntary Context Switches      3
      Block Input Operations            0
      Block Output Operations           310280
      


NOTE: There were 78756 observations read from the data set REF_PVA.REFADEG.
NOTE: The data set WORK._PC_BASE has 78756 observations and 108 variables.
NOTE: DATA statement used (Total process time):
      real time           0.05 seconds
      user cpu time       0.01 seconds
      system cpu time     0.04 seconds
      memory              3607.65k
      OS Memory           31912.00k
      Timestamp           08/26/2026 09:48:52 PM
      Step Count                        1748  Switch Count  2
      Page Faults                       0
      Page Reclaims                     633
      Page Swaps                        0
      Voluntary Context Switches        19
      Involuntary Context Switches      2
      Block Input Operations            0
      Block Output Operations           150536
      

NOTE: PROCEDURE SQL used (Total process time):
      real time           0.06 seconds
      user cpu time       0.03 seconds
      system cpu time     0.03 seconds
      memory              6861.03k
      OS Memory           34472.00k
      Timestamp           08/26/2026 09:48:52 PM
95                                                         The SAS System                     Wednesday, August 26, 2026 02:48:52 PM

      Step Count                        1749  Switch Count  1
      Page Faults                       0
      Page Reclaims                     279
      Page Swaps                        0
      Voluntary Context Switches        3
      Involuntary Context Switches      0
      Block Input Operations            0
      Block Output Operations           0
      

NOTE: [ADEG] SAS key USUBJID already uppercase (or all missing).
NOTE: PROCEDURE SQL used (Total process time):
      real time           0.06 seconds
      user cpu time       0.03 seconds
      system cpu time     0.03 seconds
      memory              6861.03k
      OS Memory           34472.00k
      Timestamp           08/26/2026 09:48:52 PM
      Step Count                        1750  Switch Count  1
      Page Faults                       0
      Page Reclaims                     279
      Page Swaps                        0
      Voluntary Context Switches        3
      Involuntary Context Switches      0
      Block Input Operations            0
      Block Output Operations           0
      

NOTE: [ADEG] SAS key PARAMCD already uppercase (or all missing).
NOTE: PROCEDURE SQL used (Total process time):
      real time           0.04 seconds
      user cpu time       0.02 seconds
      system cpu time     0.03 seconds
      memory              6861.03k
      OS Memory           34472.00k
      Timestamp           08/26/2026 09:48:52 PM
      Step Count                        1751  Switch Count  1
      Page Faults                       0
      Page Reclaims                     279
      Page Swaps                        0
      Voluntary Context Switches        3
      Involuntary Context Switches      0
      Block Input Operations            0
      Block Output Operations           0
      

NOTE: [ADEG] SAS key DTYPE already uppercase (or all missing).
NOTE: PROCEDURE SQL used (Total process time):
      real time           0.04 seconds
      user cpu time       0.03 seconds
      system cpu time     0.02 seconds
      memory              6861.50k
      OS Memory           34472.00k
      Timestamp           08/26/2026 09:48:52 PM
      Step Count                        1752  Switch Count  1
      Page Faults                       0
      Page Reclaims                     279
      Page Swaps                        0
96                                                         The SAS System                     Wednesday, August 26, 2026 02:48:52 PM

      Voluntary Context Switches        3
      Involuntary Context Switches      1
      Block Input Operations            0
      Block Output Operations           0
      

NOTE: [ADEG] REF key USUBJID already uppercase (or all missing).
NOTE: PROCEDURE SQL used (Total process time):
      real time           0.04 seconds
      user cpu time       0.04 seconds
      system cpu time     0.01 seconds
      memory              6861.50k
      OS Memory           34472.00k
      Timestamp           08/26/2026 09:48:52 PM
      Step Count                        1753  Switch Count  1
      Page Faults                       0
      Page Reclaims                     279
      Page Swaps                        0
      Voluntary Context Switches        3
      Involuntary Context Switches      0
      Block Input Operations            0
      Block Output Operations           0
      

NOTE: [ADEG] REF key PARAMCD already uppercase (or all missing).
NOTE: PROCEDURE SQL used (Total process time):
      real time           0.03 seconds
      user cpu time       0.02 seconds
      system cpu time     0.01 seconds
      memory              6861.50k
      OS Memory           34472.00k
      Timestamp           08/26/2026 09:48:52 PM
      Step Count                        1754  Switch Count  1
      Page Faults                       0
      Page Reclaims                     279
      Page Swaps                        0
      Voluntary Context Switches        3
      Involuntary Context Switches      0
      Block Input Operations            0
      Block Output Operations           0
      

NOTE: [ADEG] REF key DTYPE already uppercase (or all missing).

NOTE: There were 78756 observations read from the data set WORK._PC_COMP.
NOTE: The data set WORK._PC_COMP has 78756 observations and 108 variables.
NOTE: DATA statement used (Total process time):
      real time           0.12 seconds
      user cpu time       0.03 seconds
      system cpu time     0.10 seconds
      memory              3614.34k
      OS Memory           31912.00k
      Timestamp           08/26/2026 09:48:52 PM
      Step Count                        1755  Switch Count  10
      Page Faults                       0
      Page Reclaims                     634
      Page Swaps                        0
      Voluntary Context Switches        34
97                                                         The SAS System                     Wednesday, August 26, 2026 02:48:52 PM

      Involuntary Context Switches      1
      Block Input Operations            0
      Block Output Operations           310280
      

NOTE: [ADEG] Key USUBJID upcased and stripped on _pc_comp for case-safe match

NOTE: There were 78756 observations read from the data set WORK._PC_COMP.
NOTE: The data set WORK._PC_COMP has 78756 observations and 108 variables.
NOTE: DATA statement used (Total process time):
      real time           0.12 seconds
      user cpu time       0.03 seconds
      system cpu time     0.10 seconds
      memory              3614.31k
      OS Memory           31912.00k
      Timestamp           08/26/2026 09:48:52 PM
      Step Count                        1756  Switch Count  2
      Page Faults                       0
      Page Reclaims                     633
      Page Swaps                        0
      Voluntary Context Switches        12
      Involuntary Context Switches      5
      Block Input Operations            0
      Block Output Operations           310280
      

NOTE: [ADEG] Key PARAMCD upcased and stripped on _pc_comp for case-safe match

NOTE: There were 78756 observations read from the data set WORK._PC_COMP.
NOTE: The data set WORK._PC_COMP has 78756 observations and 108 variables.
NOTE: DATA statement used (Total process time):
      real time           0.12 seconds
      user cpu time       0.02 seconds
      system cpu time     0.10 seconds
      memory              3614.12k
      OS Memory           31912.00k
      Timestamp           08/26/2026 09:48:53 PM
      Step Count                        1757  Switch Count  2
      Page Faults                       0
      Page Reclaims                     633
      Page Swaps                        0
      Voluntary Context Switches        11
      Involuntary Context Switches      0
      Block Input Operations            0
      Block Output Operations           310280
      

NOTE: [ADEG] Key DTYPE upcased and stripped on _pc_comp for case-safe match

NOTE: There were 78756 observations read from the data set WORK._PC_BASE.
NOTE: The data set WORK._PC_BASE has 78756 observations and 108 variables.
NOTE: DATA statement used (Total process time):
      real time           0.06 seconds
      user cpu time       0.01 seconds
      system cpu time     0.06 seconds
      memory              3617.15k
      OS Memory           31912.00k
      Timestamp           08/26/2026 09:48:53 PM
98                                                         The SAS System                     Wednesday, August 26, 2026 02:48:53 PM

      Step Count                        1758  Switch Count  2
      Page Faults                       0
      Page Reclaims                     633
      Page Swaps                        0
      Voluntary Context Switches        11
      Involuntary Context Switches      1
      Block Input Operations            0
      Block Output Operations           150536
      

NOTE: [ADEG] Key USUBJID upcased and stripped on _pc_base for case-safe match

NOTE: There were 78756 observations read from the data set WORK._PC_BASE.
NOTE: The data set WORK._PC_BASE has 78756 observations and 108 variables.
NOTE: DATA statement used (Total process time):
      real time           0.06 seconds
      user cpu time       0.03 seconds
      system cpu time     0.04 seconds
      memory              3616.53k
      OS Memory           31912.00k
      Timestamp           08/26/2026 09:48:53 PM
      Step Count                        1759  Switch Count  2
      Page Faults                       0
      Page Reclaims                     633
      Page Swaps                        0
      Voluntary Context Switches        11
      Involuntary Context Switches      4
      Block Input Operations            0
      Block Output Operations           150536
      

NOTE: [ADEG] Key PARAMCD upcased and stripped on _pc_base for case-safe match

NOTE: There were 78756 observations read from the data set WORK._PC_BASE.
NOTE: The data set WORK._PC_BASE has 78756 observations and 108 variables.
NOTE: DATA statement used (Total process time):
      real time           0.06 seconds
      user cpu time       0.02 seconds
      system cpu time     0.04 seconds
      memory              3616.34k
      OS Memory           31912.00k
      Timestamp           08/26/2026 09:48:53 PM
      Step Count                        1760  Switch Count  2
      Page Faults                       0
      Page Reclaims                     633
      Page Swaps                        0
      Voluntary Context Switches        11
      Involuntary Context Switches      1
      Block Input Operations            0
      Block Output Operations           150536
      

NOTE: [ADEG] Key DTYPE upcased and stripped on _pc_base for case-safe match

NOTE: Missing values were generated as a result of performing an operation on missing values.
      Each place is given by: (Number of times) at (Line):(Column).
      78756 at 3446:60   172 at 3446:60     78067 at 3446:60   
NOTE: There were 78756 observations read from the data set WORK._PC_COMP.
99                                                         The SAS System                     Wednesday, August 26, 2026 02:48:53 PM

NOTE: The data set WORK._PC_COMP has 78756 observations and 108 variables.
NOTE: DATA statement used (Total process time):
      real time           0.15 seconds
      user cpu time       0.06 seconds
      system cpu time     0.09 seconds
      memory              3641.37k
      OS Memory           31912.00k
      Timestamp           08/26/2026 09:48:53 PM
      Step Count                        1761  Switch Count  2
      Page Faults                       0
      Page Reclaims                     633
      Page Swaps                        0
      Voluntary Context Switches        12
      Involuntary Context Switches      2
      Block Input Operations            0
      Block Output Operations           310280
      


NOTE: Missing values were generated as a result of performing an operation on missing values.
      Each place is given by: (Number of times) at (Line):(Column).
      78756 at 3446:60   172 at 3446:60     78067 at 3446:60   
NOTE: There were 78756 observations read from the data set WORK._PC_BASE.
NOTE: The data set WORK._PC_BASE has 78756 observations and 108 variables.
NOTE: DATA statement used (Total process time):
      real time           0.09 seconds
      user cpu time       0.04 seconds
      system cpu time     0.06 seconds
      memory              3647.03k
      OS Memory           31912.00k
      Timestamp           08/26/2026 09:48:53 PM
      Step Count                        1762  Switch Count  2
      Page Faults                       0
      Page Reclaims                     633
      Page Swaps                        0
      Voluntary Context Switches        12
      Involuntary Context Switches      0
      Block Input Operations            0
      Block Output Operations           150536
      

NOTE: [ADEG] m_qc_norm_dtm_scale starting on _pc_comp vars=TRTSDTM TRTEDTM ADTM

NOTE: There were 78756 observations read from the data set WORK._PC_COMP.
NOTE: The data set WORK._PC_COMP has 78756 observations and 108 variables.
NOTE: DATA statement used (Total process time):
      real time           0.13 seconds
      user cpu time       0.03 seconds
      system cpu time     0.10 seconds
      memory              3648.03k
      OS Memory           31912.00k
      Timestamp           08/26/2026 09:48:53 PM
      Step Count                        1763  Switch Count  2
      Page Faults                       0
      Page Reclaims                     633
      Page Swaps                        0
      Voluntary Context Switches        11
      Involuntary Context Switches      1
100                                                        The SAS System                     Wednesday, August 26, 2026 02:48:53 PM

      Block Input Operations            0
      Block Output Operations           310280
      

NOTE: [ADEG] Promoted date-scale *DTM on _pc_comp - vars=TRTSDTM TRTEDTM ADTM n_scale=0 n_midnight=78584 (XPT Date vs SAS datetime).
NOTE: [ADEG] m_qc_norm_dtm_scale starting on _pc_base vars=TRTSDTM TRTEDTM ADTM

NOTE: There were 78756 observations read from the data set WORK._PC_BASE.
NOTE: The data set WORK._PC_BASE has 78756 observations and 108 variables.
NOTE: DATA statement used (Total process time):
      real time           0.07 seconds
      user cpu time       0.02 seconds
      system cpu time     0.06 seconds
      memory              3654.37k
      OS Memory           31912.00k
      Timestamp           08/26/2026 09:48:53 PM
      Step Count                        1764  Switch Count  2
      Page Faults                       0
      Page Reclaims                     633
      Page Swaps                        0
      Voluntary Context Switches        11
      Involuntary Context Switches      0
      Block Input Operations            0
      Block Output Operations           150536
      

NOTE: [ADEG] Promoted date-scale *DTM on _pc_base - vars=TRTSDTM TRTEDTM ADTM n_scale=216937 n_midnight=0 (XPT Date vs SAS 
datetime).

NOTE: There were 78756 observations read from the data set WORK._PC_COMP.
NOTE: The data set WORK._PC_COMP has 78756 observations and 108 variables.
NOTE: PROCEDURE SORT used (Total process time):
      real time           0.24 seconds
      user cpu time       0.06 seconds
      system cpu time     0.18 seconds
      memory              164714.28k
      OS Memory           191632.00k
      Timestamp           08/26/2026 09:48:54 PM
      Step Count                        1765  Switch Count  2
      Page Faults                       0
      Page Reclaims                     40741
      Page Swaps                        0
      Voluntary Context Switches        11
      Involuntary Context Switches      1
      Block Input Operations            0
      Block Output Operations           310280
      


NOTE: There were 78756 observations read from the data set WORK._PC_COMP.
NOTE: The data set WORK._PC_COMP has 78756 observations and 109 variables.
NOTE: DATA statement used (Total process time):
      real time           0.13 seconds
      user cpu time       0.04 seconds
      system cpu time     0.10 seconds
      memory              3639.18k
      OS Memory           31912.00k
      Timestamp           08/26/2026 09:48:54 PM
101                                                        The SAS System                     Wednesday, August 26, 2026 02:48:54 PM

      Step Count                        1766  Switch Count  2
      Page Faults                       0
      Page Reclaims                     633
      Page Swaps                        0
      Voluntary Context Switches        11
      Involuntary Context Switches      1
      Block Input Operations            0
      Block Output Operations           310280
      


NOTE: There were 78756 observations read from the data set WORK._PC_COMP.
NOTE: The data set WORK._PC_COMP has 78756 observations and 109 variables.
NOTE: PROCEDURE SORT used (Total process time):
      real time           0.24 seconds
      user cpu time       0.06 seconds
      system cpu time     0.18 seconds
      memory              166749.56k
      OS Memory           193676.00k
      Timestamp           08/26/2026 09:48:54 PM
      Step Count                        1767  Switch Count  2
      Page Faults                       0
      Page Reclaims                     41388
      Page Swaps                        0
      Voluntary Context Switches        11
      Involuntary Context Switches      3
      Block Input Operations            0
      Block Output Operations           310280
      


NOTE: There were 78756 observations read from the data set WORK._PC_BASE.
NOTE: The data set WORK._PC_BASE has 78756 observations and 108 variables.
NOTE: PROCEDURE SORT used (Total process time):
      real time           0.12 seconds
      user cpu time       0.04 seconds
      system cpu time     0.08 seconds
      memory              84289.34k
      OS Memory           111420.00k
      Timestamp           08/26/2026 09:48:54 PM
      Step Count                        1768  Switch Count  2
      Page Faults                       0
      Page Reclaims                     20657
      Page Swaps                        0
      Voluntary Context Switches        11
      Involuntary Context Switches      3
      Block Input Operations            0
      Block Output Operations           150536
      


NOTE: There were 78756 observations read from the data set WORK._PC_BASE.
NOTE: The data set WORK._PC_BASE has 78756 observations and 109 variables.
NOTE: DATA statement used (Total process time):
      real time           0.07 seconds
      user cpu time       0.03 seconds
      system cpu time     0.04 seconds
      memory              3639.46k
102                                                        The SAS System                     Wednesday, August 26, 2026 02:48:54 PM

      OS Memory           31912.00k
      Timestamp           08/26/2026 09:48:54 PM
      Step Count                        1769  Switch Count  2
      Page Faults                       0
      Page Reclaims                     633
      Page Swaps                        0
      Voluntary Context Switches        11
      Involuntary Context Switches      0
      Block Input Operations            0
      Block Output Operations           151816
      


NOTE: There were 78756 observations read from the data set WORK._PC_BASE.
NOTE: The data set WORK._PC_BASE has 78756 observations and 109 variables.
NOTE: PROCEDURE SORT used (Total process time):
      real time           0.12 seconds
      user cpu time       0.04 seconds
      system cpu time     0.08 seconds
      memory              84965.25k
      OS Memory           112096.00k
      Timestamp           08/26/2026 09:48:54 PM
      Step Count                        1770  Switch Count  2
      Page Faults                       0
      Page Reclaims                     20820
      Page Swaps                        0
      Voluntary Context Switches        12
      Involuntary Context Switches      1
      Block Input Operations            0
      Block Output Operations           151816
      

NOTE: PROCEDURE SQL used (Total process time):
      real time           0.05 seconds
      user cpu time       0.01 seconds
      system cpu time     0.04 seconds
      memory              6884.18k
      OS Memory           34472.00k
      Timestamp           08/26/2026 09:48:54 PM
      Step Count                        1771  Switch Count  2
      Page Faults                       0
      Page Reclaims                     544
      Page Swaps                        0
      Voluntary Context Switches        6
      Involuntary Context Switches      1
      Block Input Operations            0
      Block Output Operations           0
      

NOTE: [ADEG] Non-unique business key (USUBJID PARAMCD AVISITN ATPTN DTYPE ADT) - tiebreak=EGSEQ / _KEYSEQ in use.
NOTE: [ADEG] Same key group repeats (e.g. same-day same-term AE) - SAS _KEYSEQ>1 rows=63 REF=63
NOTE: [ADEG] Expected true multi-row groups - not a missing date in the key. Harmless when base_only/compare_only are 0.
NOTE: [ADEG] Not a FAIL - rows are kept. _KEYSEQ pairs 1:1. Extra sort key (VISITNUM) is optional.

NOTE: There were 20 observations read from the data set WORK._PC_COMP.
      WHERE _KEYSEQ>1;
NOTE: PROCEDURE PRINT used (Total process time):
      real time           0.03 seconds
103                                                        The SAS System                     Wednesday, August 26, 2026 02:48:54 PM

      user cpu time       0.03 seconds
      system cpu time     0.01 seconds
      memory              2274.93k
      OS Memory           29608.00k
      Timestamp           08/26/2026 09:48:54 PM
      Step Count                        1772  Switch Count  0
      Page Faults                       0
      Page Reclaims                     322
      Page Swaps                        0
      Voluntary Context Switches        0
      Involuntary Context Switches      0
      Block Input Operations            0
      Block Output Operations           24
      

NOTE: [PROC COMPARE ADEG] Applying m_qc_norm_dtm_scale on _pc_base/_pc_comp before PROC COMPARE.
NOTE: [ADEG_pc_base] m_qc_norm_dtm_scale starting on _pc_base vars=TRTSDTM TRTEDTM ADTM

NOTE: There were 78756 observations read from the data set WORK._PC_BASE.
NOTE: The data set WORK._PC_BASE has 78756 observations and 109 variables.
NOTE: DATA statement used (Total process time):
      real time           0.07 seconds
      user cpu time       0.02 seconds
      system cpu time     0.06 seconds
      memory              3654.62k
      OS Memory           31912.00k
      Timestamp           08/26/2026 09:48:54 PM
      Step Count                        1773  Switch Count  5
      Page Faults                       0
      Page Reclaims                     633
      Page Swaps                        0
      Voluntary Context Switches        18
      Involuntary Context Switches      0
      Block Input Operations            0
      Block Output Operations           151816
      

NOTE: [ADEG_pc_base] Promoted date-scale *DTM on _pc_base - vars=TRTSDTM TRTEDTM ADTM n_scale=0 n_midnight=0 (XPT Date vs SAS 
datetime).
NOTE: [ADEG_pc_comp] m_qc_norm_dtm_scale starting on _pc_comp vars=TRTSDTM TRTEDTM ADTM

NOTE: There were 78756 observations read from the data set WORK._PC_COMP.
NOTE: The data set WORK._PC_COMP has 78756 observations and 109 variables.
NOTE: DATA statement used (Total process time):
      real time           0.13 seconds
      user cpu time       0.02 seconds
      system cpu time     0.12 seconds
      memory              3646.87k
      OS Memory           31912.00k
      Timestamp           08/26/2026 09:48:55 PM
      Step Count                        1774  Switch Count  2
      Page Faults                       0
      Page Reclaims                     633
      Page Swaps                        0
      Voluntary Context Switches        11
      Involuntary Context Switches      2
      Block Input Operations            0
      Block Output Operations           310280
104                                                        The SAS System                     Wednesday, August 26, 2026 02:48:55 PM

      

NOTE: [ADEG_pc_comp] Promoted date-scale *DTM on _pc_comp - vars=TRTSDTM TRTEDTM ADTM n_scale=0 n_midnight=0 (XPT Date vs SAS 
datetime).

NOTE: There were 78756 observations read from the data set WORK._PC_BASE.
NOTE: There were 78756 observations read from the data set WORK._PC_COMP.
NOTE: The data set WORK._PC_OUT has 172620 observations and 110 variables.
NOTE: PROCEDURE COMPARE used (Total process time):
      real time           0.61 seconds
      user cpu time       0.42 seconds
      system cpu time     0.18 seconds
      memory              5432.37k
      OS Memory           33964.00k
      Timestamp           08/26/2026 09:48:55 PM
      Step Count                        1775  Switch Count  2
      Page Faults                       0
      Page Reclaims                     1026
      Page Swaps                        0
      Voluntary Context Switches        11
      Involuntary Context Switches      1
      Block Input Operations            0
      Block Output Operations           690704
      


WARNING: Multiple lengths were specified for the BY variable PARAMCD by input data sets. This might cause unexpected results.
WARNING: Multiple lengths were specified for the BY variable DTYPE by input data sets. This might cause unexpected results.
NOTE: There were 78756 observations read from the data set WORK._PC_BASE.
NOTE: There were 78756 observations read from the data set WORK._PC_COMP.
NOTE: The data set WORK._PC_OB has 0 observations and 7 variables.
NOTE: The data set WORK._PC_OC has 0 observations and 7 variables.
NOTE: DATA statement used (Total process time):
      real time           0.08 seconds
      user cpu time       0.03 seconds
      system cpu time     0.06 seconds
      memory              4262.43k
      OS Memory           31920.00k
      Timestamp           08/26/2026 09:48:55 PM
      Step Count                        1776  Switch Count  4
      Page Faults                       0
      Page Reclaims                     778
      Page Swaps                        0
      Voluntary Context Switches        20
      Involuntary Context Switches      1
      Block Input Operations            0
      Block Output Operations           528
      

NOTE: PROCEDURE SQL used (Total process time):
      real time           0.00 seconds
      user cpu time       0.00 seconds
      system cpu time     0.00 seconds
      memory              5524.87k
      OS Memory           33448.00k
      Timestamp           08/26/2026 09:48:55 PM
      Step Count                        1777  Switch Count  0
      Page Faults                       0
105                                                        The SAS System                     Wednesday, August 26, 2026 02:48:55 PM

      Page Reclaims                     90
      Page Swaps                        0
      Voluntary Context Switches        0
      Involuntary Context Switches      0
      Block Input Operations            0
      Block Output Operations           0
      


NOTE: There were 172620 observations read from the data set WORK._PC_OUT.
NOTE: The data set WORK._PC_OD has 57540 observations and 110 variables.
NOTE: DATA statement used (Total process time):
      real time           0.14 seconds
      user cpu time       0.04 seconds
      system cpu time     0.11 seconds
      memory              3616.50k
      OS Memory           31912.00k
      Timestamp           08/26/2026 09:48:55 PM
      Step Count                        1778  Switch Count  2
      Page Faults                       0
      Page Reclaims                     633
      Page Swaps                        0
      Voluntary Context Switches        11
      Involuntary Context Switches      0
      Block Input Operations            0
      Block Output Operations           230408
      

NOTE: PROCEDURE SQL used (Total process time):
      real time           0.00 seconds
      user cpu time       0.00 seconds
      system cpu time     0.00 seconds
      memory              6822.90k
      OS Memory           34472.00k
      Timestamp           08/26/2026 09:48:55 PM
      Step Count                        1779  Switch Count  0
      Page Faults                       0
      Page Reclaims                     279
      Page Swaps                        0
      Voluntary Context Switches        0
      Involuntary Context Switches      0
      Block Input Operations            0
      Block Output Operations           0
      

NOTE: [PROC COMPARE ADEG] diffs=57540 base_only=0 compare_only=0
NOTE: PROCEDURE SQL used (Total process time):
      real time           0.00 seconds
      user cpu time       0.00 seconds
      system cpu time     0.01 seconds
      memory              5647.31k
      OS Memory           33448.00k
      Timestamp           08/26/2026 09:48:55 PM
      Step Count                        1780  Switch Count  0
      Page Faults                       0
      Page Reclaims                     90
      Page Swaps                        0
      Voluntary Context Switches        0
106                                                        The SAS System                     Wednesday, August 26, 2026 02:48:55 PM

      Involuntary Context Switches      1
      Block Input Operations            0
      Block Output Operations           0
      


NOTE: The data set WORK._PC_ROW has 1 observations and 4 variables.
NOTE: DATA statement used (Total process time):
      real time           0.00 seconds
      user cpu time       0.00 seconds
      system cpu time     0.00 seconds
      memory              817.25k
      OS Memory           28600.00k
      Timestamp           08/26/2026 09:48:55 PM
      Step Count                        1781  Switch Count  2
      Page Faults                       0
      Page Reclaims                     156
      Page Swaps                        0
      Voluntary Context Switches        11
      Involuntary Context Switches      1
      Block Input Operations            0
      Block Output Operations           264
      


NOTE: Appending WORK._PC_ROW to WORK.QC_PROCOMPARE_DIGEST.
NOTE: There were 1 observations read from the data set WORK._PC_ROW.
NOTE: 1 observations added.
NOTE: The data set WORK.QC_PROCOMPARE_DIGEST has 4 observations and 4 variables.
NOTE: PROCEDURE APPEND used (Total process time):
      real time           0.00 seconds
      user cpu time       0.00 seconds
      system cpu time     0.00 seconds
      memory              864.18k
      OS Memory           28844.00k
      Timestamp           08/26/2026 09:48:55 PM
      Step Count                        1782  Switch Count  0
      Page Faults                       0
      Page Reclaims                     116
      Page Swaps                        0
      Voluntary Context Switches        0
      Involuntary Context Switches      0
      Block Input Operations            0
      Block Output Operations           8
      

NOTE: ===== STACKED_DIF_FINGERPRINT=20260824G label=ADEG n_dif=57540 =====
NOTE: If Results still show lone E with title without PVA over SAS - ODA has a STALE m_qc_procompare_pva.sas
WARNING: [PROC COMPARE ADEG] Value differences - stacked PVA/SAS sample follows (not raw OUTDIF).

NOTE: There were 78756 observations read from the data set WORK._PC_BASE.
NOTE: The data set WORK._PC_BASE has 78756 observations and 109 variables.
NOTE: DATA statement used (Total process time):
      real time           0.06 seconds
      user cpu time       0.01 seconds
      system cpu time     0.05 seconds
      memory              3600.15k
      OS Memory           31912.00k
107                                                        The SAS System                     Wednesday, August 26, 2026 02:48:56 PM

      Timestamp           08/26/2026 09:48:56 PM
      Step Count                        1783  Switch Count  2
      Page Faults                       0
      Page Reclaims                     633
      Page Swaps                        0
      Voluntary Context Switches        11
      Involuntary Context Switches      1
      Block Input Operations            0
      Block Output Operations           151816
      


NOTE: There were 78756 observations read from the data set WORK._PC_COMP.
NOTE: The data set WORK._PC_COMP has 78756 observations and 109 variables.
NOTE: DATA statement used (Total process time):
      real time           0.13 seconds
      user cpu time       0.03 seconds
      system cpu time     0.11 seconds
      memory              3601.31k
      OS Memory           31912.00k
      Timestamp           08/26/2026 09:48:56 PM
      Step Count                        1784  Switch Count  2
      Page Faults                       0
      Page Reclaims                     633
      Page Swaps                        0
      Voluntary Context Switches        11
      Involuntary Context Switches      1
      Block Input Operations            0
      Block Output Operations           310280
      


NOTE: There were 172620 observations read from the data set WORK._PC_OUT.
NOTE: The data set WORK._PDF_OD has 57540 observations and 7 variables.
NOTE: DATA statement used (Total process time):
      real time           0.10 seconds
      user cpu time       0.03 seconds
      system cpu time     0.06 seconds
      memory              3566.96k
      OS Memory           31912.00k
      Timestamp           08/26/2026 09:48:56 PM
      Step Count                        1785  Switch Count  2
      Page Faults                       0
      Page Reclaims                     633
      Page Swaps                        0
      Voluntary Context Switches        12
      Involuntary Context Switches      0
      Block Input Operations            0
      Block Output Operations           6408
      


NOTE: There were 57540 observations read from the data set WORK._PDF_OD.
NOTE: 0 observations with duplicate key values were deleted.
NOTE: The data set WORK._PDF_OD has 57540 observations and 7 variables.
NOTE: PROCEDURE SORT used (Total process time):
      real time           0.01 seconds
      user cpu time       0.01 seconds
108                                                        The SAS System                     Wednesday, August 26, 2026 02:48:56 PM

      system cpu time     0.01 seconds
      memory              9872.78k
      OS Memory           37344.00k
      Timestamp           08/26/2026 09:48:56 PM
      Step Count                        1786  Switch Count  2
      Page Faults                       0
      Page Reclaims                     2237
      Page Swaps                        0
      Voluntary Context Switches        11
      Involuntary Context Switches      0
      Block Input Operations            0
      Block Output Operations           6408
      

NOTE: PROCEDURE SQL used (Total process time):
      real time           0.00 seconds
      user cpu time       0.00 seconds
      system cpu time     0.00 seconds
      memory              6802.65k
      OS Memory           34472.00k
      Timestamp           08/26/2026 09:48:56 PM
      Step Count                        1787  Switch Count  0
      Page Faults                       0
      Page Reclaims                     279
      Page Swaps                        0
      Voluntary Context Switches        0
      Involuntary Context Switches      0
      Block Input Operations            0
      Block Output Operations           0
      

NOTE: ===== STACKED_DIF_FINGERPRINT=20260824G helper loaded =====

NOTE: The data set WORK._PDF_BVARS has 109 observations and 2 variables.
NOTE: PROCEDURE CONTENTS used (Total process time):
      real time           0.00 seconds
      user cpu time       0.00 seconds
      system cpu time     0.00 seconds
      memory              2391.09k
      OS Memory           29868.00k
      Timestamp           08/26/2026 09:48:56 PM
      Step Count                        1788  Switch Count  2
      Page Faults                       0
      Page Reclaims                     375
      Page Swaps                        0
      Voluntary Context Switches        9
      Involuntary Context Switches      0
      Block Input Operations            0
      Block Output Operations           272
      


NOTE: The data set WORK._PDF_CVARS has 109 observations and 2 variables.
NOTE: PROCEDURE CONTENTS used (Total process time):
      real time           0.00 seconds
      user cpu time       0.00 seconds
      system cpu time     0.00 seconds
      memory              2393.37k
109                                                        The SAS System                     Wednesday, August 26, 2026 02:48:56 PM

      OS Memory           29868.00k
      Timestamp           08/26/2026 09:48:56 PM
      Step Count                        1789  Switch Count  2
      Page Faults                       0
      Page Reclaims                     375
      Page Swaps                        0
      Voluntary Context Switches        9
      Involuntary Context Switches      0
      Block Input Operations            0
      Block Output Operations           272
      

NOTE: Table WORK._PDF_AVARS created, with 101 rows and 2 columns.

NOTE: PROCEDURE SQL used (Total process time):
      real time           0.00 seconds
      user cpu time       0.01 seconds
      system cpu time     0.01 seconds
      memory              5833.68k
      OS Memory           34728.00k
      Timestamp           08/26/2026 09:48:56 PM
      Step Count                        1790  Switch Count  3
      Page Faults                       0
      Page Reclaims                     458
      Page Swaps                        0
      Voluntary Context Switches        22
      Involuntary Context Switches      1
      Block Input Operations            0
      Block Output Operations           264
      


NOTE: There were 78756 observations read from the data set WORK._PC_BASE.
NOTE: The data set WORK._PDF_B has 78756 observations and 109 variables.
NOTE: PROCEDURE SORT used (Total process time):
      real time           0.12 seconds
      user cpu time       0.04 seconds
      system cpu time     0.08 seconds
      memory              85228.31k
      OS Memory           113384.00k
      Timestamp           08/26/2026 09:48:56 PM
      Step Count                        1791  Switch Count  2
      Page Faults                       0
      Page Reclaims                     20854
      Page Swaps                        0
      Voluntary Context Switches        11
      Involuntary Context Switches      1
      Block Input Operations            0
      Block Output Operations           151824
      


NOTE: There were 78756 observations read from the data set WORK._PC_COMP.
NOTE: The data set WORK._PDF_C has 78756 observations and 109 variables.
NOTE: PROCEDURE SORT used (Total process time):
      real time           0.22 seconds
      user cpu time       0.05 seconds
      system cpu time     0.18 seconds
110                                                        The SAS System                     Wednesday, August 26, 2026 02:48:56 PM

      memory              167013.06k
      OS Memory           194964.00k
      Timestamp           08/26/2026 09:48:56 PM
      Step Count                        1792  Switch Count  2
      Page Faults                       0
      Page Reclaims                     41422
      Page Swaps                        0
      Voluntary Context Switches        11
      Involuntary Context Switches      2
      Block Input Operations            0
      Block Output Operations           310288
      


NOTE: Input data set is already sorted, no sorting done.
NOTE: PROCEDURE SORT used (Total process time):
      real time           0.00 seconds
      user cpu time       0.00 seconds
      system cpu time     0.00 seconds
      memory              1738.87k
      OS Memory           30628.00k
      Timestamp           08/26/2026 09:48:56 PM
      Step Count                        1793  Switch Count  0
      Page Faults                       0
      Page Reclaims                     276
      Page Swaps                        0
      Voluntary Context Switches        0
      Involuntary Context Switches      0
      Block Input Operations            0
      Block Output Operations           0
      


NOTE: Character values have been converted to numeric values at the places given by: (Line):(Column).
      3446:1   3446:2   3446:1   3446:2   3446:1   3446:2   3446:1   3446:2   3446:1   3446:2   3446:1   3446:2   3446:1   3446:2
      3446:1   3446:2   3446:1   3446:2   3446:1   3446:2   3446:1   3446:2   3446:1   3446:2   3446:1   3446:2   3446:1   3446:2
      3446:1   3446:2   3446:1   3446:2   3446:1   3446:2   3446:1   3446:2   3446:1   3446:2   3446:1   3446:2   3446:1   3446:2
      3446:1   3446:2   3446:1   3446:2   3446:1   3446:2   3446:1   3446:2   3446:1   3446:2   3446:1   3446:2   3446:1   3446:2
      3446:1   3446:2   3446:1   3446:2   3446:1   3446:2   3446:1   3446:2   3446:1   3446:2   3446:1   3446:2   3446:1   3446:2
      3446:1   3446:2   3446:1   3446:2   3446:1   3446:2   3446:1   3446:2   3446:1   3446:2   3446:1   3446:2   3446:1   3446:2
      3446:1   3446:2   3446:1   3446:2   3446:1   3446:2   3446:1   3446:2   3446:1   3446:2   3446:1   3446:2   3446:1   3446:2
      3446:1   3446:2   3446:1   3446:2   3446:1   3446:2   3446:1   3446:2   3446:1   3446:2   3446:1   3446:2   3446:1   3446:2
      3446:1   3446:2   3446:1   3446:2   3446:1   3446:2   3446:1   3446:2   3446:1   3446:2   3446:1   3446:2   3446:1   3446:2
      3446:1   3446:2   3446:1   3446:2   3446:1   3446:2   3446:1   3446:2   3446:1   3446:2   3446:1   3446:2   
NOTE: Numeric values have been converted to character values at the places given by: (Line):(Column).
      3446:1   3446:1   3446:1   3446:1   3446:1   3446:1   3446:1   3446:1   3446:1   3446:1   3446:1   3446:1   3446:1   3446:1
      3446:1   3446:1   3446:1   3446:1   3446:1   3446:1   3446:1   3446:1   3446:1   3446:1   3446:1   3446:1   3446:1   3446:1
      3446:1   3446:1   3446:1   3446:1   3446:1   3446:1   3446:1   3446:1   3446:1   3446:1   3446:1   3446:1   3446:1   3446:1
      3446:1   3446:1   3446:1   3446:1   3446:1   3446:1   3446:1   3446:1   3446:1   3446:1   3446:1   3446:1   3446:1   3446:1
      3446:1   3446:1   3446:1   3446:1   3446:1   3446:1   3446:1   3446:1   3446:1   3446:1   3446:1   3446:1   3446:1   3446:1
      3446:1   3446:1   3446:1   3446:1   3446:1   3446:1   3446:1   3446:1   3446:1   3446:1   3446:1   3446:1   3446:1   3446:1
      3446:1   3446:1   3446:1   3446:1   3446:1   3446:1   3446:1   3446:1   3446:1   3446:1   3446:1   3446:1   3446:1   3446:1
      3446:1   3446:1   3446:1   3446:1   3446:1   3446:1   3446:1   3446:1   3446:1   3446:1   3446:1   3446:1   3446:1   3446:1
      3446:1   3446:1   3446:1   3446:1   3446:1   3446:1   3446:1   3446:1   3446:1   3446:1   3446:1   3446:1   3446:1   3446:1
      3446:1   3446:1   3446:1   3446:1   3446:1   3446:1   3446:1   3446:1   3446:1   3446:1   3446:1   3446:1   3446:1   3446:1
      3446:1   3446:1   3446:1   3446:1   3446:1   3446:1   3446:1   3446:1   3446:1   3446:1   3446:1   3446:1   3446:1   3446:1
      3446:1   3446:1   3446:1   3446:1   3446:1   3446:1   3446:1   3446:1   3446:1   3446:1   3446:1   3446:1   3446:1   3446:1
      3446:1   3446:1   3446:1   3446:1   3446:1   3446:1   3446:1   3446:1   3446:1   3446:1   3446:1   3446:1   3446:1   3446:1
111                                                        The SAS System                     Wednesday, August 26, 2026 02:48:56 PM

      3446:1   3446:1   3446:1   3446:1   3446:1   3446:1   3446:1   3446:1   3446:1   3446:1   
WARNING: Multiple lengths were specified for the BY variable PARAMCD by input data sets. This might cause unexpected results.
WARNING: Multiple lengths were specified for the BY variable DTYPE by input data sets. This might cause unexpected results.
NOTE: Missing values were generated as a result of performing an operation on missing values.
      Each place is given by: (Number of times) at (Line):(Column).
      24660 at 3446:252   24660 at 3446:8     25011 at 3446:252   25011 at 3446:8     38952 at 3446:252   38952 at 3446:8
      57036 at 3446:252   57036 at 3446:8     57036 at 3446:252   57036 at 3446:8     32880 at 3446:252   32880 at 3446:8
      32880 at 3446:252   32880 at 3446:8     50463 at 3446:252   50463 at 3446:8     57036 at 3446:252   57036 at 3446:8
      25011 at 3446:252   25011 at 3446:8     57540 at 3446:252   57540 at 3446:8     126 at 3446:252     126 at 3446:8
      126 at 3446:252     126 at 3446:8       126 at 3446:252     126 at 3446:8       32880 at 3446:252   32880 at 3446:8
NOTE: There were 57540 observations read from the data set WORK._PDF_OD.
NOTE: There were 78756 observations read from the data set WORK._PDF_B.
NOTE: There were 78756 observations read from the data set WORK._PDF_C.
NOTE: The data set WORK._PDF_DIF_DISP has 57540 observations and 109 variables.
NOTE: DATA statement used (Total process time):
      real time           33.30 seconds
      user cpu time       1.92 seconds
      system cpu time     3.65 seconds
      memory              17416.68k
      OS Memory           47056.00k
      Timestamp           08/26/2026 09:49:29 PM
      Step Count                        1794  Switch Count  10
      Page Faults                       0
      Page Reclaims                     2613
      Page Swaps                        0
      Voluntary Context Switches        8148
      Involuntary Context Switches      25
      Block Input Operations            0
      Block Output Operations           14736960
      

NOTE: PROCEDURE SQL used (Total process time):
      real time           0.00 seconds
      user cpu time       0.00 seconds
      system cpu time     0.00 seconds
      memory              6821.18k
      OS Memory           36264.00k
      Timestamp           08/26/2026 09:49:29 PM
      Step Count                        1795  Switch Count  0
      Page Faults                       0
      Page Reclaims                     279
      Page Swaps                        0
      Voluntary Context Switches        0
      Involuntary Context Switches      3
      Block Input Operations            0
      Block Output Operations           0
      


NOTE: There were 50 observations read from the data set WORK._PDF_DIF_DISP.
NOTE: PROCEDURE PRINT used (Total process time):
      real time           0.52 seconds
      user cpu time       0.50 seconds
      system cpu time     0.01 seconds
      memory              3017.84k
      OS Memory           31140.00k
      Timestamp           08/26/2026 09:49:30 PM
      Step Count                        1796  Switch Count  1
112                                                                                                                      The SAS System                                                                                   Wednesday, August 26, 2026 02:49:30 PM

      Page Faults                       0
      Page Reclaims                     305
      Page Swaps                        0
      Voluntary Context Switches        3
      Involuntary Context Switches      65
      Block Input Operations            0
      Block Output Operations           368
      

NOTE: [DIF PVA/SAS ADEG] Stacked sample printed - DIF_IDs=57540 rows_with_value_diffs=57540 obs=50

NOTE: Deleting WORK._PDF_OD (memtype=DATA).
NOTE: Deleting WORK._PDF_BVARS (memtype=DATA).
NOTE: Deleting WORK._PDF_CVARS (memtype=DATA).
NOTE: Deleting WORK._PDF_AVARS (memtype=DATA).
NOTE: Deleting WORK._PDF_B (memtype=DATA).
NOTE: Deleting WORK._PDF_C (memtype=DATA).
NOTE: Deleting WORK._PDF_DIF_DISP (memtype=DATA).
NOTE: PROCEDURE DATASETS used (Total process time):
      real time           0.52 seconds
      user cpu time       0.00 seconds
      system cpu time     0.52 seconds
      memory              348.18k
      OS Memory           30116.00k
      Timestamp           08/26/2026 09:49:31 PM
      Step Count                        1797  Switch Count  14
      Page Faults                       0
      Page Reclaims                     48
      Page Swaps                        0
      Voluntary Context Switches        66
      Involuntary Context Switches      122
      Block Input Operations            0
      Block Output Operations           8
      


NOTE: The data set WORK._PC_OD_VARS has 110 observations and 2 variables.
NOTE: PROCEDURE CONTENTS used (Total process time):
      real time           0.00 seconds
      user cpu time       0.00 seconds
      system cpu time     0.00 seconds
      memory              2392.59k
      OS Memory           31660.00k
      Timestamp           08/26/2026 09:49:31 PM
      Step Count                        1798  Switch Count  2
      Page Faults                       0
      Page Reclaims                     376
      Page Swaps                        0
      Voluntary Context Switches        9
      Involuntary Context Switches      0
      Block Input Operations            0
      Block Output Operations           272
      


NOTE: There were 110 observations read from the data set WORK._PC_OD_VARS.
NOTE: The data set WORK._PC_OD_VARS has 101 observations and 3 variables.
NOTE: DATA statement used (Total process time):
113                                                        The SAS System                     Wednesday, August 26, 2026 02:49:31 PM

      real time           0.00 seconds
      user cpu time       0.00 seconds
      system cpu time     0.00 seconds
      memory              966.81k
      OS Memory           30376.00k
      Timestamp           08/26/2026 09:49:31 PM
      Step Count                        1799  Switch Count  2
      Page Faults                       0
      Page Reclaims                     120
      Page Swaps                        0
      Voluntary Context Switches        11
      Involuntary Context Switches      0
      Block Input Operations            0
      Block Output Operations           272
      


NOTE: Variable variable is uninitialized.
NOTE: Variable n_unequal is uninitialized.
NOTE: The data set WORK._PC_VARFREQ has 0 observations and 2 variables.
NOTE: DATA statement used (Total process time):
      real time           0.00 seconds
      user cpu time       0.01 seconds
      system cpu time     0.00 seconds
      memory              516.37k
      OS Memory           30116.00k
      Timestamp           08/26/2026 09:49:31 PM
      Step Count                        1800  Switch Count  2
      Page Faults                       0
      Page Reclaims                     87
      Page Swaps                        0
      Voluntary Context Switches        10
      Involuntary Context Switches      1
      Block Input Operations            0
      Block Output Operations           264
      


NOTE: There were 101 observations read from the data set WORK._PC_OD_VARS.
NOTE: DATA statement used (Total process time):
      real time           0.00 seconds
      user cpu time       0.00 seconds
      system cpu time     0.00 seconds
      memory              608.87k
      OS Memory           30116.00k
      Timestamp           08/26/2026 09:49:31 PM
      Step Count                        1801  Switch Count  0
      Page Faults                       0
      Page Reclaims                     57
      Page Swaps                        0
      Voluntary Context Switches        0
      Involuntary Context Switches      0
      Block Input Operations            0
      Block Output Operations           0
      

NOTE: CALL EXECUTE generated line.
1         + proc sql noprint;
114                                                        The SAS System                     Wednesday, August 26, 2026 02:49:31 PM

2         + insert into _pc_varfreq select "ABLFL", coalesce(sum(case when compress(ABLFL, ' .') ne '' then 1 else 0 end),0) from 
_pc_od;
NOTE: 1 row was inserted into WORK._PC_VARFREQ.

3         + insert into _pc_varfreq select "ACTARM", coalesce(sum(case when compress(ACTARM, ' .') ne '' then 1 else 0 end),0) from 
_pc_od;
NOTE: 1 row was inserted into WORK._PC_VARFREQ.

4         + insert into _pc_varfreq select "ACTARMCD", coalesce(sum(case when compress(ACTARMCD, ' .') ne '' then 1 else 0 end),0) 
from _pc_od;
NOTE: 1 row was inserted into WORK._PC_VARFREQ.

5         + insert into _pc_varfreq select "ADTM", coalesce(sum(case when not missing(ADTM) and abs(ADTM) > 1e-8 then 1 else 0 
end),0) from _pc_od;
NOTE: 1 row was inserted into WORK._PC_VARFREQ.

6         + insert into _pc_varfreq select "ADY", coalesce(sum(case when not missing(ADY) and abs(ADY) > 1e-8 then 1 else 0 end),0) 
from _pc_od;
NOTE: 1 row was inserted into WORK._PC_VARFREQ.

7         + insert into _pc_varfreq select "AGE", coalesce(sum(case when not missing(AGE) and abs(AGE) > 1e-8 then 1 else 0 end),0) 
from _pc_od;
NOTE: 1 row was inserted into WORK._PC_VARFREQ.

8         + insert into _pc_varfreq select "AGEGR1", coalesce(sum(case when compress(AGEGR1, ' .') ne '' then 1 else 0 end),0) from 
_pc_od;
NOTE: 1 row was inserted into WORK._PC_VARFREQ.

9         + insert into _pc_varfreq select "AGEU", coalesce(sum(case when compress(AGEU, ' .') ne '' then 1 else 0 end),0) from 
_pc_od;
NOTE: 1 row was inserted into WORK._PC_VARFREQ.

10        + insert into _pc_varfreq select "ANL01FL", coalesce(sum(case when compress(ANL01FL, ' .') ne '' then 1 else 0 end),0) 
from _pc_od;
NOTE: 1 row was inserted into WORK._PC_VARFREQ.

11        + insert into _pc_varfreq select "ANRHI", coalesce(sum(case when not missing(ANRHI) and abs(ANRHI) > 1e-8 then 1 else 0 
end),0) from _pc_od;
NOTE: 1 row was inserted into WORK._PC_VARFREQ.

12        + insert into _pc_varfreq select "ANRIND", coalesce(sum(case when compress(ANRIND, ' .') ne '' then 1 else 0 end),0) from 
_pc_od;
NOTE: 1 row was inserted into WORK._PC_VARFREQ.

13        + insert into _pc_varfreq select "ANRLO", coalesce(sum(case when not missing(ANRLO) and abs(ANRLO) > 1e-8 then 1 else 0 
end),0) from _pc_od;
NOTE: 1 row was inserted into WORK._PC_VARFREQ.

14        + insert into _pc_varfreq select "ARM", coalesce(sum(case when compress(ARM, ' .') ne '' then 1 else 0 end),0) from 
_pc_od;
NOTE: 1 row was inserted into WORK._PC_VARFREQ.

15        + insert into _pc_varfreq select "ARMCD", coalesce(sum(case when compress(ARMCD, ' .') ne '' then 1 else 0 end),0) from 
_pc_od;
NOTE: 1 row was inserted into WORK._PC_VARFREQ.

16        + insert into _pc_varfreq select "ASEQ", coalesce(sum(case when not missing(ASEQ) and abs(ASEQ) > 1e-8 then 1 else 0 
end),0) from _pc_od;
115                                                        The SAS System                     Wednesday, August 26, 2026 02:49:31 PM

NOTE: 1 row was inserted into WORK._PC_VARFREQ.

17        + insert into _pc_varfreq select "ATMF", coalesce(sum(case when compress(ATMF, ' .') ne '' then 1 else 0 end),0) from 
_pc_od;
NOTE: 1 row was inserted into WORK._PC_VARFREQ.

18        + insert into _pc_varfreq select "ATPT", coalesce(sum(case when compress(ATPT, ' .') ne '' then 1 else 0 end),0) from 
_pc_od;
NOTE: 1 row was inserted into WORK._PC_VARFREQ.

19        + insert into _pc_varfreq select "AVAL", coalesce(sum(case when not missing(AVAL) and abs(AVAL) > 1e-8 then 1 else 0 
end),0) from _pc_od;
NOTE: 1 row was inserted into WORK._PC_VARFREQ.

20        + insert into _pc_varfreq select "AVALC", coalesce(sum(case when compress(AVALC, ' .') ne '' then 1 else 0 end),0) from 
_pc_od;
NOTE: 1 row was inserted into WORK._PC_VARFREQ.

21        + insert into _pc_varfreq select "AVALCA1N", coalesce(sum(case when not missing(AVALCA1N) and abs(AVALCA1N) > 1e-8 then 1 
else 0 end),0) from _pc_od;
NOTE: 1 row was inserted into WORK._PC_VARFREQ.

22        + insert into _pc_varfreq select "AVALCAT1", coalesce(sum(case when compress(AVALCAT1, ' .') ne '' then 1 else 0 end),0) 
from _pc_od;
NOTE: 1 row was inserted into WORK._PC_VARFREQ.

23        + insert into _pc_varfreq select "AVISIT", coalesce(sum(case when compress(AVISIT, ' .') ne '' then 1 else 0 end),0) from 
_pc_od;
NOTE: 1 row was inserted into WORK._PC_VARFREQ.

24        + insert into _pc_varfreq select "BASE", coalesce(sum(case when not missing(BASE) and abs(BASE) > 1e-8 then 1 else 0 
end),0) from _pc_od;
NOTE: 1 row was inserted into WORK._PC_VARFREQ.

25        + insert into _pc_varfreq select "BASEC", coalesce(sum(case when compress(BASEC, ' .') ne '' then 1 else 0 end),0) from 
_pc_od;
NOTE: 1 row was inserted into WORK._PC_VARFREQ.

26        + insert into _pc_varfreq select "BASETYPE", coalesce(sum(case when compress(BASETYPE, ' .') ne '' then 1 else 0 end),0) 
from _pc_od;
NOTE: 1 row was inserted into WORK._PC_VARFREQ.

27        + insert into _pc_varfreq select "BNRIND", coalesce(sum(case when compress(BNRIND, ' .') ne '' then 1 else 0 end),0) from 
_pc_od;
NOTE: 1 row was inserted into WORK._PC_VARFREQ.

28        + insert into _pc_varfreq select "CHG", coalesce(sum(case when not missing(CHG) and abs(CHG) > 1e-8 then 1 else 0 end),0) 
from _pc_od;
NOTE: 1 row was inserted into WORK._PC_VARFREQ.

29        + insert into _pc_varfreq select "CHGCAT1", coalesce(sum(case when compress(CHGCAT1, ' .') ne '' then 1 else 0 end),0) 
from _pc_od;
NOTE: 1 row was inserted into WORK._PC_VARFREQ.

30        + insert into _pc_varfreq select "CHGCAT1N", coalesce(sum(case when not missing(CHGCAT1N) and abs(CHGCAT1N) > 1e-8 then 1 
else 0 end),0) from _pc_od;
NOTE: 1 row was inserted into WORK._PC_VARFREQ.

116                                                        The SAS System                     Wednesday, August 26, 2026 02:49:31 PM

31        + insert into _pc_varfreq select "COUNTRY", coalesce(sum(case when compress(COUNTRY, ' .') ne '' then 1 else 0 end),0) 
from _pc_od;
NOTE: 1 row was inserted into WORK._PC_VARFREQ.

32        + insert into _pc_varfreq select "DMDTC", coalesce(sum(case when compress(DMDTC, ' .') ne '' then 1 else 0 end),0) from 
_pc_od;
NOTE: 1 row was inserted into WORK._PC_VARFREQ.

33        + insert into _pc_varfreq select "DMDY", coalesce(sum(case when not missing(DMDY) and abs(DMDY) > 1e-8 then 1 else 0 
end),0) from _pc_od;
NOTE: 1 row was inserted into WORK._PC_VARFREQ.

34        + insert into _pc_varfreq select "DOMAIN", coalesce(sum(case when compress(DOMAIN, ' .') ne '' then 1 else 0 end),0) from 
_pc_od;
NOTE: 1 row was inserted into WORK._PC_VARFREQ.

35        + insert into _pc_varfreq select "DTH30FL", coalesce(sum(case when compress(DTH30FL, ' .') ne '' then 1 else 0 end),0) 
from _pc_od;
NOTE: 1 row was inserted into WORK._PC_VARFREQ.

36        + insert into _pc_varfreq select "DTHA30FL", coalesce(sum(case when compress(DTHA30FL, ' .') ne '' then 1 else 0 end),0) 
from _pc_od;
NOTE: 1 row was inserted into WORK._PC_VARFREQ.

37        + insert into _pc_varfreq select "DTHADY", coalesce(sum(case when not missing(DTHADY) and abs(DTHADY) > 1e-8 then 1 else 
0 end),0) from _pc_od;
NOTE: 1 row was inserted into WORK._PC_VARFREQ.

38        + insert into _pc_varfreq select "DTHB30FL", coalesce(sum(case when compress(DTHB30FL, ' .') ne '' then 1 else 0 end),0) 
from _pc_od;
NOTE: 1 row was inserted into WORK._PC_VARFREQ.

39        + insert into _pc_varfreq select "DTHCAUS", coalesce(sum(case when compress(DTHCAUS, ' .') ne '' then 1 else 0 end),0) 
from _pc_od;
NOTE: 1 row was inserted into WORK._PC_VARFREQ.

40        + insert into _pc_varfreq select "DTHCGR1", coalesce(sum(case when compress(DTHCGR1, ' .') ne '' then 1 else 0 end),0) 
from _pc_od;
NOTE: 1 row was inserted into WORK._PC_VARFREQ.

41        + insert into _pc_varfreq select "DTHDOM", coalesce(sum(case when compress(DTHDOM, ' .') ne '' then 1 else 0 end),0) from 
_pc_od;
NOTE: 1 row was inserted into WORK._PC_VARFREQ.

42        + insert into _pc_varfreq select "DTHDT", coalesce(sum(case when not missing(DTHDT) and abs(DTHDT) > 1e-8 then 1 else 0 
end),0) from _pc_od;
NOTE: 1 row was inserted into WORK._PC_VARFREQ.

43        + insert into _pc_varfreq select "DTHDTC", coalesce(sum(case when compress(DTHDTC, ' .') ne '' then 1 else 0 end),0) from 
_pc_od;
NOTE: 1 row was inserted into WORK._PC_VARFREQ.

44        + insert into _pc_varfreq select "DTHDTF", coalesce(sum(case when compress(DTHDTF, ' .') ne '' then 1 else 0 end),0) from 
_pc_od;
NOTE: 1 row was inserted into WORK._PC_VARFREQ.

45        + insert into _pc_varfreq select "DTHFL", coalesce(sum(case when compress(DTHFL, ' .') ne '' then 1 else 0 end),0) from 
_pc_od;
117                                                        The SAS System                     Wednesday, August 26, 2026 02:49:32 PM

NOTE: 1 row was inserted into WORK._PC_VARFREQ.

46        + insert into _pc_varfreq select "EGBLFL", coalesce(sum(case when compress(EGBLFL, ' .') ne '' then 1 else 0 end),0) from 
_pc_od;
NOTE: 1 row was inserted into WORK._PC_VARFREQ.

47        + insert into _pc_varfreq select "EGDTC", coalesce(sum(case when compress(EGDTC, ' .') ne '' then 1 else 0 end),0) from 
_pc_od;
NOTE: 1 row was inserted into WORK._PC_VARFREQ.

48        + insert into _pc_varfreq select "EGDY", coalesce(sum(case when not missing(EGDY) and abs(EGDY) > 1e-8 then 1 else 0 
end),0) from _pc_od;
NOTE: 1 row was inserted into WORK._PC_VARFREQ.

49        + insert into _pc_varfreq select "EGELTM", coalesce(sum(case when compress(EGELTM, ' .') ne '' then 1 else 0 end),0) from 
_pc_od;
NOTE: 1 row was inserted into WORK._PC_VARFREQ.

50        + insert into _pc_varfreq select "EGLOC", coalesce(sum(case when compress(EGLOC, ' .') ne '' then 1 else 0 end),0) from 
_pc_od;
NOTE: 1 row was inserted into WORK._PC_VARFREQ.

51        + insert into _pc_varfreq select "EGORRES", coalesce(sum(case when compress(EGORRES, ' .') ne '' then 1 else 0 end),0) 
from _pc_od;
NOTE: 1 row was inserted into WORK._PC_VARFREQ.

52        + insert into _pc_varfreq select "EGORRESU", coalesce(sum(case when compress(EGORRESU, ' .') ne '' then 1 else 0 end),0) 
from _pc_od;
NOTE: 1 row was inserted into WORK._PC_VARFREQ.

53        + insert into _pc_varfreq select "EGSTAT", coalesce(sum(case when compress(EGSTAT, ' .') ne '' then 1 else 0 end),0) from 
_pc_od;
NOTE: 1 row was inserted into WORK._PC_VARFREQ.

54        + insert into _pc_varfreq select "EGSTRESC", coalesce(sum(case when compress(EGSTRESC, ' .') ne '' then 1 else 0 end),0) 
from _pc_od;
NOTE: 1 row was inserted into WORK._PC_VARFREQ.

55        + insert into _pc_varfreq select "EGSTRESN", coalesce(sum(case when not missing(EGSTRESN) and abs(EGSTRESN) > 1e-8 then 1 
else 0 end),0) from _pc_od;
NOTE: 1 row was inserted into WORK._PC_VARFREQ.

56        + insert into _pc_varfreq select "EGSTRESU", coalesce(sum(case when compress(EGSTRESU, ' .') ne '' then 1 else 0 end),0) 
from _pc_od;
NOTE: 1 row was inserted into WORK._PC_VARFREQ.

57        + insert into _pc_varfreq select "EGTEST", coalesce(sum(case when compress(EGTEST, ' .') ne '' then 1 else 0 end),0) from 
_pc_od;
NOTE: 1 row was inserted into WORK._PC_VARFREQ.

58        + insert into _pc_varfreq select "EGTESTCD", coalesce(sum(case when compress(EGTESTCD, ' .') ne '' then 1 else 0 end),0) 
from _pc_od;
NOTE: 1 row was inserted into WORK._PC_VARFREQ.

59        + insert into _pc_varfreq select "EGTPT", coalesce(sum(case when compress(EGTPT, ' .') ne '' then 1 else 0 end),0) from 
_pc_od;
NOTE: 1 row was inserted into WORK._PC_VARFREQ.

118                                                        The SAS System                     Wednesday, August 26, 2026 02:49:32 PM

60        + insert into _pc_varfreq select "EGTPTNUM", coalesce(sum(case when not missing(EGTPTNUM) and abs(EGTPTNUM) > 1e-8 then 1 
else 0 end),0) from _pc_od;
NOTE: 1 row was inserted into WORK._PC_VARFREQ.

61        + insert into _pc_varfreq select "EGTPTREF", coalesce(sum(case when compress(EGTPTREF, ' .') ne '' then 1 else 0 end),0) 
from _pc_od;
NOTE: 1 row was inserted into WORK._PC_VARFREQ.

62        + insert into _pc_varfreq select "EOSDT", coalesce(sum(case when not missing(EOSDT) and abs(EOSDT) > 1e-8 then 1 else 0 
end),0) from _pc_od;
NOTE: 1 row was inserted into WORK._PC_VARFREQ.

63        + insert into _pc_varfreq select "EOSSTT", coalesce(sum(case when compress(EOSSTT, ' .') ne '' then 1 else 0 end),0) from 
_pc_od;
NOTE: 1 row was inserted into WORK._PC_VARFREQ.

64        + insert into _pc_varfreq select "ETHNIC", coalesce(sum(case when compress(ETHNIC, ' .') ne '' then 1 else 0 end),0) from 
_pc_od;
NOTE: 1 row was inserted into WORK._PC_VARFREQ.

65        + insert into _pc_varfreq select "FRVDT", coalesce(sum(case when not missing(FRVDT) and abs(FRVDT) > 1e-8 then 1 else 0 
end),0) from _pc_od;
NOTE: 1 row was inserted into WORK._PC_VARFREQ.

66        + insert into _pc_varfreq select "LDDTHELD", coalesce(sum(case when not missing(LDDTHELD) and abs(LDDTHELD) > 1e-8 then 1 
else 0 end),0) from _pc_od;
NOTE: 1 row was inserted into WORK._PC_VARFREQ.

67        + insert into _pc_varfreq select "LDDTHGR1", coalesce(sum(case when compress(LDDTHGR1, ' .') ne '' then 1 else 0 end),0) 
from _pc_od;
NOTE: 1 row was inserted into WORK._PC_VARFREQ.

68        + insert into _pc_varfreq select "LSTALVDT", coalesce(sum(case when not missing(LSTALVDT) and abs(LSTALVDT) > 1e-8 then 1 
else 0 end),0) from _pc_od;
NOTE: 1 row was inserted into WORK._PC_VARFREQ.

69        + insert into _pc_varfreq select "ONTRTFL", coalesce(sum(case when compress(ONTRTFL, ' .') ne '' then 1 else 0 end),0) 
from _pc_od;
NOTE: 1 row was inserted into WORK._PC_VARFREQ.

70        + insert into _pc_varfreq select "PARAM", coalesce(sum(case when compress(PARAM, ' .') ne '' then 1 else 0 end),0) from 
_pc_od;
NOTE: 1 row was inserted into WORK._PC_VARFREQ.

71        + insert into _pc_varfreq select "PARAMN", coalesce(sum(case when not missing(PARAMN) and abs(PARAMN) > 1e-8 then 1 else 
0 end),0) from _pc_od;
NOTE: 1 row was inserted into WORK._PC_VARFREQ.

72        + insert into _pc_varfreq select "PCHG", coalesce(sum(case when not missing(PCHG) and abs(PCHG) > 1e-8 then 1 else 0 
end),0) from _pc_od;
NOTE: 1 row was inserted into WORK._PC_VARFREQ.

73        + insert into _pc_varfreq select "RACE", coalesce(sum(case when compress(RACE, ' .') ne '' then 1 else 0 end),0) from 
_pc_od;
NOTE: 1 row was inserted into WORK._PC_VARFREQ.

74        + insert into _pc_varfreq select "RACEGR1", coalesce(sum(case when compress(RACEGR1, ' .') ne '' then 1 else 0 end),0) 
from _pc_od;
119                                                        The SAS System                     Wednesday, August 26, 2026 02:49:33 PM

NOTE: 1 row was inserted into WORK._PC_VARFREQ.

75        + insert into _pc_varfreq select "RANDDT", coalesce(sum(case when not missing(RANDDT) and abs(RANDDT) > 1e-8 then 1 else 
0 end),0) from _pc_od;
NOTE: 1 row was inserted into WORK._PC_VARFREQ.

76        + insert into _pc_varfreq select "REGION1", coalesce(sum(case when compress(REGION1, ' .') ne '' then 1 else 0 end),0) 
from _pc_od;
NOTE: 1 row was inserted into WORK._PC_VARFREQ.

77        + insert into _pc_varfreq select "RFENDTC", coalesce(sum(case when compress(RFENDTC, ' .') ne '' then 1 else 0 end),0) 
from _pc_od;
NOTE: 1 row was inserted into WORK._PC_VARFREQ.

78        + insert into _pc_varfreq select "RFICDTC", coalesce(sum(case when compress(RFICDTC, ' .') ne '' then 1 else 0 end),0) 
from _pc_od;
NOTE: 1 row was inserted into WORK._PC_VARFREQ.

79        + insert into _pc_varfreq select "RFPENDTC", coalesce(sum(case when compress(RFPENDTC, ' .') ne '' then 1 else 0 end),0) 
from _pc_od;
NOTE: 1 row was inserted into WORK._PC_VARFREQ.

80        + insert into _pc_varfreq select "RFSTDTC", coalesce(sum(case when compress(RFSTDTC, ' .') ne '' then 1 else 0 end),0) 
from _pc_od;
NOTE: 1 row was inserted into WORK._PC_VARFREQ.

81        + insert into _pc_varfreq select "RFXENDTC", coalesce(sum(case when compress(RFXENDTC, ' .') ne '' then 1 else 0 end),0) 
from _pc_od;
NOTE: 1 row was inserted into WORK._PC_VARFREQ.

82        + insert into _pc_varfreq select "RFXSTDTC", coalesce(sum(case when compress(RFXSTDTC, ' .') ne '' then 1 else 0 end),0) 
from _pc_od;
NOTE: 1 row was inserted into WORK._PC_VARFREQ.

83        + insert into _pc_varfreq select "SAFFL", coalesce(sum(case when compress(SAFFL, ' .') ne '' then 1 else 0 end),0) from 
_pc_od;
NOTE: 1 row was inserted into WORK._PC_VARFREQ.

84        + insert into _pc_varfreq select "SCRFDT", coalesce(sum(case when not missing(SCRFDT) and abs(SCRFDT) > 1e-8 then 1 else 
0 end),0) from _pc_od;
NOTE: 1 row was inserted into WORK._PC_VARFREQ.

85        + insert into _pc_varfreq select "SEX", coalesce(sum(case when compress(SEX, ' .') ne '' then 1 else 0 end),0) from 
_pc_od;
NOTE: 1 row was inserted into WORK._PC_VARFREQ.

86        + insert into _pc_varfreq select "SITEID", coalesce(sum(case when compress(SITEID, ' .') ne '' then 1 else 0 end),0) from 
_pc_od;
NOTE: 1 row was inserted into WORK._PC_VARFREQ.

87        + insert into _pc_varfreq select "STUDYID", coalesce(sum(case when compress(STUDYID, ' .') ne '' then 1 else 0 end),0) 
from _pc_od;
NOTE: 1 row was inserted into WORK._PC_VARFREQ.

88        + insert into _pc_varfreq select "SUBJID", coalesce(sum(case when compress(SUBJID, ' .') ne '' then 1 else 0 end),0) from 
_pc_od;
NOTE: 1 row was inserted into WORK._PC_VARFREQ.

120                                                        The SAS System                     Wednesday, August 26, 2026 02:49:33 PM

89        + insert into _pc_varfreq select "TRT01A", coalesce(sum(case when compress(TRT01A, ' .') ne '' then 1 else 0 end),0) from 
_pc_od;
NOTE: 1 row was inserted into WORK._PC_VARFREQ.

90        + insert into _pc_varfreq select "TRT01P", coalesce(sum(case when compress(TRT01P, ' .') ne '' then 1 else 0 end),0) from 
_pc_od;
NOTE: 1 row was inserted into WORK._PC_VARFREQ.

91        + insert into _pc_varfreq select "TRTA", coalesce(sum(case when compress(TRTA, ' .') ne '' then 1 else 0 end),0) from 
_pc_od;
NOTE: 1 row was inserted into WORK._PC_VARFREQ.

92        + insert into _pc_varfreq select "TRTDURD", coalesce(sum(case when not missing(TRTDURD) and abs(TRTDURD) > 1e-8 then 1 
else 0 end),0) from _pc_od;
NOTE: 1 row was inserted into WORK._PC_VARFREQ.

93        + insert into _pc_varfreq select "TRTEDT", coalesce(sum(case when not missing(TRTEDT) and abs(TRTEDT) > 1e-8 then 1 else 
0 end),0) from _pc_od;
NOTE: 1 row was inserted into WORK._PC_VARFREQ.

94        + insert into _pc_varfreq select "TRTEDTM", coalesce(sum(case when not missing(TRTEDTM) and abs(TRTEDTM) > 1e-8 then 1 
else 0 end),0) from _pc_od;
NOTE: 1 row was inserted into WORK._PC_VARFREQ.

95        + insert into _pc_varfreq select "TRTETMF", coalesce(sum(case when compress(TRTETMF, ' .') ne '' then 1 else 0 end),0) 
from _pc_od;
NOTE: 1 row was inserted into WORK._PC_VARFREQ.

96        + insert into _pc_varfreq select "TRTP", coalesce(sum(case when compress(TRTP, ' .') ne '' then 1 else 0 end),0) from 
_pc_od;
NOTE: 1 row was inserted into WORK._PC_VARFREQ.

97        + insert into _pc_varfreq select "TRTSDT", coalesce(sum(case when not missing(TRTSDT) and abs(TRTSDT) > 1e-8 then 1 else 
0 end),0) from _pc_od;
NOTE: 1 row was inserted into WORK._PC_VARFREQ.

98        + insert into _pc_varfreq select "TRTSDTM", coalesce(sum(case when not missing(TRTSDTM) and abs(TRTSDTM) > 1e-8 then 1 
else 0 end),0) from _pc_od;
NOTE: 1 row was inserted into WORK._PC_VARFREQ.

99        + insert into _pc_varfreq select "TRTSTMF", coalesce(sum(case when compress(TRTSTMF, ' .') ne '' then 1 else 0 end),0) 
from _pc_od;
NOTE: 1 row was inserted into WORK._PC_VARFREQ.

100       + insert into _pc_varfreq select "VISIT", coalesce(sum(case when compress(VISIT, ' .') ne '' then 1 else 0 end),0) from 
_pc_od;
NOTE: 1 row was inserted into WORK._PC_VARFREQ.

101       + insert into _pc_varfreq select "VISITDY", coalesce(sum(case when not missing(VISITDY) and abs(VISITDY) > 1e-8 then 1 
else 0 end),0) from _pc_od;
NOTE: 1 row was inserted into WORK._PC_VARFREQ.

102       + insert into _pc_varfreq select "VISITNUM", coalesce(sum(case when not missing(VISITNUM) and abs(VISITNUM) > 1e-8 then 1 
else 0 end),0) from _pc_od;
NOTE: 1 row was inserted into WORK._PC_VARFREQ.

103       + quit;
NOTE: PROCEDURE SQL used (Total process time):
121                                                        The SAS System                     Wednesday, August 26, 2026 02:49:34 PM

      real time           3.14 seconds
      user cpu time       1.02 seconds
      system cpu time     2.09 seconds
      memory              9096.60k
      OS Memory           37040.00k
      Timestamp           08/26/2026 09:49:34 PM
      Step Count                        1802  Switch Count  101
      Page Faults                       0
      Page Reclaims                     60755
      Page Swaps                        0
      Voluntary Context Switches        303
      Involuntary Context Switches      253
      Block Input Operations            0
      Block Output Operations           40
      


NOTE: There were 101 observations read from the data set WORK._PC_VARFREQ.
NOTE: The data set WORK._PC_VARFREQ has 101 observations and 2 variables.
NOTE: PROCEDURE SORT used (Total process time):
      real time           0.00 seconds
      user cpu time       0.00 seconds
      system cpu time     0.00 seconds
      memory              777.65k
      OS Memory           30376.00k
      Timestamp           08/26/2026 09:49:34 PM
      Step Count                        1803  Switch Count  2
      Page Faults                       0
      Page Reclaims                     112
      Page Swaps                        0
      Voluntary Context Switches        11
      Involuntary Context Switches      0
      Block Input Operations            0
      Block Output Operations           264
      


NOTE: The data set WORK._PC_BVARS has 108 observations and 1 variables.
NOTE: PROCEDURE CONTENTS used (Total process time):
      real time           0.00 seconds
      user cpu time       0.00 seconds
      system cpu time     0.00 seconds
      memory              2396.68k
      OS Memory           31660.00k
      Timestamp           08/26/2026 09:49:34 PM
      Step Count                        1804  Switch Count  2
      Page Faults                       0
      Page Reclaims                     376
      Page Swaps                        0
      Voluntary Context Switches        16
      Involuntary Context Switches      0
      Block Input Operations            0
      Block Output Operations           272
      


NOTE: The data set WORK._PC_CVARS has 108 observations and 1 variables.
NOTE: PROCEDURE CONTENTS used (Total process time):
122                                                        The SAS System                     Wednesday, August 26, 2026 02:49:34 PM

      real time           0.00 seconds
      user cpu time       0.00 seconds
      system cpu time     0.00 seconds
      memory              2392.96k
      OS Memory           31660.00k
      Timestamp           08/26/2026 09:49:34 PM
      Step Count                        1805  Switch Count  2
      Page Faults                       0
      Page Reclaims                     376
      Page Swaps                        0
      Voluntary Context Switches        16
      Involuntary Context Switches      0
      Block Input Operations            0
      Block Output Operations           272
      


NOTE: There were 108 observations read from the data set WORK._PC_BVARS.
NOTE: The data set WORK._PC_BVARS has 108 observations and 1 variables.
NOTE: DATA statement used (Total process time):
      real time           0.00 seconds
      user cpu time       0.00 seconds
      system cpu time     0.00 seconds
      memory              808.75k
      OS Memory           30376.00k
      Timestamp           08/26/2026 09:49:34 PM
      Step Count                        1806  Switch Count  2
      Page Faults                       0
      Page Reclaims                     121
      Page Swaps                        0
      Voluntary Context Switches        11
      Involuntary Context Switches      0
      Block Input Operations            0
      Block Output Operations           264
      


NOTE: There were 108 observations read from the data set WORK._PC_CVARS.
NOTE: The data set WORK._PC_CVARS has 108 observations and 1 variables.
NOTE: DATA statement used (Total process time):
      real time           0.00 seconds
      user cpu time       0.01 seconds
      system cpu time     0.00 seconds
      memory              808.65k
      OS Memory           30376.00k
      Timestamp           08/26/2026 09:49:34 PM
      Step Count                        1807  Switch Count  2
      Page Faults                       0
      Page Reclaims                     121
      Page Swaps                        0
      Voluntary Context Switches        11
      Involuntary Context Switches      0
      Block Input Operations            0
      Block Output Operations           264
      

NOTE: Table WORK._PC_VARCLASS created, with 108 rows and 3 columns.

123                                                        The SAS System                     Wednesday, August 26, 2026 02:49:34 PM

NOTE: PROCEDURE SQL used (Total process time):
      real time           0.00 seconds
      user cpu time       0.00 seconds
      system cpu time     0.01 seconds
      memory              5833.93k
      OS Memory           35500.00k
      Timestamp           08/26/2026 09:49:34 PM
      Step Count                        1808  Switch Count  2
      Page Faults                       0
      Page Reclaims                     167
      Page Swaps                        0
      Voluntary Context Switches        11
      Involuntary Context Switches      0
      Block Input Operations            0
      Block Output Operations           288
      

NOTE: Table WORK._PC_VARCLASS2 created, with 108 rows and 3 columns.

NOTE: PROCEDURE SQL used (Total process time):
      real time           0.00 seconds
      user cpu time       0.00 seconds
      system cpu time     0.00 seconds
      memory              6148.18k
      OS Memory           35500.00k
      Timestamp           08/26/2026 09:49:34 PM
      Step Count                        1809  Switch Count  2
      Page Faults                       0
      Page Reclaims                     396
      Page Swaps                        0
      Voluntary Context Switches        36
      Involuntary Context Switches      1
      Block Input Operations            0
      Block Output Operations           264
      


NOTE: There were 108 observations read from the data set WORK._PC_VARCLASS2.
NOTE: The data set WORK._PC_VARCLASS has 108 observations and 3 variables.
NOTE: DATA statement used (Total process time):
      real time           0.00 seconds
      user cpu time       0.01 seconds
      system cpu time     0.00 seconds
      memory              797.00k
      OS Memory           30888.00k
      Timestamp           08/26/2026 09:49:34 PM
      Step Count                        1810  Switch Count  2
      Page Faults                       0
      Page Reclaims                     120
      Page Swaps                        0
      Voluntary Context Switches        12
      Involuntary Context Switches      0
      Block Input Operations            0
      Block Output Operations           264
      


NOTE: There were 108 observations read from the data set WORK._PC_VARCLASS.
124                                                        The SAS System                     Wednesday, August 26, 2026 02:49:34 PM

NOTE: The data set WORK._PC_VARCLASS has 108 observations and 4 variables.
NOTE: DATA statement used (Total process time):
      real time           0.00 seconds
      user cpu time       0.00 seconds
      system cpu time     0.00 seconds
      memory              876.12k
      OS Memory           30888.00k
      Timestamp           08/26/2026 09:49:34 PM
      Step Count                        1811  Switch Count  2
      Page Faults                       0
      Page Reclaims                     119
      Page Swaps                        0
      Voluntary Context Switches        11
      Involuntary Context Switches      1
      Block Input Operations            0
      Block Output Operations           264
      

NOTE: PROCEDURE SQL used (Total process time):
      real time           0.00 seconds
      user cpu time       0.00 seconds
      system cpu time     0.00 seconds
      memory              5802.84k
      OS Memory           35752.00k
      Timestamp           08/26/2026 09:49:34 PM
      Step Count                        1812  Switch Count  0
      Page Faults                       0
      Page Reclaims                     128
      Page Swaps                        0
      Voluntary Context Switches        0
      Involuntary Context Switches      1
      Block Input Operations            0
      Block Output Operations           0
      

NOTE: [PROC COMPARE ADEG] VARCLASS=20260826A value_unequal=2 pva_only=0 sas_only=0

NOTE: [PROC COMPARE ADEG] value_unequal=EGSTRESU EGTPT
NOTE: There were 108 observations read from the data set WORK._PC_VARCLASS.
NOTE: DATA statement used (Total process time):
      real time           0.00 seconds
      user cpu time       0.00 seconds
      system cpu time     0.00 seconds
      memory              644.59k
      OS Memory           30628.00k
      Timestamp           08/26/2026 09:49:34 PM
      Step Count                        1813  Switch Count  0
      Page Faults                       0
      Page Reclaims                     57
      Page Swaps                        0
      Voluntary Context Switches        0
      Involuntary Context Switches      1
      Block Input Operations            0
      Block Output Operations           0
      


NOTE: There were 108 observations read from the data set WORK._PC_VARCLASS.
125                                                        The SAS System                     Wednesday, August 26, 2026 02:49:34 PM

NOTE: The data set WORK._PC_VARCLASS has 108 observations and 4 variables.
NOTE: PROCEDURE SORT used (Total process time):
      real time           0.00 seconds
      user cpu time       0.01 seconds
      system cpu time     0.00 seconds
      memory              777.90k
      OS Memory           30888.00k
      Timestamp           08/26/2026 09:49:34 PM
      Step Count                        1814  Switch Count  2
      Page Faults                       0
      Page Reclaims                     111
      Page Swaps                        0
      Voluntary Context Switches        11
      Involuntary Context Switches      0
      Block Input Operations            0
      Block Output Operations           272
      


NOTE: There were 2 observations read from the data set WORK._PC_VARCLASS.
      WHERE class in ('pva_only', 'sas_only', 'value_unequal');
NOTE: PROCEDURE PRINT used (Total process time):
      real time           0.00 seconds
      user cpu time       0.00 seconds
      system cpu time     0.00 seconds
      memory              861.68k
      OS Memory           30888.00k
      Timestamp           08/26/2026 09:49:34 PM
      Step Count                        1815  Switch Count  0
      Page Faults                       0
      Page Reclaims                     101
      Page Swaps                        0
      Voluntary Context Switches        0
      Involuntary Context Switches      0
      Block Input Operations            0
      Block Output Operations           8
      


NOTE: Deleting WORK._PC_BASE (memtype=DATA).
NOTE: Deleting WORK._PC_COMP (memtype=DATA).
NOTE: Deleting WORK._PC_OUT (memtype=DATA).
NOTE: Deleting WORK._PC_OB (memtype=DATA).
NOTE: Deleting WORK._PC_OC (memtype=DATA).
NOTE: Deleting WORK._PC_OD (memtype=DATA).
NOTE: Deleting WORK._PC_ROW (memtype=DATA).
NOTE: Deleting WORK._PC_OD_VARS (memtype=DATA).
NOTE: Deleting WORK._PC_VARFREQ (memtype=DATA).
NOTE: Deleting WORK._PC_BVARS (memtype=DATA).
NOTE: Deleting WORK._PC_CVARS (memtype=DATA).
NOTE: Deleting WORK._PC_VARCLASS (memtype=DATA).
NOTE: Deleting WORK._PC_VARCLASS2 (memtype=DATA).
NOTE: PROCEDURE DATASETS used (Total process time):
      real time           0.06 seconds
      user cpu time       0.01 seconds
      system cpu time     0.06 seconds
      memory              349.25k
      OS Memory           30372.00k
126                                                        The SAS System                     Wednesday, August 26, 2026 02:49:34 PM

      Timestamp           08/26/2026 09:49:34 PM
      Step Count                        1816  Switch Count  26
      Page Faults                       0
      Page Reclaims                     48
      Page Swaps                        0
      Voluntary Context Switches        121
      Involuntary Context Switches      12
      Block Input Operations            0
      Block Output Operations           8
      

NOTE: ===== COMPARE ADCM: SAS n=7510  REF n=7510 =====
NOTE: [ADCM] Row counts match (n=7510) - proceeding to key match and value compare.
NOTE: [ADCM] keysrc=CALLER - ignoring adam/ref SORTEDBY - using sortkeys=USUBJID ASTDT CMDECOD CMSEQ tiebreak=
NOTE: [ADCM] MATCH KEY source=CALLER sortkeys=USUBJID ASTDT CMDECOD CMSEQ tiebreak= plus derived _KEYSEQ
NOTE: [ADCM] Var on neither side skipped: TRTEMFL
NOTE: [ADCM] SAS-only var skipped from compare: DOSE

NOTE: There were 7510 observations read from the data set ADAM.ADCM.
NOTE: The data set WORK._QC_SAS has 7510 observations and 89 variables.
NOTE: DATA statement used (Total process time):
      real time           0.03 seconds
      user cpu time       0.00 seconds
      system cpu time     0.02 seconds
      memory              3613.93k
      OS Memory           34216.00k
      Timestamp           08/26/2026 09:49:34 PM
      Step Count                        1817  Switch Count  2
      Page Faults                       0
      Page Reclaims                     633
      Page Swaps                        0
      Voluntary Context Switches        117
      Involuntary Context Switches      1
      Block Input Operations            0
      Block Output Operations           18952
      


NOTE: There were 7510 observations read from the data set REF_PVA.REFADCM.
NOTE: The data set WORK._QC_REF has 7510 observations and 95 variables.
NOTE: DATA statement used (Total process time):
      real time           0.01 seconds
      user cpu time       0.01 seconds
      system cpu time     0.01 seconds
      memory              3632.25k
      OS Memory           34216.00k
      Timestamp           08/26/2026 09:49:34 PM
      Step Count                        1818  Switch Count  2
      Page Faults                       0
      Page Reclaims                     633
      Page Swaps                        0
      Voluntary Context Switches        17
      Involuntary Context Switches      0
      Block Input Operations            0
      Block Output Operations           13064
      

NOTE: PROCEDURE SQL used (Total process time):
127                                                        The SAS System                     Wednesday, August 26, 2026 02:49:34 PM

      real time           0.00 seconds
      user cpu time       0.00 seconds
      system cpu time     0.01 seconds
      memory              6858.09k
      OS Memory           36776.00k
      Timestamp           08/26/2026 09:49:34 PM
      Step Count                        1819  Switch Count  0
      Page Faults                       0
      Page Reclaims                     279
      Page Swaps                        0
      Voluntary Context Switches        0
      Involuntary Context Switches      0
      Block Input Operations            0
      Block Output Operations           0
      

NOTE: [ADCM] SAS key USUBJID already uppercase (or all missing).
NOTE: PROCEDURE SQL used (Total process time):
      real time           0.00 seconds
      user cpu time       0.01 seconds
      system cpu time     0.00 seconds
      memory              6858.12k
      OS Memory           36776.00k
      Timestamp           08/26/2026 09:49:34 PM
      Step Count                        1820  Switch Count  0
      Page Faults                       0
      Page Reclaims                     279
      Page Swaps                        0
      Voluntary Context Switches        0
      Involuntary Context Switches      0
      Block Input Operations            0
      Block Output Operations           0
      

NOTE: [ADCM] SAS key CMDECOD already uppercase (or all missing).
NOTE: PROCEDURE SQL used (Total process time):
      real time           0.00 seconds
      user cpu time       0.00 seconds
      system cpu time     0.00 seconds
      memory              6860.00k
      OS Memory           36776.00k
      Timestamp           08/26/2026 09:49:34 PM
      Step Count                        1821  Switch Count  0
      Page Faults                       0
      Page Reclaims                     279
      Page Swaps                        0
      Voluntary Context Switches        0
      Involuntary Context Switches      0
      Block Input Operations            0
      Block Output Operations           0
      

NOTE: [ADCM] REF key USUBJID already uppercase (or all missing).
NOTE: PROCEDURE SQL used (Total process time):
      real time           0.00 seconds
      user cpu time       0.00 seconds
      system cpu time     0.00 seconds
      memory              6860.00k
128                                                        The SAS System                     Wednesday, August 26, 2026 02:49:34 PM

      OS Memory           36776.00k
      Timestamp           08/26/2026 09:49:34 PM
      Step Count                        1822  Switch Count  0
      Page Faults                       0
      Page Reclaims                     279
      Page Swaps                        0
      Voluntary Context Switches        0
      Involuntary Context Switches      0
      Block Input Operations            0
      Block Output Operations           0
      

NOTE: [ADCM] REF key CMDECOD already uppercase (or all missing).

NOTE: There were 7510 observations read from the data set WORK._QC_SAS.
NOTE: The data set WORK._QC_SAS has 7510 observations and 89 variables.
NOTE: DATA statement used (Total process time):
      real time           0.01 seconds
      user cpu time       0.01 seconds
      system cpu time     0.00 seconds
      memory              3623.93k
      OS Memory           34216.00k
      Timestamp           08/26/2026 09:49:34 PM
      Step Count                        1823  Switch Count  2
      Page Faults                       0
      Page Reclaims                     633
      Page Swaps                        0
      Voluntary Context Switches        11
      Involuntary Context Switches      0
      Block Input Operations            0
      Block Output Operations           18952
      

NOTE: [ADCM] Key USUBJID upcased and stripped on _qc_sas for case-safe match

NOTE: There were 7510 observations read from the data set WORK._QC_SAS.
NOTE: The data set WORK._QC_SAS has 7510 observations and 89 variables.
NOTE: DATA statement used (Total process time):
      real time           0.01 seconds
      user cpu time       0.00 seconds
      system cpu time     0.01 seconds
      memory              3624.18k
      OS Memory           34216.00k
      Timestamp           08/26/2026 09:49:34 PM
      Step Count                        1824  Switch Count  2
      Page Faults                       0
      Page Reclaims                     633
      Page Swaps                        0
      Voluntary Context Switches        11
      Involuntary Context Switches      0
      Block Input Operations            0
      Block Output Operations           18952
      

NOTE: [ADCM] Key CMDECOD upcased and stripped on _qc_sas for case-safe match

NOTE: There were 7510 observations read from the data set WORK._QC_REF.
NOTE: The data set WORK._QC_REF has 7510 observations and 95 variables.
129                                                        The SAS System                     Wednesday, August 26, 2026 02:49:34 PM

NOTE: DATA statement used (Total process time):
      real time           0.00 seconds
      user cpu time       0.00 seconds
      system cpu time     0.01 seconds
      memory              3642.93k
      OS Memory           34216.00k
      Timestamp           08/26/2026 09:49:34 PM
      Step Count                        1825  Switch Count  2
      Page Faults                       0
      Page Reclaims                     633
      Page Swaps                        0
      Voluntary Context Switches        11
      Involuntary Context Switches      0
      Block Input Operations            0
      Block Output Operations           13064
      

NOTE: [ADCM] Key USUBJID upcased and stripped on _qc_ref for case-safe match

NOTE: There were 7510 observations read from the data set WORK._QC_REF.
NOTE: The data set WORK._QC_REF has 7510 observations and 95 variables.
NOTE: DATA statement used (Total process time):
      real time           0.00 seconds
      user cpu time       0.01 seconds
      system cpu time     0.00 seconds
      memory              3642.93k
      OS Memory           34216.00k
      Timestamp           08/26/2026 09:49:34 PM
      Step Count                        1826  Switch Count  2
      Page Faults                       0
      Page Reclaims                     633
      Page Swaps                        0
      Voluntary Context Switches        11
      Involuntary Context Switches      0
      Block Input Operations            0
      Block Output Operations           13064
      

NOTE: [ADCM] Key CMDECOD upcased and stripped on _qc_ref for case-safe match

NOTE: Missing values were generated as a result of performing an operation on missing values.
      Each place is given by: (Number of times) at (Line):(Column).
      7510 at 3446:60   24 at 3446:60     7440 at 3446:60   21 at 3446:60     6812 at 3446:60   21 at 3446:60     
NOTE: There were 7510 observations read from the data set WORK._QC_SAS.
NOTE: The data set WORK._QC_SAS has 7510 observations and 89 variables.
NOTE: DATA statement used (Total process time):
      real time           0.01 seconds
      user cpu time       0.01 seconds
      system cpu time     0.01 seconds
      memory              3666.31k
      OS Memory           34216.00k
      Timestamp           08/26/2026 09:49:34 PM
      Step Count                        1827  Switch Count  2
      Page Faults                       0
      Page Reclaims                     633
      Page Swaps                        0
      Voluntary Context Switches        11
      Involuntary Context Switches      0
130                                                        The SAS System                     Wednesday, August 26, 2026 02:49:34 PM

      Block Input Operations            0
      Block Output Operations           18960
      


NOTE: Missing values were generated as a result of performing an operation on missing values.
      Each place is given by: (Number of times) at (Line):(Column).
      7510 at 3446:60   24 at 3446:60     7440 at 3446:60   21 at 3446:60     6812 at 3446:60   
NOTE: There were 7510 observations read from the data set WORK._QC_REF.
NOTE: The data set WORK._QC_REF has 7510 observations and 95 variables.
NOTE: DATA statement used (Total process time):
      real time           0.01 seconds
      user cpu time       0.01 seconds
      system cpu time     0.01 seconds
      memory              3673.53k
      OS Memory           34216.00k
      Timestamp           08/26/2026 09:49:34 PM
      Step Count                        1828  Switch Count  2
      Page Faults                       0
      Page Reclaims                     633
      Page Swaps                        0
      Voluntary Context Switches        10
      Involuntary Context Switches      0
      Block Input Operations            0
      Block Output Operations           13064
      

NOTE: [ADCM] m_qc_norm_dtm_scale starting on _qc_sas vars=TRTSDTM TRTEDTM ASTDTM AENDTM

NOTE: There were 7510 observations read from the data set WORK._QC_SAS.
NOTE: The data set WORK._QC_SAS has 7510 observations and 89 variables.
NOTE: DATA statement used (Total process time):
      real time           0.01 seconds
      user cpu time       0.00 seconds
      system cpu time     0.01 seconds
      memory              3676.56k
      OS Memory           34216.00k
      Timestamp           08/26/2026 09:49:34 PM
      Step Count                        1829  Switch Count  2
      Page Faults                       0
      Page Reclaims                     633
      Page Swaps                        0
      Voluntary Context Switches        11
      Involuntary Context Switches      1
      Block Input Operations            0
      Block Output Operations           18952
      

NOTE: [ADCM] Promoted date-scale *DTM on _qc_sas - vars=TRTSDTM TRTEDTM ASTDTM AENDTM n_scale=0 n_midnight=8184 (XPT Date vs SAS 
datetime).
NOTE: [ADCM] m_qc_norm_dtm_scale starting on _qc_ref vars=TRTSDTM TRTEDTM ASTDTM AENDTM

NOTE: There were 7510 observations read from the data set WORK._QC_REF.
NOTE: The data set WORK._QC_REF has 7510 observations and 95 variables.
NOTE: DATA statement used (Total process time):
      real time           0.01 seconds
      user cpu time       0.01 seconds
      system cpu time     0.00 seconds
131                                                        The SAS System                     Wednesday, August 26, 2026 02:49:34 PM

      memory              3696.09k
      OS Memory           34216.00k
      Timestamp           08/26/2026 09:49:34 PM
      Step Count                        1830  Switch Count  2
      Page Faults                       0
      Page Reclaims                     633
      Page Swaps                        0
      Voluntary Context Switches        10
      Involuntary Context Switches      1
      Block Input Operations            0
      Block Output Operations           13064
      

NOTE: [ADCM] Promoted date-scale *DTM on _qc_ref - vars=TRTSDTM TRTEDTM ASTDTM AENDTM n_scale=23166 n_midnight=0 (XPT Date vs SAS 
datetime).

NOTE: There were 7510 observations read from the data set WORK._QC_SAS.
NOTE: The data set WORK._QC_SAS has 7510 observations and 89 variables.
NOTE: PROCEDURE SORT used (Total process time):
      real time           0.01 seconds
      user cpu time       0.00 seconds
      system cpu time     0.01 seconds
      memory              12703.84k
      OS Memory           42452.00k
      Timestamp           08/26/2026 09:49:34 PM
      Step Count                        1831  Switch Count  2
      Page Faults                       0
      Page Reclaims                     2954
      Page Swaps                        0
      Voluntary Context Switches        11
      Involuntary Context Switches      2
      Block Input Operations            0
      Block Output Operations           18952
      


NOTE: There were 7510 observations read from the data set WORK._QC_SAS.
NOTE: The data set WORK._QC_SAS has 7510 observations and 90 variables.
NOTE: DATA statement used (Total process time):
      real time           0.01 seconds
      user cpu time       0.01 seconds
      system cpu time     0.01 seconds
      memory              3656.31k
      OS Memory           34216.00k
      Timestamp           08/26/2026 09:49:34 PM
      Step Count                        1832  Switch Count  2
      Page Faults                       0
      Page Reclaims                     633
      Page Swaps                        0
      Voluntary Context Switches        11
      Involuntary Context Switches      0
      Block Input Operations            0
      Block Output Operations           18960
      


NOTE: There were 7510 observations read from the data set WORK._QC_SAS.
NOTE: The data set WORK._QC_SAS has 7510 observations and 90 variables.
132                                                        The SAS System                     Wednesday, August 26, 2026 02:49:34 PM

NOTE: PROCEDURE SORT used (Total process time):
      real time           0.01 seconds
      user cpu time       0.01 seconds
      system cpu time     0.01 seconds
      memory              12704.65k
      OS Memory           42452.00k
      Timestamp           08/26/2026 09:49:34 PM
      Step Count                        1833  Switch Count  2
      Page Faults                       0
      Page Reclaims                     2979
      Page Swaps                        0
      Voluntary Context Switches        11
      Involuntary Context Switches      1
      Block Input Operations            0
      Block Output Operations           18952
      


NOTE: There were 7510 observations read from the data set WORK._QC_REF.
NOTE: The data set WORK._QC_REF has 7510 observations and 95 variables.
NOTE: PROCEDURE SORT used (Total process time):
      real time           0.01 seconds
      user cpu time       0.00 seconds
      system cpu time     0.01 seconds
      memory              9575.12k
      OS Memory           39368.00k
      Timestamp           08/26/2026 09:49:34 PM
      Step Count                        1834  Switch Count  2
      Page Faults                       0
      Page Reclaims                     2240
      Page Swaps                        0
      Voluntary Context Switches        11
      Involuntary Context Switches      2
      Block Input Operations            0
      Block Output Operations           13064
      


NOTE: There were 7510 observations read from the data set WORK._QC_REF.
NOTE: The data set WORK._QC_REF has 7510 observations and 96 variables.
NOTE: DATA statement used (Total process time):
      real time           0.00 seconds
      user cpu time       0.00 seconds
      system cpu time     0.00 seconds
      memory              3674.56k
      OS Memory           34216.00k
      Timestamp           08/26/2026 09:49:34 PM
      Step Count                        1835  Switch Count  2
      Page Faults                       0
      Page Reclaims                     633
      Page Swaps                        0
      Voluntary Context Switches        10
      Involuntary Context Switches      0
      Block Input Operations            0
      Block Output Operations           13320
      


133                                                        The SAS System                     Wednesday, August 26, 2026 02:49:34 PM

NOTE: There were 7510 observations read from the data set WORK._QC_REF.
NOTE: The data set WORK._QC_REF has 7510 observations and 96 variables.
NOTE: PROCEDURE SORT used (Total process time):
      real time           0.01 seconds
      user cpu time       0.01 seconds
      system cpu time     0.01 seconds
      memory              10603.43k
      OS Memory           40396.00k
      Timestamp           08/26/2026 09:49:34 PM
      Step Count                        1836  Switch Count  2
      Page Faults                       0
      Page Reclaims                     2267
      Page Swaps                        0
      Voluntary Context Switches        11
      Involuntary Context Switches      0
      Block Input Operations            0
      Block Output Operations           13320
      

NOTE: PROCEDURE SQL used (Total process time):
      real time           0.00 seconds
      user cpu time       0.00 seconds
      system cpu time     0.01 seconds
      memory              6882.71k
      OS Memory           36776.00k
      Timestamp           08/26/2026 09:49:34 PM
      Step Count                        1837  Switch Count  0
      Page Faults                       0
      Page Reclaims                     544
      Page Swaps                        0
      Voluntary Context Switches        0
      Involuntary Context Switches      1
      Block Input Operations            0
      Block Output Operations           0
      

NOTE: [ADCM] Sort key USUBJID ASTDT CMDECOD CMSEQ is unique on both sides.

NOTE: There were 7510 observations read from the data set WORK._QC_SAS.
NOTE: There were 7510 observations read from the data set WORK._QC_REF.
NOTE: The data set WORK._QC_KEYS has 0 observations and 6 variables.
NOTE: DATA statement used (Total process time):
      real time           0.00 seconds
      user cpu time       0.01 seconds
      system cpu time     0.00 seconds
      memory              3960.59k
      OS Memory           33964.00k
      Timestamp           08/26/2026 09:49:34 PM
      Step Count                        1838  Switch Count  2
      Page Faults                       0
      Page Reclaims                     714
      Page Swaps                        0
      Voluntary Context Switches        10
      Involuntary Context Switches      2
      Block Input Operations            0
      Block Output Operations           264
      

134                                                        The SAS System                     Wednesday, August 26, 2026 02:49:34 PM

NOTE: PROCEDURE SQL used (Total process time):
      real time           0.00 seconds
      user cpu time       0.00 seconds
      system cpu time     0.00 seconds
      memory              5519.31k
      OS Memory           35752.00k
      Timestamp           08/26/2026 09:49:34 PM
      Step Count                        1839  Switch Count  0
      Page Faults                       0
      Page Reclaims                     90
      Page Swaps                        0
      Voluntary Context Switches        0
      Involuntary Context Switches      0
      Block Input Operations            0
      Block Output Operations           0
      

NOTE: [ADCM] key orphans SAS_ONLY=0 REF_ONLY=0 on key USUBJID ASTDT CMDECOD CMSEQ

NOTE: Numeric values have been converted to character values at the places given by: (Line):(Column).
      3446:1   3446:1   3446:1   3446:1   3446:1   3446:1   3446:1   3446:1   3446:1   3446:1   3446:1   3446:1   3446:1   3446:1
      3446:1   3446:1   3446:1   3446:1   
NOTE: Missing values were generated as a result of performing an operation on missing values.
      Each place is given by: (Number of times) at (Line):(Column).
      6812 at 3446:97    6812 at 3446:104   
NOTE: There were 7510 observations read from the data set WORK._QC_SAS.
NOTE: There were 7510 observations read from the data set WORK._QC_REF.
NOTE: The data set WORK._QC_MIS has 2 observations and 10 variables.
NOTE: DATA statement used (Total process time):
      real time           0.01 seconds
      user cpu time       0.02 seconds
      system cpu time     0.01 seconds
      memory              4444.06k
      OS Memory           34224.00k
      Timestamp           08/26/2026 09:49:34 PM
      Step Count                        1840  Switch Count  2
      Page Faults                       0
      Page Reclaims                     776
      Page Swaps                        0
      Voluntary Context Switches        10
      Involuntary Context Switches      1
      Block Input Operations            0
      Block Output Operations           272
      

NOTE: PROCEDURE SQL used (Total process time):
      real time           0.00 seconds
      user cpu time       0.00 seconds
      system cpu time     0.00 seconds
      memory              5459.03k
      OS Memory           35752.00k
      Timestamp           08/26/2026 09:49:34 PM
      Step Count                        1841  Switch Count  0
      Page Faults                       0
      Page Reclaims                     52
      Page Swaps                        0
      Voluntary Context Switches        0
      Involuntary Context Switches      0
135                                                        The SAS System                     Wednesday, August 26, 2026 02:49:34 PM

      Block Input Operations            0
      Block Output Operations           0
      

NOTE: [ADCM] value mismatches=2
NOTE: PROCEDURE SQL used (Total process time):
      real time           0.00 seconds
      user cpu time       0.00 seconds
      system cpu time     0.00 seconds
      memory              5472.59k
      OS Memory           35752.00k
      Timestamp           08/26/2026 09:49:34 PM
      Step Count                        1842  Switch Count  0
      Page Faults                       0
      Page Reclaims                     52
      Page Swaps                        0
      Voluntary Context Switches        0
      Involuntary Context Switches      0
      Block Input Operations            0
      Block Output Operations           0
      

NOTE: [ADCM] ADCM_AENDT_POLICY_V2 gate n_mis=2 n_aendt_aendy=2
NOTE: [ADCM] ADCM_AENDT_POLICY_V2 FIRE - Layer-1 diffs are only AENDT and/or AENDY.
WARNING: [ADCM] COMPARE POLICY - ADCM AENDT PVA year-end without EOS cap (SAS matches admiral+EOS - not a SAS bug).

NOTE: There were 2 observations read from the data set WORK._QC_MIS.
NOTE: PROCEDURE PRINT used (Total process time):
      real time           0.01 seconds
      user cpu time       0.01 seconds
      system cpu time     0.00 seconds
      memory              665.46k
      OS Memory           30628.00k
      Timestamp           08/26/2026 09:49:34 PM
      Step Count                        1843  Switch Count  0
      Page Faults                       0
      Page Reclaims                     66
      Page Swaps                        0
      Voluntary Context Switches        0
      Involuntary Context Switches      2
      Block Input Operations            0
      Block Output Operations           0
      


NOTE: Appending WORK._QC_MIS to WORK._QC_ALL_MIS.
WARNING: Variable USUBJID has different lengths on BASE and DATA files (BASE 40 DATA 11).
WARNING: Variable PARAMCD was not found on DATA file.
WARNING: Variable AVISIT was not found on DATA file.
WARNING: Variable AEDECOD was not found on DATA file.
WARNING: Variable CMDECOD has different lengths on BASE and DATA files (BASE 200 DATA 24).
WARNING: Variable AESEQ was not found on DATA file.
WARNING: Variable VSSEQ was not found on DATA file.
WARNING: Variable EGSEQ was not found on DATA file.
WARNING: Variable LBSEQ was not found on DATA file.
NOTE: There were 2 observations read from the data set WORK._QC_MIS.
NOTE: 2 observations added.
NOTE: The data set WORK._QC_ALL_MIS has 2 observations and 17 variables.
136                                                        The SAS System                     Wednesday, August 26, 2026 02:49:34 PM

NOTE: PROCEDURE APPEND used (Total process time):
      real time           0.00 seconds
      user cpu time       0.00 seconds
      system cpu time     0.00 seconds
      memory              974.18k
      OS Memory           30892.00k
      Timestamp           08/26/2026 09:49:34 PM
      Step Count                        1844  Switch Count  0
      Page Faults                       0
      Page Reclaims                     116
      Page Swaps                        0
      Voluntary Context Switches        0
      Involuntary Context Switches      0
      Block Input Operations            0
      Block Output Operations           272
      

NOTE: ===== COMPARE ADCM: n_sas(compare)=7510  n_ref(base)=7510 =====
NOTE: [PROC COMPARE ADCM] Row counts match (n=7510) - proceeding to key match and value compare.
NOTE: [ADCM] keysrc=CALLER - ignoring adam/ref SORTEDBY - using sortkeys=USUBJID ASTDT CMDECOD CMSEQ tiebreak=
NOTE: [ADCM] MATCH KEY source=CALLER sortkeys=USUBJID ASTDT CMDECOD CMSEQ tiebreak= plus derived _KEYSEQ

NOTE: There were 7510 observations read from the data set ADAM.ADCM.
NOTE: The data set WORK._PC_COMP has 7510 observations and 89 variables.
NOTE: DATA statement used (Total process time):
      real time           0.01 seconds
      user cpu time       0.00 seconds
      system cpu time     0.01 seconds
      memory              3613.93k
      OS Memory           34216.00k
      Timestamp           08/26/2026 09:49:34 PM
      Step Count                        1845  Switch Count  2
      Page Faults                       0
      Page Reclaims                     633
      Page Swaps                        0
      Voluntary Context Switches        18
      Involuntary Context Switches      0
      Block Input Operations            0
      Block Output Operations           18952
      


NOTE: There were 7510 observations read from the data set REF_PVA.REFADCM.
NOTE: The data set WORK._PC_BASE has 7510 observations and 95 variables.
NOTE: DATA statement used (Total process time):
      real time           0.00 seconds
      user cpu time       0.00 seconds
      system cpu time     0.01 seconds
      memory              3630.31k
      OS Memory           34216.00k
      Timestamp           08/26/2026 09:49:34 PM
      Step Count                        1846  Switch Count  2
      Page Faults                       0
      Page Reclaims                     633
      Page Swaps                        0
      Voluntary Context Switches        18
      Involuntary Context Switches      1
      Block Input Operations            0
137                                                        The SAS System                     Wednesday, August 26, 2026 02:49:34 PM

      Block Output Operations           13064
      

NOTE: PROCEDURE SQL used (Total process time):
      real time           0.00 seconds
      user cpu time       0.01 seconds
      system cpu time     0.00 seconds
      memory              6858.09k
      OS Memory           36776.00k
      Timestamp           08/26/2026 09:49:34 PM
      Step Count                        1847  Switch Count  0
      Page Faults                       0
      Page Reclaims                     279
      Page Swaps                        0
      Voluntary Context Switches        0
      Involuntary Context Switches      1
      Block Input Operations            0
      Block Output Operations           0
      

NOTE: [ADCM] SAS key USUBJID already uppercase (or all missing).
NOTE: PROCEDURE SQL used (Total process time):
      real time           0.00 seconds
      user cpu time       0.00 seconds
      system cpu time     0.00 seconds
      memory              6858.09k
      OS Memory           36776.00k
      Timestamp           08/26/2026 09:49:34 PM
      Step Count                        1848  Switch Count  0
      Page Faults                       0
      Page Reclaims                     279
      Page Swaps                        0
      Voluntary Context Switches        0
      Involuntary Context Switches      1
      Block Input Operations            0
      Block Output Operations           0
      

NOTE: [ADCM] SAS key CMDECOD already uppercase (or all missing).
NOTE: PROCEDURE SQL used (Total process time):
      real time           0.00 seconds
      user cpu time       0.01 seconds
      system cpu time     0.00 seconds
      memory              6860.00k
      OS Memory           36776.00k
      Timestamp           08/26/2026 09:49:34 PM
      Step Count                        1849  Switch Count  0
      Page Faults                       0
      Page Reclaims                     279
      Page Swaps                        0
      Voluntary Context Switches        0
      Involuntary Context Switches      0
      Block Input Operations            0
      Block Output Operations           0
      

NOTE: [ADCM] REF key USUBJID already uppercase (or all missing).
NOTE: PROCEDURE SQL used (Total process time):
138                                                        The SAS System                     Wednesday, August 26, 2026 02:49:34 PM

      real time           0.00 seconds
      user cpu time       0.00 seconds
      system cpu time     0.01 seconds
      memory              6860.00k
      OS Memory           36776.00k
      Timestamp           08/26/2026 09:49:34 PM
      Step Count                        1850  Switch Count  0
      Page Faults                       0
      Page Reclaims                     279
      Page Swaps                        0
      Voluntary Context Switches        0
      Involuntary Context Switches      1
      Block Input Operations            0
      Block Output Operations           0
      

NOTE: [ADCM] REF key CMDECOD already uppercase (or all missing).

NOTE: There were 7510 observations read from the data set WORK._PC_COMP.
NOTE: The data set WORK._PC_COMP has 7510 observations and 89 variables.
NOTE: DATA statement used (Total process time):
      real time           0.01 seconds
      user cpu time       0.00 seconds
      system cpu time     0.00 seconds
      memory              3624.37k
      OS Memory           34216.00k
      Timestamp           08/26/2026 09:49:34 PM
      Step Count                        1851  Switch Count  2
      Page Faults                       0
      Page Reclaims                     633
      Page Swaps                        0
      Voluntary Context Switches        11
      Involuntary Context Switches      2
      Block Input Operations            0
      Block Output Operations           18952
      

NOTE: [ADCM] Key USUBJID upcased and stripped on _pc_comp for case-safe match

NOTE: There were 7510 observations read from the data set WORK._PC_COMP.
NOTE: The data set WORK._PC_COMP has 7510 observations and 89 variables.
NOTE: DATA statement used (Total process time):
      real time           0.01 seconds
      user cpu time       0.00 seconds
      system cpu time     0.01 seconds
      memory              3624.12k
      OS Memory           34216.00k
      Timestamp           08/26/2026 09:49:34 PM
      Step Count                        1852  Switch Count  2
      Page Faults                       0
      Page Reclaims                     633
      Page Swaps                        0
      Voluntary Context Switches        11
      Involuntary Context Switches      0
      Block Input Operations            0
      Block Output Operations           18952
      

139                                                        The SAS System                     Wednesday, August 26, 2026 02:49:34 PM

NOTE: [ADCM] Key CMDECOD upcased and stripped on _pc_comp for case-safe match

NOTE: There were 7510 observations read from the data set WORK._PC_BASE.
NOTE: The data set WORK._PC_BASE has 7510 observations and 95 variables.
NOTE: DATA statement used (Total process time):
      real time           0.00 seconds
      user cpu time       0.00 seconds
      system cpu time     0.01 seconds
      memory              3642.93k
      OS Memory           34216.00k
      Timestamp           08/26/2026 09:49:34 PM
      Step Count                        1853  Switch Count  2
      Page Faults                       0
      Page Reclaims                     633
      Page Swaps                        0
      Voluntary Context Switches        11
      Involuntary Context Switches      1
      Block Input Operations            0
      Block Output Operations           13064
      

NOTE: [ADCM] Key USUBJID upcased and stripped on _pc_base for case-safe match

NOTE: There were 7510 observations read from the data set WORK._PC_BASE.
NOTE: The data set WORK._PC_BASE has 7510 observations and 95 variables.
NOTE: DATA statement used (Total process time):
      real time           0.00 seconds
      user cpu time       0.01 seconds
      system cpu time     0.01 seconds
      memory              3641.87k
      OS Memory           34216.00k
      Timestamp           08/26/2026 09:49:34 PM
      Step Count                        1854  Switch Count  2
      Page Faults                       0
      Page Reclaims                     633
      Page Swaps                        0
      Voluntary Context Switches        11
      Involuntary Context Switches      2
      Block Input Operations            0
      Block Output Operations           13064
      

NOTE: [ADCM] Key CMDECOD upcased and stripped on _pc_base for case-safe match

NOTE: Missing values were generated as a result of performing an operation on missing values.
      Each place is given by: (Number of times) at (Line):(Column).
      7510 at 3446:60   24 at 3446:60     7440 at 3446:60   21 at 3446:60     6812 at 3446:60   21 at 3446:60     
NOTE: There were 7510 observations read from the data set WORK._PC_COMP.
NOTE: The data set WORK._PC_COMP has 7510 observations and 89 variables.
NOTE: DATA statement used (Total process time):
      real time           0.01 seconds
      user cpu time       0.01 seconds
      system cpu time     0.00 seconds
      memory              3666.15k
      OS Memory           34216.00k
      Timestamp           08/26/2026 09:49:34 PM
      Step Count                        1855  Switch Count  2
      Page Faults                       0
140                                                        The SAS System                     Wednesday, August 26, 2026 02:49:34 PM

      Page Reclaims                     633
      Page Swaps                        0
      Voluntary Context Switches        11
      Involuntary Context Switches      0
      Block Input Operations            0
      Block Output Operations           18952
      


NOTE: Missing values were generated as a result of performing an operation on missing values.
      Each place is given by: (Number of times) at (Line):(Column).
      7510 at 3446:60   24 at 3446:60     7440 at 3446:60   21 at 3446:60     6812 at 3446:60   
NOTE: There were 7510 observations read from the data set WORK._PC_BASE.
NOTE: The data set WORK._PC_BASE has 7510 observations and 95 variables.
NOTE: DATA statement used (Total process time):
      real time           0.01 seconds
      user cpu time       0.01 seconds
      system cpu time     0.00 seconds
      memory              3673.53k
      OS Memory           34216.00k
      Timestamp           08/26/2026 09:49:34 PM
      Step Count                        1856  Switch Count  2
      Page Faults                       0
      Page Reclaims                     633
      Page Swaps                        0
      Voluntary Context Switches        11
      Involuntary Context Switches      0
      Block Input Operations            0
      Block Output Operations           13064
      

NOTE: [ADCM] m_qc_norm_dtm_scale starting on _pc_comp vars=TRTSDTM TRTEDTM ASTDTM AENDTM

NOTE: There were 7510 observations read from the data set WORK._PC_COMP.
NOTE: The data set WORK._PC_COMP has 7510 observations and 89 variables.
NOTE: DATA statement used (Total process time):
      real time           0.01 seconds
      user cpu time       0.00 seconds
      system cpu time     0.01 seconds
      memory              3678.21k
      OS Memory           34216.00k
      Timestamp           08/26/2026 09:49:34 PM
      Step Count                        1857  Switch Count  2
      Page Faults                       0
      Page Reclaims                     633
      Page Swaps                        0
      Voluntary Context Switches        10
      Involuntary Context Switches      1
      Block Input Operations            0
      Block Output Operations           18952
      

NOTE: [ADCM] Promoted date-scale *DTM on _pc_comp - vars=TRTSDTM TRTEDTM ASTDTM AENDTM n_scale=0 n_midnight=8184 (XPT Date vs SAS 
datetime).
NOTE: [ADCM] m_qc_norm_dtm_scale starting on _pc_base vars=TRTSDTM TRTEDTM ASTDTM AENDTM

NOTE: There were 7510 observations read from the data set WORK._PC_BASE.
NOTE: The data set WORK._PC_BASE has 7510 observations and 95 variables.
141                                                        The SAS System                     Wednesday, August 26, 2026 02:49:34 PM

NOTE: DATA statement used (Total process time):
      real time           0.01 seconds
      user cpu time       0.00 seconds
      system cpu time     0.01 seconds
      memory              3696.56k
      OS Memory           34216.00k
      Timestamp           08/26/2026 09:49:34 PM
      Step Count                        1858  Switch Count  2
      Page Faults                       0
      Page Reclaims                     633
      Page Swaps                        0
      Voluntary Context Switches        10
      Involuntary Context Switches      1
      Block Input Operations            0
      Block Output Operations           13064
      

NOTE: [ADCM] Promoted date-scale *DTM on _pc_base - vars=TRTSDTM TRTEDTM ASTDTM AENDTM n_scale=23166 n_midnight=0 (XPT Date vs SAS 
datetime).

NOTE: There were 7510 observations read from the data set WORK._PC_COMP.
NOTE: The data set WORK._PC_COMP has 7510 observations and 89 variables.
NOTE: PROCEDURE SORT used (Total process time):
      real time           0.01 seconds
      user cpu time       0.01 seconds
      system cpu time     0.01 seconds
      memory              12703.46k
      OS Memory           42452.00k
      Timestamp           08/26/2026 09:49:34 PM
      Step Count                        1859  Switch Count  2
      Page Faults                       0
      Page Reclaims                     2954
      Page Swaps                        0
      Voluntary Context Switches        11
      Involuntary Context Switches      0
      Block Input Operations            0
      Block Output Operations           18952
      


NOTE: There were 7510 observations read from the data set WORK._PC_COMP.
NOTE: The data set WORK._PC_COMP has 7510 observations and 90 variables.
NOTE: DATA statement used (Total process time):
      real time           0.01 seconds
      user cpu time       0.00 seconds
      system cpu time     0.01 seconds
      memory              3655.37k
      OS Memory           34216.00k
      Timestamp           08/26/2026 09:49:34 PM
      Step Count                        1860  Switch Count  2
      Page Faults                       0
      Page Reclaims                     633
      Page Swaps                        0
      Voluntary Context Switches        15
      Involuntary Context Switches      0
      Block Input Operations            0
      Block Output Operations           18952
      
142                                                        The SAS System                     Wednesday, August 26, 2026 02:49:34 PM



NOTE: There were 7510 observations read from the data set WORK._PC_COMP.
NOTE: The data set WORK._PC_COMP has 7510 observations and 90 variables.
NOTE: PROCEDURE SORT used (Total process time):
      real time           0.01 seconds
      user cpu time       0.01 seconds
      system cpu time     0.01 seconds
      memory              12704.46k
      OS Memory           42452.00k
      Timestamp           08/26/2026 09:49:35 PM
      Step Count                        1861  Switch Count  2
      Page Faults                       0
      Page Reclaims                     2979
      Page Swaps                        0
      Voluntary Context Switches        11
      Involuntary Context Switches      0
      Block Input Operations            0
      Block Output Operations           18952
      


NOTE: There were 7510 observations read from the data set WORK._PC_BASE.
NOTE: The data set WORK._PC_BASE has 7510 observations and 95 variables.
NOTE: PROCEDURE SORT used (Total process time):
      real time           0.01 seconds
      user cpu time       0.00 seconds
      system cpu time     0.01 seconds
      memory              9575.46k
      OS Memory           39368.00k
      Timestamp           08/26/2026 09:49:35 PM
      Step Count                        1862  Switch Count  2
      Page Faults                       0
      Page Reclaims                     2240
      Page Swaps                        0
      Voluntary Context Switches        10
      Involuntary Context Switches      0
      Block Input Operations            0
      Block Output Operations           13064
      


NOTE: There were 7510 observations read from the data set WORK._PC_BASE.
NOTE: The data set WORK._PC_BASE has 7510 observations and 96 variables.
NOTE: DATA statement used (Total process time):
      real time           0.01 seconds
      user cpu time       0.01 seconds
      system cpu time     0.01 seconds
      memory              3675.40k
      OS Memory           34216.00k
      Timestamp           08/26/2026 09:49:35 PM
      Step Count                        1863  Switch Count  2
      Page Faults                       0
      Page Reclaims                     633
      Page Swaps                        0
      Voluntary Context Switches        11
      Involuntary Context Switches      0
      Block Input Operations            0
143                                                        The SAS System                     Wednesday, August 26, 2026 02:49:35 PM

      Block Output Operations           13320
      


NOTE: There were 7510 observations read from the data set WORK._PC_BASE.
NOTE: The data set WORK._PC_BASE has 7510 observations and 96 variables.
NOTE: PROCEDURE SORT used (Total process time):
      real time           0.01 seconds
      user cpu time       0.00 seconds
      system cpu time     0.01 seconds
      memory              10603.59k
      OS Memory           40396.00k
      Timestamp           08/26/2026 09:49:35 PM
      Step Count                        1864  Switch Count  2
      Page Faults                       0
      Page Reclaims                     2267
      Page Swaps                        0
      Voluntary Context Switches        11
      Involuntary Context Switches      0
      Block Input Operations            0
      Block Output Operations           13320
      

NOTE: PROCEDURE SQL used (Total process time):
      real time           0.00 seconds
      user cpu time       0.00 seconds
      system cpu time     0.00 seconds
      memory              6882.71k
      OS Memory           36776.00k
      Timestamp           08/26/2026 09:49:35 PM
      Step Count                        1865  Switch Count  0
      Page Faults                       0
      Page Reclaims                     544
      Page Swaps                        0
      Voluntary Context Switches        0
      Involuntary Context Switches      0
      Block Input Operations            0
      Block Output Operations           0
      

NOTE: [ADCM] Sort key USUBJID ASTDT CMDECOD CMSEQ is unique on both sides.
NOTE: [PROC COMPARE ADCM] Applying m_qc_norm_dtm_scale on _pc_base/_pc_comp before PROC COMPARE.
NOTE: [ADCM_pc_base] m_qc_norm_dtm_scale starting on _pc_base vars=TRTSDTM TRTEDTM ASTDTM AENDTM

NOTE: There were 7510 observations read from the data set WORK._PC_BASE.
NOTE: The data set WORK._PC_BASE has 7510 observations and 96 variables.
NOTE: DATA statement used (Total process time):
      real time           0.01 seconds
      user cpu time       0.01 seconds
      system cpu time     0.00 seconds
      memory              3694.81k
      OS Memory           34216.00k
      Timestamp           08/26/2026 09:49:35 PM
      Step Count                        1866  Switch Count  2
      Page Faults                       0
      Page Reclaims                     634
      Page Swaps                        0
      Voluntary Context Switches        11
144                                                        The SAS System                     Wednesday, August 26, 2026 02:49:35 PM

      Involuntary Context Switches      0
      Block Input Operations            0
      Block Output Operations           13320
      

NOTE: [ADCM_pc_base] Promoted date-scale *DTM on _pc_base - vars=TRTSDTM TRTEDTM ASTDTM AENDTM n_scale=0 n_midnight=0 (XPT Date vs 
SAS datetime).
NOTE: [ADCM_pc_comp] m_qc_norm_dtm_scale starting on _pc_comp vars=TRTSDTM TRTEDTM ASTDTM AENDTM

NOTE: There were 7510 observations read from the data set WORK._PC_COMP.
NOTE: The data set WORK._PC_COMP has 7510 observations and 90 variables.
NOTE: DATA statement used (Total process time):
      real time           0.01 seconds
      user cpu time       0.00 seconds
      system cpu time     0.01 seconds
      memory              3678.12k
      OS Memory           34216.00k
      Timestamp           08/26/2026 09:49:35 PM
      Step Count                        1867  Switch Count  2
      Page Faults                       0
      Page Reclaims                     633
      Page Swaps                        0
      Voluntary Context Switches        11
      Involuntary Context Switches      1
      Block Input Operations            0
      Block Output Operations           18952
      

NOTE: [ADCM_pc_comp] Promoted date-scale *DTM on _pc_comp - vars=TRTSDTM TRTEDTM ASTDTM AENDTM n_scale=0 n_midnight=0 (XPT Date vs 
SAS datetime).

NOTE: There were 7510 observations read from the data set WORK._PC_BASE.
NOTE: There were 7510 observations read from the data set WORK._PC_COMP.
NOTE: The data set WORK._PC_OUT has 15 observations and 88 variables.
NOTE: PROCEDURE COMPARE used (Total process time):
      real time           0.02 seconds
      user cpu time       0.02 seconds
      system cpu time     0.00 seconds
      memory              4172.09k
      OS Memory           33964.00k
      Timestamp           08/26/2026 09:49:35 PM
      Step Count                        1868  Switch Count  2
      Page Faults                       0
      Page Reclaims                     733
      Page Swaps                        0
      Voluntary Context Switches        10
      Involuntary Context Switches      0
      Block Input Operations            0
      Block Output Operations           264
      


NOTE: There were 7510 observations read from the data set WORK._PC_BASE.
NOTE: There were 7510 observations read from the data set WORK._PC_COMP.
NOTE: The data set WORK._PC_OB has 0 observations and 5 variables.
NOTE: The data set WORK._PC_OC has 0 observations and 5 variables.
NOTE: DATA statement used (Total process time):
      real time           0.01 seconds
145                                                        The SAS System                     Wednesday, August 26, 2026 02:49:35 PM

      user cpu time       0.00 seconds
      system cpu time     0.01 seconds
      memory              4243.93k
      OS Memory           34224.00k
      Timestamp           08/26/2026 09:49:35 PM
      Step Count                        1869  Switch Count  4
      Page Faults                       0
      Page Reclaims                     778
      Page Swaps                        0
      Voluntary Context Switches        20
      Involuntary Context Switches      1
      Block Input Operations            0
      Block Output Operations           528
      

NOTE: PROCEDURE SQL used (Total process time):
      real time           0.00 seconds
      user cpu time       0.00 seconds
      system cpu time     0.00 seconds
      memory              5524.81k
      OS Memory           35752.00k
      Timestamp           08/26/2026 09:49:35 PM
      Step Count                        1870  Switch Count  0
      Page Faults                       0
      Page Reclaims                     90
      Page Swaps                        0
      Voluntary Context Switches        0
      Involuntary Context Switches      0
      Block Input Operations            0
      Block Output Operations           0
      


NOTE: There were 15 observations read from the data set WORK._PC_OUT.
NOTE: The data set WORK._PC_OD has 5 observations and 88 variables.
NOTE: DATA statement used (Total process time):
      real time           0.00 seconds
      user cpu time       0.00 seconds
      system cpu time     0.00 seconds
      memory              1076.40k
      OS Memory           30888.00k
      Timestamp           08/26/2026 09:49:35 PM
      Step Count                        1871  Switch Count  2
      Page Faults                       0
      Page Reclaims                     116
      Page Swaps                        0
      Voluntary Context Switches        11
      Involuntary Context Switches      0
      Block Input Operations            0
      Block Output Operations           264
      

NOTE: PROCEDURE SQL used (Total process time):
      real time           0.00 seconds
      user cpu time       0.00 seconds
      system cpu time     0.00 seconds
      memory              5475.28k
      OS Memory           35752.00k
146                                                        The SAS System                     Wednesday, August 26, 2026 02:49:35 PM

      Timestamp           08/26/2026 09:49:35 PM
      Step Count                        1872  Switch Count  0
      Page Faults                       0
      Page Reclaims                     52
      Page Swaps                        0
      Voluntary Context Switches        0
      Involuntary Context Switches      0
      Block Input Operations            0
      Block Output Operations           0
      

NOTE: [PROC COMPARE ADCM] diffs=5 base_only=0 compare_only=0
NOTE: PROCEDURE SQL used (Total process time):
      real time           0.00 seconds
      user cpu time       0.00 seconds
      system cpu time     0.01 seconds
      memory              5522.37k
      OS Memory           35752.00k
      Timestamp           08/26/2026 09:49:35 PM
      Step Count                        1873  Switch Count  0
      Page Faults                       0
      Page Reclaims                     90
      Page Swaps                        0
      Voluntary Context Switches        0
      Involuntary Context Switches      0
      Block Input Operations            0
      Block Output Operations           0
      

NOTE: [PROC COMPARE ADCM] ADCM_AENDT_POLICY_V2 gate n_mis_all=2 n_aendt_aendy=2 n_dif=5
NOTE: [PROC COMPARE ADCM] ADCM_AENDT_POLICY_V2 FIRE - Layer-1 diffs are only AENDT and/or AENDY.
NOTE: [PROC COMPARE ADCM] PVA appears to impute partial CMENDTC to year-end without EOSDT cap.
NOTE: [PROC COMPARE ADCM] SAS matches admiral ad_adcm.R (hi=M last + max_dates=DTHDT,EOSDT) - keep SAS.
WARNING: [PROC COMPARE ADCM] status=POLICY - ADCM AENDT PVA year-end without EOS cap.

NOTE: The data set WORK._PC_ROW has 1 observations and 4 variables.
NOTE: DATA statement used (Total process time):
      real time           0.00 seconds
      user cpu time       0.01 seconds
      system cpu time     0.00 seconds
      memory              817.25k
      OS Memory           30904.00k
      Timestamp           08/26/2026 09:49:35 PM
      Step Count                        1874  Switch Count  2
      Page Faults                       0
      Page Reclaims                     156
      Page Swaps                        0
      Voluntary Context Switches        11
      Involuntary Context Switches      0
      Block Input Operations            0
      Block Output Operations           264
      


NOTE: Appending WORK._PC_ROW to WORK.QC_PROCOMPARE_DIGEST.
NOTE: There were 1 observations read from the data set WORK._PC_ROW.
NOTE: 1 observations added.
NOTE: The data set WORK.QC_PROCOMPARE_DIGEST has 5 observations and 4 variables.
147                                                        The SAS System                     Wednesday, August 26, 2026 02:49:35 PM

NOTE: PROCEDURE APPEND used (Total process time):
      real time           0.00 seconds
      user cpu time       0.00 seconds
      system cpu time     0.00 seconds
      memory              864.18k
      OS Memory           31148.00k
      Timestamp           08/26/2026 09:49:35 PM
      Step Count                        1875  Switch Count  0
      Page Faults                       0
      Page Reclaims                     116
      Page Swaps                        0
      Voluntary Context Switches        0
      Involuntary Context Switches      0
      Block Input Operations            0
      Block Output Operations           272
      

NOTE: ===== STACKED_DIF_FINGERPRINT=20260824G label=ADCM n_dif=5 =====
NOTE: If Results still show lone E with title without PVA over SAS - ODA has a STALE m_qc_procompare_pva.sas
WARNING: [PROC COMPARE ADCM] Value differences - stacked PVA/SAS sample follows (not raw OUTDIF).

NOTE: There were 7510 observations read from the data set WORK._PC_BASE.
NOTE: The data set WORK._PC_BASE has 7510 observations and 96 variables.
NOTE: DATA statement used (Total process time):
      real time           0.00 seconds
      user cpu time       0.00 seconds
      system cpu time     0.00 seconds
      memory              3623.00k
      OS Memory           34216.00k
      Timestamp           08/26/2026 09:49:35 PM
      Step Count                        1876  Switch Count  2
      Page Faults                       0
      Page Reclaims                     633
      Page Swaps                        0
      Voluntary Context Switches        11
      Involuntary Context Switches      1
      Block Input Operations            0
      Block Output Operations           13320
      


NOTE: There were 7510 observations read from the data set WORK._PC_COMP.
NOTE: The data set WORK._PC_COMP has 7510 observations and 90 variables.
NOTE: DATA statement used (Total process time):
      real time           0.01 seconds
      user cpu time       0.01 seconds
      system cpu time     0.01 seconds
      memory              3615.75k
      OS Memory           34216.00k
      Timestamp           08/26/2026 09:49:35 PM
      Step Count                        1877  Switch Count  2
      Page Faults                       0
      Page Reclaims                     633
      Page Swaps                        0
      Voluntary Context Switches        11
      Involuntary Context Switches      0
      Block Input Operations            0
      Block Output Operations           18952
148                                                        The SAS System                     Wednesday, August 26, 2026 02:49:35 PM

      


NOTE: There were 15 observations read from the data set WORK._PC_OUT.
NOTE: The data set WORK._PDF_OD has 5 observations and 5 variables.
NOTE: DATA statement used (Total process time):
      real time           0.00 seconds
      user cpu time       0.00 seconds
      system cpu time     0.00 seconds
      memory              936.21k
      OS Memory           30888.00k
      Timestamp           08/26/2026 09:49:35 PM
      Step Count                        1878  Switch Count  2
      Page Faults                       0
      Page Reclaims                     121
      Page Swaps                        0
      Voluntary Context Switches        12
      Involuntary Context Switches      0
      Block Input Operations            0
      Block Output Operations           264
      


NOTE: There were 5 observations read from the data set WORK._PDF_OD.
NOTE: 0 observations with duplicate key values were deleted.
NOTE: The data set WORK._PDF_OD has 5 observations and 5 variables.
NOTE: PROCEDURE SORT used (Total process time):
      real time           0.00 seconds
      user cpu time       0.00 seconds
      system cpu time     0.00 seconds
      memory              778.93k
      OS Memory           30888.00k
      Timestamp           08/26/2026 09:49:35 PM
      Step Count                        1879  Switch Count  2
      Page Faults                       0
      Page Reclaims                     113
      Page Swaps                        0
      Voluntary Context Switches        11
      Involuntary Context Switches      0
      Block Input Operations            0
      Block Output Operations           264
      

NOTE: PROCEDURE SQL used (Total process time):
      real time           0.00 seconds
      user cpu time       0.00 seconds
      system cpu time     0.00 seconds
      memory              5458.00k
      OS Memory           35752.00k
      Timestamp           08/26/2026 09:49:35 PM
      Step Count                        1880  Switch Count  0
      Page Faults                       0
      Page Reclaims                     52
      Page Swaps                        0
      Voluntary Context Switches        0
      Involuntary Context Switches      0
      Block Input Operations            0
      Block Output Operations           0
149                                                        The SAS System                     Wednesday, August 26, 2026 02:49:35 PM

      

NOTE: ===== STACKED_DIF_FINGERPRINT=20260824G helper loaded =====

NOTE: The data set WORK._PDF_BVARS has 96 observations and 2 variables.
NOTE: PROCEDURE CONTENTS used (Total process time):
      real time           0.00 seconds
      user cpu time       0.00 seconds
      system cpu time     0.00 seconds
      memory              2367.87k
      OS Memory           32172.00k
      Timestamp           08/26/2026 09:49:35 PM
      Step Count                        1881  Switch Count  2
      Page Faults                       0
      Page Reclaims                     375
      Page Swaps                        0
      Voluntary Context Switches        9
      Involuntary Context Switches      0
      Block Input Operations            0
      Block Output Operations           272
      


NOTE: The data set WORK._PDF_CVARS has 90 observations and 2 variables.
NOTE: PROCEDURE CONTENTS used (Total process time):
      real time           0.00 seconds
      user cpu time       0.00 seconds
      system cpu time     0.00 seconds
      memory              2365.93k
      OS Memory           32172.00k
      Timestamp           08/26/2026 09:49:35 PM
      Step Count                        1882  Switch Count  2
      Page Faults                       0
      Page Reclaims                     375
      Page Swaps                        0
      Voluntary Context Switches        9
      Involuntary Context Switches      0
      Block Input Operations            0
      Block Output Operations           272
      

NOTE: Table WORK._PDF_AVARS created, with 81 rows and 2 columns.

NOTE: PROCEDURE SQL used (Total process time):
      real time           0.00 seconds
      user cpu time       0.00 seconds
      system cpu time     0.01 seconds
      memory              5832.93k
      OS Memory           36012.00k
      Timestamp           08/26/2026 09:49:35 PM
      Step Count                        1883  Switch Count  2
      Page Faults                       0
      Page Reclaims                     424
      Page Swaps                        0
      Voluntary Context Switches        21
      Involuntary Context Switches      2
      Block Input Operations            0
      Block Output Operations           264
150                                                        The SAS System                     Wednesday, August 26, 2026 02:49:35 PM

      


NOTE: There were 7510 observations read from the data set WORK._PC_BASE.
NOTE: The data set WORK._PDF_B has 7510 observations and 96 variables.
NOTE: PROCEDURE SORT used (Total process time):
      real time           0.01 seconds
      user cpu time       0.00 seconds
      system cpu time     0.01 seconds
      memory              10868.75k
      OS Memory           40148.00k
      Timestamp           08/26/2026 09:49:35 PM
      Step Count                        1884  Switch Count  2
      Page Faults                       0
      Page Reclaims                     2301
      Page Swaps                        0
      Voluntary Context Switches        11
      Involuntary Context Switches      1
      Block Input Operations            0
      Block Output Operations           13328
      


NOTE: There were 7510 observations read from the data set WORK._PC_COMP.
NOTE: The data set WORK._PDF_C has 7510 observations and 90 variables.
NOTE: PROCEDURE SORT used (Total process time):
      real time           0.01 seconds
      user cpu time       0.00 seconds
      system cpu time     0.01 seconds
      memory              12969.87k
      OS Memory           42204.00k
      Timestamp           08/26/2026 09:49:35 PM
      Step Count                        1885  Switch Count  2
      Page Faults                       0
      Page Reclaims                     3013
      Page Swaps                        0
      Voluntary Context Switches        11
      Involuntary Context Switches      2
      Block Input Operations            0
      Block Output Operations           18968
      


NOTE: Input data set is already sorted, no sorting done.
NOTE: PROCEDURE SORT used (Total process time):
      real time           0.00 seconds
      user cpu time       0.00 seconds
      system cpu time     0.00 seconds
      memory              394.06k
      OS Memory           30372.00k
      Timestamp           08/26/2026 09:49:35 PM
      Step Count                        1886  Switch Count  0
      Page Faults                       0
      Page Reclaims                     49
      Page Swaps                        0
      Voluntary Context Switches        0
      Involuntary Context Switches      0
      Block Input Operations            0
151                                                        The SAS System                     Wednesday, August 26, 2026 02:49:35 PM

      Block Output Operations           0
      


NOTE: Character values have been converted to numeric values at the places given by: (Line):(Column).
      3446:1   3446:2   3446:1   3446:2   3446:1   3446:2   3446:1   3446:2   3446:1   3446:2   3446:1   3446:2   3446:1   3446:2
      3446:1   3446:2   3446:1   3446:2   3446:1   3446:2   3446:1   3446:2   3446:1   3446:2   3446:1   3446:2   3446:1   3446:2
      3446:1   3446:2   3446:1   3446:2   3446:1   3446:2   3446:1   3446:2   3446:1   3446:2   3446:1   3446:2   3446:1   3446:2
      3446:1   3446:2   3446:1   3446:2   3446:1   3446:2   3446:1   3446:2   3446:1   3446:2   3446:1   3446:2   3446:1   3446:2
      3446:1   3446:2   3446:1   3446:2   3446:1   3446:2   3446:1   3446:2   3446:1   3446:2   3446:1   3446:2   3446:1   3446:2
      3446:1   3446:2   3446:1   3446:2   3446:1   3446:2   3446:1   3446:2   3446:1   3446:2   3446:1   3446:2   3446:1   3446:2
      3446:1   3446:2   3446:1   3446:2   3446:1   3446:2   3446:1   3446:2   3446:1   3446:2   3446:1   3446:2   3446:1   3446:2
      3446:1   3446:2   3446:1   3446:2   3446:1   3446:2   3446:1   3446:2   3446:1   3446:2   3446:1   3446:2   3446:1   3446:2
NOTE: Numeric values have been converted to character values at the places given by: (Line):(Column).
      3446:1   3446:1   3446:1   3446:1   3446:1   3446:1   3446:1   3446:1   3446:1   3446:1   3446:1   3446:1   3446:1   3446:1
      3446:1   3446:1   3446:1   3446:1   3446:1   3446:1   3446:1   3446:1   3446:1   3446:1   3446:1   3446:1   3446:1   3446:1
      3446:1   3446:1   3446:1   3446:1   3446:1   3446:1   3446:1   3446:1   3446:1   3446:1   3446:1   3446:1   3446:1   3446:1
      3446:1   3446:1   3446:1   3446:1   3446:1   3446:1   3446:1   3446:1   3446:1   3446:1   3446:1   3446:1   3446:1   3446:1
      3446:1   3446:1   3446:1   3446:1   3446:1   3446:1   3446:1   3446:1   3446:1   3446:1   3446:1   3446:1   3446:1   3446:1
      3446:1   3446:1   3446:1   3446:1   3446:1   3446:1   3446:1   3446:1   3446:1   3446:1   3446:1   3446:1   3446:1   3446:1
      3446:1   3446:1   3446:1   3446:1   3446:1   3446:1   3446:1   3446:1   3446:1   3446:1   3446:1   3446:1   3446:1   3446:1
      3446:1   3446:1   3446:1   3446:1   3446:1   3446:1   3446:1   3446:1   3446:1   3446:1   3446:1   3446:1   3446:1   3446:1
      3446:1   3446:1   3446:1   3446:1   3446:1   3446:1   3446:1   3446:1   3446:1   3446:1   3446:1   3446:1   3446:1   3446:1
      3446:1   3446:1   3446:1   3446:1   3446:1   3446:1   3446:1   3446:1   3446:1   3446:1   3446:1   3446:1   3446:1   3446:1
      3446:1   3446:1   3446:1   3446:1   3446:1   3446:1   3446:1   3446:1   3446:1   3446:1   
NOTE: Missing values were generated as a result of performing an operation on missing values.
      Each place is given by: (Number of times) at (Line):(Column).
      4 at 3446:252   4 at 3446:8     4 at 3446:252   4 at 3446:8     4 at 3446:252   4 at 3446:8     5 at 3446:252
      5 at 3446:8     5 at 3446:252   5 at 3446:8     5 at 3446:252   5 at 3446:8     5 at 3446:252   5 at 3446:8
      4 at 3446:252   4 at 3446:8     5 at 3446:252   5 at 3446:8     5 at 3446:252   5 at 3446:8     
NOTE: There were 5 observations read from the data set WORK._PDF_OD.
NOTE: There were 7510 observations read from the data set WORK._PDF_B.
NOTE: There were 7510 observations read from the data set WORK._PDF_C.
NOTE: The data set WORK._PDF_DIF_DISP has 5 observations and 87 variables.
NOTE: DATA statement used (Total process time):
      real time           0.10 seconds
      user cpu time       0.10 seconds
      system cpu time     0.01 seconds
      memory              13632.15k
      OS Memory           43080.00k
      Timestamp           08/26/2026 09:49:35 PM
      Step Count                        1887  Switch Count  2
      Page Faults                       0
      Page Reclaims                     2067
      Page Swaps                        0
      Voluntary Context Switches        11
      Involuntary Context Switches      3
      Block Input Operations            0
      Block Output Operations           5928
      

NOTE: PROCEDURE SQL used (Total process time):
      real time           0.00 seconds
      user cpu time       0.00 seconds
      system cpu time     0.00 seconds
      memory              6002.18k
      OS Memory           35368.00k
      Timestamp           08/26/2026 09:49:35 PM
152                                                        The SAS System                     Wednesday, August 26, 2026 02:49:35 PM

      Step Count                        1888  Switch Count  0
      Page Faults                       0
      Page Reclaims                     148
      Page Swaps                        0
      Voluntary Context Switches        0
      Involuntary Context Switches      0
      Block Input Operations            0
      Block Output Operations           0
      


NOTE: There were 5 observations read from the data set WORK._PDF_DIF_DISP.
NOTE: PROCEDURE PRINT used (Total process time):
      real time           0.06 seconds
      user cpu time       0.07 seconds
      system cpu time     0.00 seconds
      memory              1965.40k
      OS Memory           30244.00k
      Timestamp           08/26/2026 09:49:35 PM
      Step Count                        1889  Switch Count  0
      Page Faults                       0
      Page Reclaims                     157
      Page Swaps                        0
      Voluntary Context Switches        0
      Involuntary Context Switches      1
      Block Input Operations            0
      Block Output Operations           40
      

NOTE: [DIF PVA/SAS ADCM] Stacked sample printed - DIF_IDs=5 rows_with_value_diffs=5 obs=50

NOTE: Deleting WORK._PDF_OD (memtype=DATA).
NOTE: Deleting WORK._PDF_BVARS (memtype=DATA).
NOTE: Deleting WORK._PDF_CVARS (memtype=DATA).
NOTE: Deleting WORK._PDF_AVARS (memtype=DATA).
NOTE: Deleting WORK._PDF_B (memtype=DATA).
NOTE: Deleting WORK._PDF_C (memtype=DATA).
NOTE: Deleting WORK._PDF_DIF_DISP (memtype=DATA).
NOTE: PROCEDURE DATASETS used (Total process time):
      real time           0.00 seconds
      user cpu time       0.00 seconds
      system cpu time     0.00 seconds
      memory              348.18k
      OS Memory           29860.00k
      Timestamp           08/26/2026 09:49:35 PM
      Step Count                        1890  Switch Count  14
      Page Faults                       0
      Page Reclaims                     51
      Page Swaps                        0
      Voluntary Context Switches        64
      Involuntary Context Switches      0
      Block Input Operations            0
      Block Output Operations           8
      


NOTE: The data set WORK._PC_OD_VARS has 88 observations and 2 variables.
NOTE: PROCEDURE CONTENTS used (Total process time):
153                                                        The SAS System                     Wednesday, August 26, 2026 02:49:35 PM

      real time           0.00 seconds
      user cpu time       0.00 seconds
      system cpu time     0.00 seconds
      memory              1021.75k
      OS Memory           30380.00k
      Timestamp           08/26/2026 09:49:35 PM
      Step Count                        1891  Switch Count  2
      Page Faults                       0
      Page Reclaims                     149
      Page Swaps                        0
      Voluntary Context Switches        9
      Involuntary Context Switches      0
      Block Input Operations            0
      Block Output Operations           280
      


NOTE: There were 88 observations read from the data set WORK._PC_OD_VARS.
NOTE: The data set WORK._PC_OD_VARS has 81 observations and 3 variables.
NOTE: DATA statement used (Total process time):
      real time           0.00 seconds
      user cpu time       0.00 seconds
      system cpu time     0.00 seconds
      memory              962.84k
      OS Memory           30120.00k
      Timestamp           08/26/2026 09:49:35 PM
      Step Count                        1892  Switch Count  2
      Page Faults                       0
      Page Reclaims                     120
      Page Swaps                        0
      Voluntary Context Switches        10
      Involuntary Context Switches      0
      Block Input Operations            0
      Block Output Operations           264
      


NOTE: Variable variable is uninitialized.
NOTE: Variable n_unequal is uninitialized.
NOTE: The data set WORK._PC_VARFREQ has 0 observations and 2 variables.
NOTE: DATA statement used (Total process time):
      real time           0.00 seconds
      user cpu time       0.01 seconds
      system cpu time     0.00 seconds
      memory              516.37k
      OS Memory           29860.00k
      Timestamp           08/26/2026 09:49:35 PM
      Step Count                        1893  Switch Count  2
      Page Faults                       0
      Page Reclaims                     87
      Page Swaps                        0
      Voluntary Context Switches        9
      Involuntary Context Switches      1
      Block Input Operations            0
      Block Output Operations           264
      


154                                                        The SAS System                     Wednesday, August 26, 2026 02:49:35 PM

NOTE: There were 81 observations read from the data set WORK._PC_OD_VARS.
NOTE: DATA statement used (Total process time):
      real time           0.00 seconds
      user cpu time       0.00 seconds
      system cpu time     0.00 seconds
      memory              608.87k
      OS Memory           29860.00k
      Timestamp           08/26/2026 09:49:35 PM
      Step Count                        1894  Switch Count  0
      Page Faults                       0
      Page Reclaims                     57
      Page Swaps                        0
      Voluntary Context Switches        0
      Involuntary Context Switches      0
      Block Input Operations            0
      Block Output Operations           0
      

NOTE: CALL EXECUTE generated line.
1         + proc sql noprint;
2         + insert into _pc_varfreq select "ACTARM", coalesce(sum(case when compress(ACTARM, ' .') ne '' then 1 else 0 end),0) from 
_pc_od;
NOTE: 1 row was inserted into WORK._PC_VARFREQ.

3         + insert into _pc_varfreq select "ACTARMCD", coalesce(sum(case when compress(ACTARMCD, ' .') ne '' then 1 else 0 end),0) 
from _pc_od;
NOTE: 1 row was inserted into WORK._PC_VARFREQ.

4         + insert into _pc_varfreq select "AENDT", coalesce(sum(case when not missing(AENDT) and abs(AENDT) > 1e-8 then 1 else 0 
end),0) from _pc_od;
NOTE: 1 row was inserted into WORK._PC_VARFREQ.

5         + insert into _pc_varfreq select "AENDTF", coalesce(sum(case when compress(AENDTF, ' .') ne '' then 1 else 0 end),0) from 
_pc_od;
NOTE: 1 row was inserted into WORK._PC_VARFREQ.

6         + insert into _pc_varfreq select "AENDTM", coalesce(sum(case when not missing(AENDTM) and abs(AENDTM) > 1e-8 then 1 else 
0 end),0) from _pc_od;
NOTE: 1 row was inserted into WORK._PC_VARFREQ.

7         + insert into _pc_varfreq select "AENDY", coalesce(sum(case when not missing(AENDY) and abs(AENDY) > 1e-8 then 1 else 0 
end),0) from _pc_od;
NOTE: 1 row was inserted into WORK._PC_VARFREQ.

8         + insert into _pc_varfreq select "AENTMF", coalesce(sum(case when compress(AENTMF, ' .') ne '' then 1 else 0 end),0) from 
_pc_od;
NOTE: 1 row was inserted into WORK._PC_VARFREQ.

9         + insert into _pc_varfreq select "AGE", coalesce(sum(case when not missing(AGE) and abs(AGE) > 1e-8 then 1 else 0 end),0) 
from _pc_od;
NOTE: 1 row was inserted into WORK._PC_VARFREQ.

10        + insert into _pc_varfreq select "AGEGR1", coalesce(sum(case when compress(AGEGR1, ' .') ne '' then 1 else 0 end),0) from 
_pc_od;
NOTE: 1 row was inserted into WORK._PC_VARFREQ.

11        + insert into _pc_varfreq select "AGEU", coalesce(sum(case when compress(AGEU, ' .') ne '' then 1 else 0 end),0) from 
_pc_od;
155                                                        The SAS System                     Wednesday, August 26, 2026 02:49:35 PM

NOTE: 1 row was inserted into WORK._PC_VARFREQ.

12        + insert into _pc_varfreq select "ARM", coalesce(sum(case when compress(ARM, ' .') ne '' then 1 else 0 end),0) from 
_pc_od;
NOTE: 1 row was inserted into WORK._PC_VARFREQ.

13        + insert into _pc_varfreq select "ARMCD", coalesce(sum(case when compress(ARMCD, ' .') ne '' then 1 else 0 end),0) from 
_pc_od;
NOTE: 1 row was inserted into WORK._PC_VARFREQ.

14        + insert into _pc_varfreq select "ASTDTF", coalesce(sum(case when compress(ASTDTF, ' .') ne '' then 1 else 0 end),0) from 
_pc_od;
NOTE: 1 row was inserted into WORK._PC_VARFREQ.

15        + insert into _pc_varfreq select "ASTDTM", coalesce(sum(case when not missing(ASTDTM) and abs(ASTDTM) > 1e-8 then 1 else 
0 end),0) from _pc_od;
NOTE: 1 row was inserted into WORK._PC_VARFREQ.

16        + insert into _pc_varfreq select "ASTDY", coalesce(sum(case when not missing(ASTDY) and abs(ASTDY) > 1e-8 then 1 else 0 
end),0) from _pc_od;
NOTE: 1 row was inserted into WORK._PC_VARFREQ.

17        + insert into _pc_varfreq select "ASTTMF", coalesce(sum(case when compress(ASTTMF, ' .') ne '' then 1 else 0 end),0) from 
_pc_od;
NOTE: 1 row was inserted into WORK._PC_VARFREQ.

18        + insert into _pc_varfreq select "CMCLAS", coalesce(sum(case when compress(CMCLAS, ' .') ne '' then 1 else 0 end),0) from 
_pc_od;
NOTE: 1 row was inserted into WORK._PC_VARFREQ.

19        + insert into _pc_varfreq select "CMDOSE", coalesce(sum(case when not missing(CMDOSE) and abs(CMDOSE) > 1e-8 then 1 else 
0 end),0) from _pc_od;
NOTE: 1 row was inserted into WORK._PC_VARFREQ.

20        + insert into _pc_varfreq select "CMDOSFRQ", coalesce(sum(case when compress(CMDOSFRQ, ' .') ne '' then 1 else 0 end),0) 
from _pc_od;
NOTE: 1 row was inserted into WORK._PC_VARFREQ.

21        + insert into _pc_varfreq select "CMDOSU", coalesce(sum(case when compress(CMDOSU, ' .') ne '' then 1 else 0 end),0) from 
_pc_od;
NOTE: 1 row was inserted into WORK._PC_VARFREQ.

22        + insert into _pc_varfreq select "CMDTC", coalesce(sum(case when compress(CMDTC, ' .') ne '' then 1 else 0 end),0) from 
_pc_od;
NOTE: 1 row was inserted into WORK._PC_VARFREQ.

23        + insert into _pc_varfreq select "CMENDTC", coalesce(sum(case when compress(CMENDTC, ' .') ne '' then 1 else 0 end),0) 
from _pc_od;
NOTE: 1 row was inserted into WORK._PC_VARFREQ.

24        + insert into _pc_varfreq select "CMENDY", coalesce(sum(case when not missing(CMENDY) and abs(CMENDY) > 1e-8 then 1 else 
0 end),0) from _pc_od;
NOTE: 1 row was inserted into WORK._PC_VARFREQ.

25        + insert into _pc_varfreq select "CMINDC", coalesce(sum(case when compress(CMINDC, ' .') ne '' then 1 else 0 end),0) from 
_pc_od;
NOTE: 1 row was inserted into WORK._PC_VARFREQ.

156                                                        The SAS System                     Wednesday, August 26, 2026 02:49:35 PM

26        + insert into _pc_varfreq select "CMROUTE", coalesce(sum(case when compress(CMROUTE, ' .') ne '' then 1 else 0 end),0) 
from _pc_od;
NOTE: 1 row was inserted into WORK._PC_VARFREQ.

27        + insert into _pc_varfreq select "CMSPID", coalesce(sum(case when compress(CMSPID, ' .') ne '' then 1 else 0 end),0) from 
_pc_od;
NOTE: 1 row was inserted into WORK._PC_VARFREQ.

28        + insert into _pc_varfreq select "CMSTDTC", coalesce(sum(case when compress(CMSTDTC, ' .') ne '' then 1 else 0 end),0) 
from _pc_od;
NOTE: 1 row was inserted into WORK._PC_VARFREQ.

29        + insert into _pc_varfreq select "CMSTDY", coalesce(sum(case when not missing(CMSTDY) and abs(CMSTDY) > 1e-8 then 1 else 
0 end),0) from _pc_od;
NOTE: 1 row was inserted into WORK._PC_VARFREQ.

30        + insert into _pc_varfreq select "CMTRT", coalesce(sum(case when compress(CMTRT, ' .') ne '' then 1 else 0 end),0) from 
_pc_od;
NOTE: 1 row was inserted into WORK._PC_VARFREQ.

31        + insert into _pc_varfreq select "COUNTRY", coalesce(sum(case when compress(COUNTRY, ' .') ne '' then 1 else 0 end),0) 
from _pc_od;
NOTE: 1 row was inserted into WORK._PC_VARFREQ.

32        + insert into _pc_varfreq select "DMDTC", coalesce(sum(case when compress(DMDTC, ' .') ne '' then 1 else 0 end),0) from 
_pc_od;
NOTE: 1 row was inserted into WORK._PC_VARFREQ.

33        + insert into _pc_varfreq select "DMDY", coalesce(sum(case when not missing(DMDY) and abs(DMDY) > 1e-8 then 1 else 0 
end),0) from _pc_od;
NOTE: 1 row was inserted into WORK._PC_VARFREQ.

34        + insert into _pc_varfreq select "DOMAIN", coalesce(sum(case when compress(DOMAIN, ' .') ne '' then 1 else 0 end),0) from 
_pc_od;
NOTE: 1 row was inserted into WORK._PC_VARFREQ.

35        + insert into _pc_varfreq select "DTH30FL", coalesce(sum(case when compress(DTH30FL, ' .') ne '' then 1 else 0 end),0) 
from _pc_od;
NOTE: 1 row was inserted into WORK._PC_VARFREQ.

36        + insert into _pc_varfreq select "DTHA30FL", coalesce(sum(case when compress(DTHA30FL, ' .') ne '' then 1 else 0 end),0) 
from _pc_od;
NOTE: 1 row was inserted into WORK._PC_VARFREQ.

37        + insert into _pc_varfreq select "DTHADY", coalesce(sum(case when not missing(DTHADY) and abs(DTHADY) > 1e-8 then 1 else 
0 end),0) from _pc_od;
NOTE: 1 row was inserted into WORK._PC_VARFREQ.

38        + insert into _pc_varfreq select "DTHB30FL", coalesce(sum(case when compress(DTHB30FL, ' .') ne '' then 1 else 0 end),0) 
from _pc_od;
NOTE: 1 row was inserted into WORK._PC_VARFREQ.

39        + insert into _pc_varfreq select "DTHCAUS", coalesce(sum(case when compress(DTHCAUS, ' .') ne '' then 1 else 0 end),0) 
from _pc_od;
NOTE: 1 row was inserted into WORK._PC_VARFREQ.

40        + insert into _pc_varfreq select "DTHCGR1", coalesce(sum(case when compress(DTHCGR1, ' .') ne '' then 1 else 0 end),0) 
from _pc_od;
157                                                        The SAS System                     Wednesday, August 26, 2026 02:49:35 PM

NOTE: 1 row was inserted into WORK._PC_VARFREQ.

41        + insert into _pc_varfreq select "DTHDOM", coalesce(sum(case when compress(DTHDOM, ' .') ne '' then 1 else 0 end),0) from 
_pc_od;
NOTE: 1 row was inserted into WORK._PC_VARFREQ.

42        + insert into _pc_varfreq select "DTHDT", coalesce(sum(case when not missing(DTHDT) and abs(DTHDT) > 1e-8 then 1 else 0 
end),0) from _pc_od;
NOTE: 1 row was inserted into WORK._PC_VARFREQ.

43        + insert into _pc_varfreq select "DTHDTC", coalesce(sum(case when compress(DTHDTC, ' .') ne '' then 1 else 0 end),0) from 
_pc_od;
NOTE: 1 row was inserted into WORK._PC_VARFREQ.

44        + insert into _pc_varfreq select "DTHDTF", coalesce(sum(case when compress(DTHDTF, ' .') ne '' then 1 else 0 end),0) from 
_pc_od;
NOTE: 1 row was inserted into WORK._PC_VARFREQ.

45        + insert into _pc_varfreq select "DTHFL", coalesce(sum(case when compress(DTHFL, ' .') ne '' then 1 else 0 end),0) from 
_pc_od;
NOTE: 1 row was inserted into WORK._PC_VARFREQ.

46        + insert into _pc_varfreq select "EOSDT", coalesce(sum(case when not missing(EOSDT) and abs(EOSDT) > 1e-8 then 1 else 0 
end),0) from _pc_od;
NOTE: 1 row was inserted into WORK._PC_VARFREQ.

47        + insert into _pc_varfreq select "EOSSTT", coalesce(sum(case when compress(EOSSTT, ' .') ne '' then 1 else 0 end),0) from 
_pc_od;
NOTE: 1 row was inserted into WORK._PC_VARFREQ.

48        + insert into _pc_varfreq select "ETHNIC", coalesce(sum(case when compress(ETHNIC, ' .') ne '' then 1 else 0 end),0) from 
_pc_od;
NOTE: 1 row was inserted into WORK._PC_VARFREQ.

49        + insert into _pc_varfreq select "FRVDT", coalesce(sum(case when not missing(FRVDT) and abs(FRVDT) > 1e-8 then 1 else 0 
end),0) from _pc_od;
NOTE: 1 row was inserted into WORK._PC_VARFREQ.

50        + insert into _pc_varfreq select "LDDTHELD", coalesce(sum(case when not missing(LDDTHELD) and abs(LDDTHELD) > 1e-8 then 1 
else 0 end),0) from _pc_od;
NOTE: 1 row was inserted into WORK._PC_VARFREQ.

51        + insert into _pc_varfreq select "LDDTHGR1", coalesce(sum(case when compress(LDDTHGR1, ' .') ne '' then 1 else 0 end),0) 
from _pc_od;
NOTE: 1 row was inserted into WORK._PC_VARFREQ.

52        + insert into _pc_varfreq select "LSTALVDT", coalesce(sum(case when not missing(LSTALVDT) and abs(LSTALVDT) > 1e-8 then 1 
else 0 end),0) from _pc_od;
NOTE: 1 row was inserted into WORK._PC_VARFREQ.

53        + insert into _pc_varfreq select "RACE", coalesce(sum(case when compress(RACE, ' .') ne '' then 1 else 0 end),0) from 
_pc_od;
NOTE: 1 row was inserted into WORK._PC_VARFREQ.

54        + insert into _pc_varfreq select "RACEGR1", coalesce(sum(case when compress(RACEGR1, ' .') ne '' then 1 else 0 end),0) 
from _pc_od;
NOTE: 1 row was inserted into WORK._PC_VARFREQ.

158                                                        The SAS System                     Wednesday, August 26, 2026 02:49:35 PM

55        + insert into _pc_varfreq select "RANDDT", coalesce(sum(case when not missing(RANDDT) and abs(RANDDT) > 1e-8 then 1 else 
0 end),0) from _pc_od;
NOTE: 1 row was inserted into WORK._PC_VARFREQ.

56        + insert into _pc_varfreq select "REGION1", coalesce(sum(case when compress(REGION1, ' .') ne '' then 1 else 0 end),0) 
from _pc_od;
NOTE: 1 row was inserted into WORK._PC_VARFREQ.

57        + insert into _pc_varfreq select "RFENDTC", coalesce(sum(case when compress(RFENDTC, ' .') ne '' then 1 else 0 end),0) 
from _pc_od;
NOTE: 1 row was inserted into WORK._PC_VARFREQ.

58        + insert into _pc_varfreq select "RFICDTC", coalesce(sum(case when compress(RFICDTC, ' .') ne '' then 1 else 0 end),0) 
from _pc_od;
NOTE: 1 row was inserted into WORK._PC_VARFREQ.

59        + insert into _pc_varfreq select "RFPENDTC", coalesce(sum(case when compress(RFPENDTC, ' .') ne '' then 1 else 0 end),0) 
from _pc_od;
NOTE: 1 row was inserted into WORK._PC_VARFREQ.

60        + insert into _pc_varfreq select "RFSTDTC", coalesce(sum(case when compress(RFSTDTC, ' .') ne '' then 1 else 0 end),0) 
from _pc_od;
NOTE: 1 row was inserted into WORK._PC_VARFREQ.

61        + insert into _pc_varfreq select "RFXENDTC", coalesce(sum(case when compress(RFXENDTC, ' .') ne '' then 1 else 0 end),0) 
from _pc_od;
NOTE: 1 row was inserted into WORK._PC_VARFREQ.

62        + insert into _pc_varfreq select "RFXSTDTC", coalesce(sum(case when compress(RFXSTDTC, ' .') ne '' then 1 else 0 end),0) 
from _pc_od;
NOTE: 1 row was inserted into WORK._PC_VARFREQ.

63        + insert into _pc_varfreq select "SAFFL", coalesce(sum(case when compress(SAFFL, ' .') ne '' then 1 else 0 end),0) from 
_pc_od;
NOTE: 1 row was inserted into WORK._PC_VARFREQ.

64        + insert into _pc_varfreq select "SCRFDT", coalesce(sum(case when not missing(SCRFDT) and abs(SCRFDT) > 1e-8 then 1 else 
0 end),0) from _pc_od;
NOTE: 1 row was inserted into WORK._PC_VARFREQ.

65        + insert into _pc_varfreq select "SEX", coalesce(sum(case when compress(SEX, ' .') ne '' then 1 else 0 end),0) from 
_pc_od;
NOTE: 1 row was inserted into WORK._PC_VARFREQ.

66        + insert into _pc_varfreq select "SITEID", coalesce(sum(case when compress(SITEID, ' .') ne '' then 1 else 0 end),0) from 
_pc_od;
NOTE: 1 row was inserted into WORK._PC_VARFREQ.

67        + insert into _pc_varfreq select "STUDYID", coalesce(sum(case when compress(STUDYID, ' .') ne '' then 1 else 0 end),0) 
from _pc_od;
NOTE: 1 row was inserted into WORK._PC_VARFREQ.

68        + insert into _pc_varfreq select "SUBJID", coalesce(sum(case when compress(SUBJID, ' .') ne '' then 1 else 0 end),0) from 
_pc_od;
NOTE: 1 row was inserted into WORK._PC_VARFREQ.

69        + insert into _pc_varfreq select "TRT01A", coalesce(sum(case when compress(TRT01A, ' .') ne '' then 1 else 0 end),0) from 
_pc_od;
159                                                        The SAS System                     Wednesday, August 26, 2026 02:49:35 PM

NOTE: 1 row was inserted into WORK._PC_VARFREQ.

70        + insert into _pc_varfreq select "TRT01P", coalesce(sum(case when compress(TRT01P, ' .') ne '' then 1 else 0 end),0) from 
_pc_od;
NOTE: 1 row was inserted into WORK._PC_VARFREQ.

71        + insert into _pc_varfreq select "TRTA", coalesce(sum(case when compress(TRTA, ' .') ne '' then 1 else 0 end),0) from 
_pc_od;
NOTE: 1 row was inserted into WORK._PC_VARFREQ.

72        + insert into _pc_varfreq select "TRTDURD", coalesce(sum(case when not missing(TRTDURD) and abs(TRTDURD) > 1e-8 then 1 
else 0 end),0) from _pc_od;
NOTE: 1 row was inserted into WORK._PC_VARFREQ.

73        + insert into _pc_varfreq select "TRTEDT", coalesce(sum(case when not missing(TRTEDT) and abs(TRTEDT) > 1e-8 then 1 else 
0 end),0) from _pc_od;
NOTE: 1 row was inserted into WORK._PC_VARFREQ.

74        + insert into _pc_varfreq select "TRTEDTM", coalesce(sum(case when not missing(TRTEDTM) and abs(TRTEDTM) > 1e-8 then 1 
else 0 end),0) from _pc_od;
NOTE: 1 row was inserted into WORK._PC_VARFREQ.

75        + insert into _pc_varfreq select "TRTETMF", coalesce(sum(case when compress(TRTETMF, ' .') ne '' then 1 else 0 end),0) 
from _pc_od;
NOTE: 1 row was inserted into WORK._PC_VARFREQ.

76        + insert into _pc_varfreq select "TRTP", coalesce(sum(case when compress(TRTP, ' .') ne '' then 1 else 0 end),0) from 
_pc_od;
NOTE: 1 row was inserted into WORK._PC_VARFREQ.

77        + insert into _pc_varfreq select "TRTSDT", coalesce(sum(case when not missing(TRTSDT) and abs(TRTSDT) > 1e-8 then 1 else 
0 end),0) from _pc_od;
NOTE: 1 row was inserted into WORK._PC_VARFREQ.

78        + insert into _pc_varfreq select "TRTSDTM", coalesce(sum(case when not missing(TRTSDTM) and abs(TRTSDTM) > 1e-8 then 1 
else 0 end),0) from _pc_od;
NOTE: 1 row was inserted into WORK._PC_VARFREQ.

79        + insert into _pc_varfreq select "TRTSTMF", coalesce(sum(case when compress(TRTSTMF, ' .') ne '' then 1 else 0 end),0) 
from _pc_od;
NOTE: 1 row was inserted into WORK._PC_VARFREQ.

80        + insert into _pc_varfreq select "VISIT", coalesce(sum(case when compress(VISIT, ' .') ne '' then 1 else 0 end),0) from 
_pc_od;
NOTE: 1 row was inserted into WORK._PC_VARFREQ.

81        + insert into _pc_varfreq select "VISITDY", coalesce(sum(case when not missing(VISITDY) and abs(VISITDY) > 1e-8 then 1 
else 0 end),0) from _pc_od;
NOTE: 1 row was inserted into WORK._PC_VARFREQ.

82        + insert into _pc_varfreq select "VISITNUM", coalesce(sum(case when not missing(VISITNUM) and abs(VISITNUM) > 1e-8 then 1 
else 0 end),0) from _pc_od;
NOTE: 1 row was inserted into WORK._PC_VARFREQ.

83        + quit;
NOTE: PROCEDURE SQL used (Total process time):
      real time           0.18 seconds
      user cpu time       0.11 seconds
160                                                        The SAS System                     Wednesday, August 26, 2026 02:49:35 PM

      system cpu time     0.07 seconds
      memory              7470.14k
      OS Memory           35504.00k
      Timestamp           08/26/2026 09:49:35 PM
      Step Count                        1895  Switch Count  0
      Page Faults                       0
      Page Reclaims                     11914
      Page Swaps                        0
      Voluntary Context Switches        0
      Involuntary Context Switches      2
      Block Input Operations            0
      Block Output Operations           32
      


NOTE: There were 81 observations read from the data set WORK._PC_VARFREQ.
NOTE: The data set WORK._PC_VARFREQ has 81 observations and 2 variables.
NOTE: PROCEDURE SORT used (Total process time):
      real time           0.00 seconds
      user cpu time       0.00 seconds
      system cpu time     0.00 seconds
      memory              777.46k
      OS Memory           30120.00k
      Timestamp           08/26/2026 09:49:35 PM
      Step Count                        1896  Switch Count  2
      Page Faults                       0
      Page Reclaims                     113
      Page Swaps                        0
      Voluntary Context Switches        11
      Involuntary Context Switches      0
      Block Input Operations            0
      Block Output Operations           264
      


NOTE: The data set WORK._PC_BVARS has 95 observations and 1 variables.
NOTE: PROCEDURE CONTENTS used (Total process time):
      real time           0.00 seconds
      user cpu time       0.00 seconds
      system cpu time     0.00 seconds
      memory              2372.03k
      OS Memory           31404.00k
      Timestamp           08/26/2026 09:49:35 PM
      Step Count                        1897  Switch Count  2
      Page Faults                       0
      Page Reclaims                     376
      Page Swaps                        0
      Voluntary Context Switches        16
      Involuntary Context Switches      0
      Block Input Operations            0
      Block Output Operations           272
      


NOTE: The data set WORK._PC_CVARS has 89 observations and 1 variables.
NOTE: PROCEDURE CONTENTS used (Total process time):
      real time           0.00 seconds
      user cpu time       0.00 seconds
161                                                        The SAS System                     Wednesday, August 26, 2026 02:49:35 PM

      system cpu time     0.00 seconds
      memory              2368.56k
      OS Memory           31404.00k
      Timestamp           08/26/2026 09:49:35 PM
      Step Count                        1898  Switch Count  2
      Page Faults                       0
      Page Reclaims                     376
      Page Swaps                        0
      Voluntary Context Switches        16
      Involuntary Context Switches      0
      Block Input Operations            0
      Block Output Operations           272
      


NOTE: There were 95 observations read from the data set WORK._PC_BVARS.
NOTE: The data set WORK._PC_BVARS has 95 observations and 1 variables.
NOTE: DATA statement used (Total process time):
      real time           0.00 seconds
      user cpu time       0.00 seconds
      system cpu time     0.00 seconds
      memory              808.68k
      OS Memory           30120.00k
      Timestamp           08/26/2026 09:49:35 PM
      Step Count                        1899  Switch Count  2
      Page Faults                       0
      Page Reclaims                     121
      Page Swaps                        0
      Voluntary Context Switches        11
      Involuntary Context Switches      0
      Block Input Operations            0
      Block Output Operations           264
      


NOTE: There were 89 observations read from the data set WORK._PC_CVARS.
NOTE: The data set WORK._PC_CVARS has 89 observations and 1 variables.
NOTE: DATA statement used (Total process time):
      real time           0.00 seconds
      user cpu time       0.00 seconds
      system cpu time     0.00 seconds
      memory              808.65k
      OS Memory           30120.00k
      Timestamp           08/26/2026 09:49:35 PM
      Step Count                        1900  Switch Count  2
      Page Faults                       0
      Page Reclaims                     121
      Page Swaps                        0
      Voluntary Context Switches        11
      Involuntary Context Switches      0
      Block Input Operations            0
      Block Output Operations           264
      

NOTE: Table WORK._PC_VARCLASS created, with 99 rows and 3 columns.

NOTE: PROCEDURE SQL used (Total process time):
      real time           0.00 seconds
162                                                        The SAS System                     Wednesday, August 26, 2026 02:49:35 PM

      user cpu time       0.00 seconds
      system cpu time     0.00 seconds
      memory              5833.68k
      OS Memory           35244.00k
      Timestamp           08/26/2026 09:49:35 PM
      Step Count                        1901  Switch Count  2
      Page Faults                       0
      Page Reclaims                     167
      Page Swaps                        0
      Voluntary Context Switches        11
      Involuntary Context Switches      0
      Block Input Operations            0
      Block Output Operations           288
      

NOTE: Table WORK._PC_VARCLASS2 created, with 99 rows and 3 columns.

NOTE: PROCEDURE SQL used (Total process time):
      real time           0.00 seconds
      user cpu time       0.00 seconds
      system cpu time     0.01 seconds
      memory              6149.15k
      OS Memory           35244.00k
      Timestamp           08/26/2026 09:49:35 PM
      Step Count                        1902  Switch Count  2
      Page Faults                       0
      Page Reclaims                     396
      Page Swaps                        0
      Voluntary Context Switches        35
      Involuntary Context Switches      3
      Block Input Operations            0
      Block Output Operations           264
      


NOTE: There were 99 observations read from the data set WORK._PC_VARCLASS2.
NOTE: The data set WORK._PC_VARCLASS has 99 observations and 3 variables.
NOTE: DATA statement used (Total process time):
      real time           0.00 seconds
      user cpu time       0.00 seconds
      system cpu time     0.00 seconds
      memory              796.18k
      OS Memory           30632.00k
      Timestamp           08/26/2026 09:49:35 PM
      Step Count                        1903  Switch Count  2
      Page Faults                       0
      Page Reclaims                     121
      Page Swaps                        0
      Voluntary Context Switches        11
      Involuntary Context Switches      0
      Block Input Operations            0
      Block Output Operations           264
      


NOTE: There were 99 observations read from the data set WORK._PC_VARCLASS.
NOTE: The data set WORK._PC_VARCLASS has 99 observations and 4 variables.
NOTE: DATA statement used (Total process time):
163                                                        The SAS System                     Wednesday, August 26, 2026 02:49:35 PM

      real time           0.00 seconds
      user cpu time       0.01 seconds
      system cpu time     0.00 seconds
      memory              876.50k
      OS Memory           30632.00k
      Timestamp           08/26/2026 09:49:35 PM
      Step Count                        1904  Switch Count  2
      Page Faults                       0
      Page Reclaims                     119
      Page Swaps                        0
      Voluntary Context Switches        11
      Involuntary Context Switches      0
      Block Input Operations            0
      Block Output Operations           264
      

NOTE: PROCEDURE SQL used (Total process time):
      real time           0.00 seconds
      user cpu time       0.00 seconds
      system cpu time     0.00 seconds
      memory              5802.84k
      OS Memory           35496.00k
      Timestamp           08/26/2026 09:49:35 PM
      Step Count                        1905  Switch Count  0
      Page Faults                       0
      Page Reclaims                     128
      Page Swaps                        0
      Voluntary Context Switches        0
      Involuntary Context Switches      0
      Block Input Operations            0
      Block Output Operations           0
      

NOTE: [PROC COMPARE ADCM] VARCLASS=20260826A value_unequal=4 pva_only=10 sas_only=4

NOTE: [PROC COMPARE ADCM] value_unequal=AENDT AENDTM AENDY ASTDTM
NOTE: There were 99 observations read from the data set WORK._PC_VARCLASS.
NOTE: DATA statement used (Total process time):
      real time           0.00 seconds
      user cpu time       0.00 seconds
      system cpu time     0.00 seconds
      memory              644.59k
      OS Memory           30372.00k
      Timestamp           08/26/2026 09:49:35 PM
      Step Count                        1906  Switch Count  0
      Page Faults                       0
      Page Reclaims                     57
      Page Swaps                        0
      Voluntary Context Switches        0
      Involuntary Context Switches      0
      Block Input Operations            0
      Block Output Operations           8
      


NOTE: There were 99 observations read from the data set WORK._PC_VARCLASS.
NOTE: The data set WORK._PC_VARCLASS has 99 observations and 4 variables.
NOTE: PROCEDURE SORT used (Total process time):
164                                                        The SAS System                     Wednesday, August 26, 2026 02:49:35 PM

      real time           0.00 seconds
      user cpu time       0.00 seconds
      system cpu time     0.00 seconds
      memory              777.71k
      OS Memory           30632.00k
      Timestamp           08/26/2026 09:49:35 PM
      Step Count                        1907  Switch Count  2
      Page Faults                       0
      Page Reclaims                     111
      Page Swaps                        0
      Voluntary Context Switches        11
      Involuntary Context Switches      0
      Block Input Operations            0
      Block Output Operations           264
      


NOTE: There were 18 observations read from the data set WORK._PC_VARCLASS.
      WHERE class in ('pva_only', 'sas_only', 'value_unequal');
NOTE: PROCEDURE PRINT used (Total process time):
      real time           0.01 seconds
      user cpu time       0.02 seconds
      system cpu time     0.00 seconds
      memory              861.68k
      OS Memory           30632.00k
      Timestamp           08/26/2026 09:49:35 PM
      Step Count                        1908  Switch Count  0
      Page Faults                       0
      Page Reclaims                     95
      Page Swaps                        0
      Voluntary Context Switches        0
      Involuntary Context Switches      0
      Block Input Operations            0
      Block Output Operations           24
      


NOTE: Deleting WORK._PC_BASE (memtype=DATA).
NOTE: Deleting WORK._PC_COMP (memtype=DATA).
NOTE: Deleting WORK._PC_OUT (memtype=DATA).
NOTE: Deleting WORK._PC_OB (memtype=DATA).
NOTE: Deleting WORK._PC_OC (memtype=DATA).
NOTE: Deleting WORK._PC_OD (memtype=DATA).
NOTE: Deleting WORK._PC_ROW (memtype=DATA).
NOTE: Deleting WORK._PC_OD_VARS (memtype=DATA).
NOTE: Deleting WORK._PC_VARFREQ (memtype=DATA).
NOTE: Deleting WORK._PC_BVARS (memtype=DATA).
NOTE: Deleting WORK._PC_CVARS (memtype=DATA).
NOTE: Deleting WORK._PC_VARCLASS (memtype=DATA).
NOTE: Deleting WORK._PC_VARCLASS2 (memtype=DATA).
NOTE: PROCEDURE DATASETS used (Total process time):
      real time           0.00 seconds
      user cpu time       0.01 seconds
      system cpu time     0.00 seconds
      memory              348.18k
      OS Memory           30116.00k
      Timestamp           08/26/2026 09:49:35 PM
      Step Count                        1909  Switch Count  26
165                                                        The SAS System                     Wednesday, August 26, 2026 02:49:35 PM

      Page Faults                       0
      Page Reclaims                     48
      Page Swaps                        0
      Voluntary Context Switches        121
      Involuntary Context Switches      0
      Block Input Operations            0
      Block Output Operations           8
      

NOTE: ===== COMPARE ADLB: SAS n=83652  REF n=83652 =====
NOTE: [ADLB] Row counts match (n=83652) - proceeding to key match and value compare.
NOTE: [ADLB] keysrc=CALLER - ignoring adam/ref SORTEDBY - using sortkeys=USUBJID PARAMCD AVISITN DTYPE ADT tiebreak=LBSEQ
NOTE: [ADLB] MATCH KEY source=CALLER sortkeys=USUBJID PARAMCD AVISITN DTYPE ADT tiebreak=LBSEQ plus derived _KEYSEQ
NOTE: [ADLB] Var on neither side skipped: AVALU
NOTE: [ADLB] Var on neither side skipped: SHIFT

NOTE: There were 83652 observations read from the data set ADAM.ADLB.
NOTE: The data set WORK._QC_SAS has 83652 observations and 115 variables.
NOTE: DATA statement used (Total process time):
      real time           0.33 seconds
      user cpu time       0.04 seconds
      system cpu time     0.13 seconds
      memory              3613.37k
      OS Memory           33960.00k
      Timestamp           08/26/2026 09:49:36 PM
      Step Count                        1910  Switch Count  2
      Page Faults                       0
      Page Reclaims                     633
      Page Swaps                        0
      Voluntary Context Switches        1565
      Involuntary Context Switches      16
      Block Input Operations            0
      Block Output Operations           357128
      


NOTE: There were 83652 observations read from the data set REF_PVA.REFADLB.
NOTE: The data set WORK._QC_REF has 83652 observations and 115 variables.
NOTE: DATA statement used (Total process time):
      real time           0.06 seconds
      user cpu time       0.01 seconds
      system cpu time     0.06 seconds
      memory              3615.03k
      OS Memory           33960.00k
      Timestamp           08/26/2026 09:49:36 PM
      Step Count                        1911  Switch Count  2
      Page Faults                       0
      Page Reclaims                     634
      Page Swaps                        0
      Voluntary Context Switches        18
      Involuntary Context Switches      5
      Block Input Operations            0
      Block Output Operations           170248
      

NOTE: PROCEDURE SQL used (Total process time):
      real time           0.06 seconds
      user cpu time       0.04 seconds
166                                                        The SAS System                     Wednesday, August 26, 2026 02:49:36 PM

      system cpu time     0.03 seconds
      memory              6862.53k
      OS Memory           36520.00k
      Timestamp           08/26/2026 09:49:36 PM
      Step Count                        1912  Switch Count  1
      Page Faults                       0
      Page Reclaims                     279
      Page Swaps                        0
      Voluntary Context Switches        3
      Involuntary Context Switches      0
      Block Input Operations            0
      Block Output Operations           0
      

NOTE: [ADLB] SAS key USUBJID already uppercase (or all missing).
NOTE: PROCEDURE SQL used (Total process time):
      real time           0.07 seconds
      user cpu time       0.03 seconds
      system cpu time     0.04 seconds
      memory              6862.53k
      OS Memory           36520.00k
      Timestamp           08/26/2026 09:49:36 PM
      Step Count                        1913  Switch Count  1
      Page Faults                       0
      Page Reclaims                     279
      Page Swaps                        0
      Voluntary Context Switches        3
      Involuntary Context Switches      1
      Block Input Operations            0
      Block Output Operations           0
      

NOTE: [ADLB] SAS key PARAMCD already uppercase (or all missing).
NOTE: PROCEDURE SQL used (Total process time):
      real time           0.05 seconds
      user cpu time       0.02 seconds
      system cpu time     0.04 seconds
      memory              6862.53k
      OS Memory           36520.00k
      Timestamp           08/26/2026 09:49:36 PM
      Step Count                        1914  Switch Count  1
      Page Faults                       0
      Page Reclaims                     279
      Page Swaps                        0
      Voluntary Context Switches        3
      Involuntary Context Switches      1
      Block Input Operations            0
      Block Output Operations           0
      

NOTE: [ADLB] SAS key DTYPE already uppercase (or all missing).
NOTE: PROCEDURE SQL used (Total process time):
      real time           0.04 seconds
      user cpu time       0.03 seconds
      system cpu time     0.02 seconds
      memory              6861.50k
      OS Memory           36520.00k
      Timestamp           08/26/2026 09:49:36 PM
167                                                        The SAS System                     Wednesday, August 26, 2026 02:49:36 PM

      Step Count                        1915  Switch Count  1
      Page Faults                       0
      Page Reclaims                     279
      Page Swaps                        0
      Voluntary Context Switches        3
      Involuntary Context Switches      0
      Block Input Operations            0
      Block Output Operations           0
      

NOTE: [ADLB] REF key USUBJID already uppercase (or all missing).
NOTE: PROCEDURE SQL used (Total process time):
      real time           0.05 seconds
      user cpu time       0.04 seconds
      system cpu time     0.02 seconds
      memory              6861.50k
      OS Memory           36520.00k
      Timestamp           08/26/2026 09:49:36 PM
      Step Count                        1916  Switch Count  1
      Page Faults                       0
      Page Reclaims                     279
      Page Swaps                        0
      Voluntary Context Switches        3
      Involuntary Context Switches      0
      Block Input Operations            0
      Block Output Operations           0
      

NOTE: [ADLB] REF key PARAMCD already uppercase (or all missing).
NOTE: PROCEDURE SQL used (Total process time):
      real time           0.03 seconds
      user cpu time       0.02 seconds
      system cpu time     0.01 seconds
      memory              6861.50k
      OS Memory           36520.00k
      Timestamp           08/26/2026 09:49:36 PM
      Step Count                        1917  Switch Count  1
      Page Faults                       0
      Page Reclaims                     279
      Page Swaps                        0
      Voluntary Context Switches        3
      Involuntary Context Switches      1
      Block Input Operations            0
      Block Output Operations           0
      

NOTE: [ADLB] REF key DTYPE already uppercase (or all missing).

NOTE: There were 83652 observations read from the data set WORK._QC_SAS.
NOTE: The data set WORK._QC_SAS has 83652 observations and 115 variables.
NOTE: DATA statement used (Total process time):
      real time           0.15 seconds
      user cpu time       0.03 seconds
      system cpu time     0.13 seconds
      memory              3624.53k
      OS Memory           33960.00k
      Timestamp           08/26/2026 09:49:36 PM
      Step Count                        1918  Switch Count  2
168                                                        The SAS System                     Wednesday, August 26, 2026 02:49:36 PM

      Page Faults                       0
      Page Reclaims                     633
      Page Swaps                        0
      Voluntary Context Switches        11
      Involuntary Context Switches      2
      Block Input Operations            0
      Block Output Operations           357128
      

NOTE: [ADLB] Key USUBJID upcased and stripped on _qc_sas for case-safe match

NOTE: There were 83652 observations read from the data set WORK._QC_SAS.
NOTE: The data set WORK._QC_SAS has 83652 observations and 115 variables.
NOTE: DATA statement used (Total process time):
      real time           0.15 seconds
      user cpu time       0.03 seconds
      system cpu time     0.12 seconds
      memory              3621.28k
      OS Memory           33960.00k
      Timestamp           08/26/2026 09:49:36 PM
      Step Count                        1919  Switch Count  2
      Page Faults                       0
      Page Reclaims                     633
      Page Swaps                        0
      Voluntary Context Switches        11
      Involuntary Context Switches      4
      Block Input Operations            0
      Block Output Operations           357128
      

NOTE: [ADLB] Key PARAMCD upcased and stripped on _qc_sas for case-safe match

NOTE: There were 83652 observations read from the data set WORK._QC_SAS.
NOTE: The data set WORK._QC_SAS has 83652 observations and 115 variables.
NOTE: DATA statement used (Total process time):
      real time           0.15 seconds
      user cpu time       0.03 seconds
      system cpu time     0.12 seconds
      memory              3624.62k
      OS Memory           33960.00k
      Timestamp           08/26/2026 09:49:36 PM
      Step Count                        1920  Switch Count  2
      Page Faults                       0
      Page Reclaims                     633
      Page Swaps                        0
      Voluntary Context Switches        12
      Involuntary Context Switches      5
      Block Input Operations            0
      Block Output Operations           357128
      

NOTE: [ADLB] Key DTYPE upcased and stripped on _qc_sas for case-safe match

NOTE: There were 83652 observations read from the data set WORK._QC_REF.
NOTE: The data set WORK._QC_REF has 83652 observations and 115 variables.
NOTE: DATA statement used (Total process time):
      real time           0.07 seconds
      user cpu time       0.01 seconds
169                                                        The SAS System                     Wednesday, August 26, 2026 02:49:37 PM

      system cpu time     0.06 seconds
      memory              3626.15k
      OS Memory           33960.00k
      Timestamp           08/26/2026 09:49:37 PM
      Step Count                        1921  Switch Count  2
      Page Faults                       0
      Page Reclaims                     633
      Page Swaps                        0
      Voluntary Context Switches        11
      Involuntary Context Switches      0
      Block Input Operations            0
      Block Output Operations           170248
      

NOTE: [ADLB] Key USUBJID upcased and stripped on _qc_ref for case-safe match

NOTE: There were 83652 observations read from the data set WORK._QC_REF.
NOTE: The data set WORK._QC_REF has 83652 observations and 115 variables.
NOTE: DATA statement used (Total process time):
      real time           0.07 seconds
      user cpu time       0.03 seconds
      system cpu time     0.05 seconds
      memory              3627.65k
      OS Memory           33960.00k
      Timestamp           08/26/2026 09:49:37 PM
      Step Count                        1922  Switch Count  2
      Page Faults                       0
      Page Reclaims                     633
      Page Swaps                        0
      Voluntary Context Switches        11
      Involuntary Context Switches      3
      Block Input Operations            0
      Block Output Operations           170248
      

NOTE: [ADLB] Key PARAMCD upcased and stripped on _qc_ref for case-safe match

NOTE: There were 83652 observations read from the data set WORK._QC_REF.
NOTE: The data set WORK._QC_REF has 83652 observations and 115 variables.
NOTE: DATA statement used (Total process time):
      real time           0.07 seconds
      user cpu time       0.01 seconds
      system cpu time     0.06 seconds
      memory              3626.15k
      OS Memory           33960.00k
      Timestamp           08/26/2026 09:49:37 PM
      Step Count                        1923  Switch Count  2
      Page Faults                       0
      Page Reclaims                     633
      Page Swaps                        0
      Voluntary Context Switches        11
      Involuntary Context Switches      2
      Block Input Operations            0
      Block Output Operations           170248
      

NOTE: [ADLB] Key DTYPE upcased and stripped on _qc_ref for case-safe match

170                                                        The SAS System                     Wednesday, August 26, 2026 02:49:37 PM

NOTE: Missing values were generated as a result of performing an operation on missing values.
      Each place is given by: (Number of times) at (Line):(Column).
      83652 at 3446:60   73 at 3446:60      82967 at 3446:60   
NOTE: There were 83652 observations read from the data set WORK._QC_SAS.
NOTE: The data set WORK._QC_SAS has 83652 observations and 115 variables.
NOTE: DATA statement used (Total process time):
      real time           0.17 seconds
      user cpu time       0.05 seconds
      system cpu time     0.12 seconds
      memory              3655.00k
      OS Memory           33960.00k
      Timestamp           08/26/2026 09:49:37 PM
      Step Count                        1924  Switch Count  2
      Page Faults                       0
      Page Reclaims                     633
      Page Swaps                        0
      Voluntary Context Switches        11
      Involuntary Context Switches      1
      Block Input Operations            0
      Block Output Operations           357136
      


NOTE: Missing values were generated as a result of performing an operation on missing values.
      Each place is given by: (Number of times) at (Line):(Column).
      83652 at 3446:60   73 at 3446:60      82967 at 3446:60   
NOTE: There were 83652 observations read from the data set WORK._QC_REF.
NOTE: The data set WORK._QC_REF has 83652 observations and 115 variables.
NOTE: DATA statement used (Total process time):
      real time           0.10 seconds
      user cpu time       0.04 seconds
      system cpu time     0.06 seconds
      memory              3658.43k
      OS Memory           33960.00k
      Timestamp           08/26/2026 09:49:37 PM
      Step Count                        1925  Switch Count  2
      Page Faults                       0
      Page Reclaims                     633
      Page Swaps                        0
      Voluntary Context Switches        11
      Involuntary Context Switches      1
      Block Input Operations            0
      Block Output Operations           170248
      

NOTE: [ADLB] m_qc_norm_dtm_scale starting on _qc_sas vars=TRTSDTM TRTEDTM

NOTE: There were 83652 observations read from the data set WORK._QC_SAS.
NOTE: The data set WORK._QC_SAS has 83652 observations and 115 variables.
NOTE: DATA statement used (Total process time):
      real time           0.15 seconds
      user cpu time       0.04 seconds
      system cpu time     0.12 seconds
      memory              3649.37k
      OS Memory           33960.00k
      Timestamp           08/26/2026 09:49:37 PM
      Step Count                        1926  Switch Count  2
      Page Faults                       0
171                                                        The SAS System                     Wednesday, August 26, 2026 02:49:37 PM

      Page Reclaims                     633
      Page Swaps                        0
      Voluntary Context Switches        11
      Involuntary Context Switches      0
      Block Input Operations            0
      Block Output Operations           357128
      

NOTE: [ADLB] Promoted date-scale *DTM on _qc_sas - vars=TRTSDTM TRTEDTM n_scale=0 n_midnight=83579 (XPT Date vs SAS datetime).
NOTE: [ADLB] m_qc_norm_dtm_scale starting on _qc_ref vars=TRTSDTM TRTEDTM

NOTE: There were 83652 observations read from the data set WORK._QC_REF.
NOTE: The data set WORK._QC_REF has 83652 observations and 115 variables.
NOTE: DATA statement used (Total process time):
      real time           0.07 seconds
      user cpu time       0.04 seconds
      system cpu time     0.04 seconds
      memory              3653.56k
      OS Memory           33960.00k
      Timestamp           08/26/2026 09:49:37 PM
      Step Count                        1927  Switch Count  2
      Page Faults                       0
      Page Reclaims                     633
      Page Swaps                        0
      Voluntary Context Switches        11
      Involuntary Context Switches      1
      Block Input Operations            0
      Block Output Operations           170248
      

NOTE: [ADLB] Promoted date-scale *DTM on _qc_ref - vars=TRTSDTM TRTEDTM n_scale=167231 n_midnight=0 (XPT Date vs SAS datetime).

NOTE: There were 83652 observations read from the data set WORK._QC_SAS.
NOTE: The data set WORK._QC_SAS has 83652 observations and 115 variables.
NOTE: PROCEDURE SORT used (Total process time):
      real time           0.29 seconds
      user cpu time       0.08 seconds
      system cpu time     0.22 seconds
      memory              189972.59k
      OS Memory           218992.00k
      Timestamp           08/26/2026 09:49:38 PM
      Step Count                        1928  Switch Count  2
      Page Faults                       0
      Page Reclaims                     46931
      Page Swaps                        0
      Voluntary Context Switches        11
      Involuntary Context Switches      5
      Block Input Operations            0
      Block Output Operations           357136
      


NOTE: There were 83652 observations read from the data set WORK._QC_SAS.
NOTE: The data set WORK._QC_SAS has 83652 observations and 116 variables.
NOTE: DATA statement used (Total process time):
      real time           0.15 seconds
      user cpu time       0.03 seconds
      system cpu time     0.12 seconds
172                                                        The SAS System                     Wednesday, August 26, 2026 02:49:38 PM

      memory              3642.62k
      OS Memory           33960.00k
      Timestamp           08/26/2026 09:49:38 PM
      Step Count                        1929  Switch Count  2
      Page Faults                       0
      Page Reclaims                     633
      Page Swaps                        0
      Voluntary Context Switches        11
      Involuntary Context Switches      2
      Block Input Operations            0
      Block Output Operations           363016
      


NOTE: There were 83652 observations read from the data set WORK._QC_SAS.
NOTE: The data set WORK._QC_SAS has 83652 observations and 116 variables.
NOTE: PROCEDURE SORT used (Total process time):
      real time           0.27 seconds
      user cpu time       0.06 seconds
      system cpu time     0.21 seconds
      memory              189970.90k
      OS Memory           218992.00k
      Timestamp           08/26/2026 09:49:38 PM
      Step Count                        1930  Switch Count  2
      Page Faults                       0
      Page Reclaims                     46931
      Page Swaps                        0
      Voluntary Context Switches        11
      Involuntary Context Switches      3
      Block Input Operations            0
      Block Output Operations           363016
      


NOTE: There were 83652 observations read from the data set WORK._QC_REF.
NOTE: The data set WORK._QC_REF has 83652 observations and 115 variables.
NOTE: PROCEDURE SORT used (Total process time):
      real time           0.15 seconds
      user cpu time       0.04 seconds
      system cpu time     0.11 seconds
      memory              94162.87k
      OS Memory           123352.00k
      Timestamp           08/26/2026 09:49:38 PM
      Step Count                        1931  Switch Count  2
      Page Faults                       0
      Page Reclaims                     23176
      Page Swaps                        0
      Voluntary Context Switches        11
      Involuntary Context Switches      2
      Block Input Operations            0
      Block Output Operations           170248
      


NOTE: There were 83652 observations read from the data set WORK._QC_REF.
NOTE: The data set WORK._QC_REF has 83652 observations and 116 variables.
NOTE: DATA statement used (Total process time):
      real time           0.08 seconds
173                                                        The SAS System                     Wednesday, August 26, 2026 02:49:38 PM

      user cpu time       0.03 seconds
      system cpu time     0.06 seconds
      memory              3645.12k
      OS Memory           33960.00k
      Timestamp           08/26/2026 09:49:38 PM
      Step Count                        1932  Switch Count  2
      Page Faults                       0
      Page Reclaims                     633
      Page Swaps                        0
      Voluntary Context Switches        11
      Involuntary Context Switches      0
      Block Input Operations            0
      Block Output Operations           171528
      


NOTE: There were 83652 observations read from the data set WORK._QC_REF.
NOTE: The data set WORK._QC_REF has 83652 observations and 116 variables.
NOTE: PROCEDURE SORT used (Total process time):
      real time           0.14 seconds
      user cpu time       0.03 seconds
      system cpu time     0.11 seconds
      memory              95175.93k
      OS Memory           124364.00k
      Timestamp           08/26/2026 09:49:38 PM
      Step Count                        1933  Switch Count  2
      Page Faults                       0
      Page Reclaims                     23366
      Page Swaps                        0
      Voluntary Context Switches        11
      Involuntary Context Switches      1
      Block Input Operations            0
      Block Output Operations           171528
      

NOTE: PROCEDURE SQL used (Total process time):
      real time           0.05 seconds
      user cpu time       0.01 seconds
      system cpu time     0.05 seconds
      memory              6884.18k
      OS Memory           36520.00k
      Timestamp           08/26/2026 09:49:38 PM
      Step Count                        1934  Switch Count  2
      Page Faults                       0
      Page Reclaims                     544
      Page Swaps                        0
      Voluntary Context Switches        6
      Involuntary Context Switches      0
      Block Input Operations            0
      Block Output Operations           0
      

NOTE: [ADLB] Sort key USUBJID PARAMCD AVISITN DTYPE ADT is unique on both sides.

NOTE: There were 83652 observations read from the data set WORK._QC_SAS.
NOTE: There were 83652 observations read from the data set WORK._QC_REF.
NOTE: The data set WORK._QC_KEYS has 0 observations and 7 variables.
NOTE: DATA statement used (Total process time):
174                                                        The SAS System                     Wednesday, August 26, 2026 02:49:39 PM

      real time           0.08 seconds
      user cpu time       0.02 seconds
      system cpu time     0.06 seconds
      memory              3969.78k
      OS Memory           33708.00k
      Timestamp           08/26/2026 09:49:39 PM
      Step Count                        1935  Switch Count  2
      Page Faults                       0
      Page Reclaims                     715
      Page Swaps                        0
      Voluntary Context Switches        11
      Involuntary Context Switches      0
      Block Input Operations            0
      Block Output Operations           264
      

NOTE: PROCEDURE SQL used (Total process time):
      real time           0.00 seconds
      user cpu time       0.00 seconds
      system cpu time     0.00 seconds
      memory              5519.59k
      OS Memory           35496.00k
      Timestamp           08/26/2026 09:49:39 PM
      Step Count                        1936  Switch Count  0
      Page Faults                       0
      Page Reclaims                     90
      Page Swaps                        0
      Voluntary Context Switches        0
      Involuntary Context Switches      1
      Block Input Operations            0
      Block Output Operations           0
      

NOTE: [ADLB] key orphans SAS_ONLY=0 REF_ONLY=0 on key USUBJID PARAMCD AVISITN DTYPE ADT

NOTE: Numeric values have been converted to character values at the places given by: (Line):(Column).
      3446:1   3446:1   3446:1   3446:1   3446:1   3446:1   3446:1   3446:1   3446:1   3446:1   3446:1   3446:1   3446:1   3446:1
      3446:1   3446:1   
NOTE: Missing values were generated as a result of performing an operation on missing values.
      Each place is given by: (Number of times) at (Line):(Column).
      1105 at 3446:97     1105 at 3446:104    1812 at 3446:97     1812 at 3446:104    10832 at 3446:97    10832 at 3446:104
      13445 at 3446:97    13445 at 3446:104   4913 at 3446:97     4913 at 3446:104    4913 at 3446:97     4913 at 3446:104
NOTE: There were 83652 observations read from the data set WORK._QC_SAS.
NOTE: There were 83652 observations read from the data set WORK._QC_REF.
NOTE: The data set WORK._QC_MIS has 0 observations and 11 variables.
NOTE: DATA statement used (Total process time):
      real time           0.30 seconds
      user cpu time       0.25 seconds
      system cpu time     0.05 seconds
      memory              5073.34k
      OS Memory           34768.00k
      Timestamp           08/26/2026 09:49:39 PM
      Step Count                        1937  Switch Count  2
      Page Faults                       0
      Page Reclaims                     916
      Page Swaps                        0
      Voluntary Context Switches        12
      Involuntary Context Switches      0
175                                                        The SAS System                     Wednesday, August 26, 2026 02:49:39 PM

      Block Input Operations            0
      Block Output Operations           272
      

NOTE: PROCEDURE SQL used (Total process time):
      real time           0.00 seconds
      user cpu time       0.00 seconds
      system cpu time     0.00 seconds
      memory              5459.03k
      OS Memory           35240.00k
      Timestamp           08/26/2026 09:49:39 PM
      Step Count                        1938  Switch Count  0
      Page Faults                       0
      Page Reclaims                     52
      Page Swaps                        0
      Voluntary Context Switches        0
      Involuntary Context Switches      0
      Block Input Operations            0
      Block Output Operations           0
      

NOTE: [ADLB] value mismatches=0
NOTE: [ADLB] COMPARE PASSED

NOTE: Appending WORK._QC_MIS to WORK._QC_ALL_MIS.
WARNING: Variable AVISITN was not found on BASE file. The variable will not be added to the BASE file.
WARNING: Variable DTYPE was not found on BASE file. The variable will not be added to the BASE file.
WARNING: Variable USUBJID has different lengths on BASE and DATA files (BASE 40 DATA 11).
WARNING: Variable PARAMCD has different lengths on BASE and DATA files (BASE 16 DATA 8).
WARNING: Variable AVISIT was not found on DATA file.
WARNING: Variable AEDECOD was not found on DATA file.
WARNING: Variable CMDECOD was not found on DATA file.
WARNING: Variable AESEQ was not found on DATA file.
WARNING: Variable VSSEQ was not found on DATA file.
WARNING: Variable EGSEQ was not found on DATA file.
WARNING: Variable CMSEQ was not found on DATA file.
WARNING: Variable ASTDT was not found on DATA file.
NOTE: FORCE is specified, so dropping/truncating will occur.
NOTE: There were 0 observations read from the data set WORK._QC_MIS.
NOTE: 0 observations added.
NOTE: The data set WORK._QC_ALL_MIS has 2 observations and 17 variables.
NOTE: PROCEDURE APPEND used (Total process time):
      real time           0.00 seconds
      user cpu time       0.01 seconds
      system cpu time     0.00 seconds
      memory              973.37k
      OS Memory           30636.00k
      Timestamp           08/26/2026 09:49:39 PM
      Step Count                        1939  Switch Count  0
      Page Faults                       0
      Page Reclaims                     116
      Page Swaps                        0
      Voluntary Context Switches        0
      Involuntary Context Switches      0
      Block Input Operations            0
      Block Output Operations           8
      

176                                                        The SAS System                     Wednesday, August 26, 2026 02:49:39 PM

NOTE: ===== COMPARE ADLB: n_sas(compare)=83652  n_ref(base)=83652 =====
NOTE: [PROC COMPARE ADLB] Row counts match (n=83652) - proceeding to key match and value compare.
NOTE: [ADLB] keysrc=CALLER - ignoring adam/ref SORTEDBY - using sortkeys=USUBJID PARAMCD AVISITN DTYPE ADT tiebreak=LBSEQ
NOTE: [ADLB] MATCH KEY source=CALLER sortkeys=USUBJID PARAMCD AVISITN DTYPE ADT tiebreak=LBSEQ plus derived _KEYSEQ

NOTE: There were 83652 observations read from the data set ADAM.ADLB.
NOTE: The data set WORK._PC_COMP has 83652 observations and 115 variables.
NOTE: DATA statement used (Total process time):
      real time           0.13 seconds
      user cpu time       0.02 seconds
      system cpu time     0.10 seconds
      memory              3617.00k
      OS Memory           33704.00k
      Timestamp           08/26/2026 09:49:39 PM
      Step Count                        1940  Switch Count  2
      Page Faults                       0
      Page Reclaims                     633
      Page Swaps                        0
      Voluntary Context Switches        19
      Involuntary Context Switches      3
      Block Input Operations            0
      Block Output Operations           357136
      


NOTE: There were 83652 observations read from the data set REF_PVA.REFADLB.
NOTE: The data set WORK._PC_BASE has 83652 observations and 115 variables.
NOTE: DATA statement used (Total process time):
      real time           0.06 seconds
      user cpu time       0.02 seconds
      system cpu time     0.04 seconds
      memory              3616.28k
      OS Memory           33704.00k
      Timestamp           08/26/2026 09:49:39 PM
      Step Count                        1941  Switch Count  2
      Page Faults                       0
      Page Reclaims                     633
      Page Swaps                        0
      Voluntary Context Switches        18
      Involuntary Context Switches      2
      Block Input Operations            0
      Block Output Operations           170248
      

NOTE: PROCEDURE SQL used (Total process time):
      real time           0.06 seconds
      user cpu time       0.04 seconds
      system cpu time     0.03 seconds
      memory              6862.53k
      OS Memory           36264.00k
      Timestamp           08/26/2026 09:49:39 PM
      Step Count                        1942  Switch Count  1
      Page Faults                       0
      Page Reclaims                     279
      Page Swaps                        0
      Voluntary Context Switches        3
      Involuntary Context Switches      0
      Block Input Operations            0
177                                                        The SAS System                     Wednesday, August 26, 2026 02:49:39 PM

      Block Output Operations           0
      

NOTE: [ADLB] SAS key USUBJID already uppercase (or all missing).
NOTE: PROCEDURE SQL used (Total process time):
      real time           0.07 seconds
      user cpu time       0.03 seconds
      system cpu time     0.04 seconds
      memory              6862.53k
      OS Memory           36264.00k
      Timestamp           08/26/2026 09:49:39 PM
      Step Count                        1943  Switch Count  1
      Page Faults                       0
      Page Reclaims                     279
      Page Swaps                        0
      Voluntary Context Switches        3
      Involuntary Context Switches      0
      Block Input Operations            0
      Block Output Operations           0
      

NOTE: [ADLB] SAS key PARAMCD already uppercase (or all missing).
NOTE: PROCEDURE SQL used (Total process time):
      real time           0.05 seconds
      user cpu time       0.03 seconds
      system cpu time     0.03 seconds
      memory              6862.53k
      OS Memory           36264.00k
      Timestamp           08/26/2026 09:49:39 PM
      Step Count                        1944  Switch Count  1
      Page Faults                       0
      Page Reclaims                     279
      Page Swaps                        0
      Voluntary Context Switches        3
      Involuntary Context Switches      1
      Block Input Operations            0
      Block Output Operations           0
      

NOTE: [ADLB] SAS key DTYPE already uppercase (or all missing).
NOTE: PROCEDURE SQL used (Total process time):
      real time           0.04 seconds
      user cpu time       0.03 seconds
      system cpu time     0.01 seconds
      memory              6861.50k
      OS Memory           36264.00k
      Timestamp           08/26/2026 09:49:39 PM
      Step Count                        1945  Switch Count  1
      Page Faults                       0
      Page Reclaims                     279
      Page Swaps                        0
      Voluntary Context Switches        3
      Involuntary Context Switches      1
      Block Input Operations            0
      Block Output Operations           0
      

NOTE: [ADLB] REF key USUBJID already uppercase (or all missing).
178                                                        The SAS System                     Wednesday, August 26, 2026 02:49:39 PM

NOTE: PROCEDURE SQL used (Total process time):
      real time           0.05 seconds
      user cpu time       0.04 seconds
      system cpu time     0.02 seconds
      memory              6861.50k
      OS Memory           36264.00k
      Timestamp           08/26/2026 09:49:39 PM
      Step Count                        1946  Switch Count  1
      Page Faults                       0
      Page Reclaims                     279
      Page Swaps                        0
      Voluntary Context Switches        3
      Involuntary Context Switches      1
      Block Input Operations            0
      Block Output Operations           8
      

NOTE: [ADLB] REF key PARAMCD already uppercase (or all missing).
NOTE: PROCEDURE SQL used (Total process time):
      real time           0.03 seconds
      user cpu time       0.02 seconds
      system cpu time     0.02 seconds
      memory              6861.50k
      OS Memory           36264.00k
      Timestamp           08/26/2026 09:49:39 PM
      Step Count                        1947  Switch Count  1
      Page Faults                       0
      Page Reclaims                     279
      Page Swaps                        0
      Voluntary Context Switches        3
      Involuntary Context Switches      1
      Block Input Operations            0
      Block Output Operations           0
      

NOTE: [ADLB] REF key DTYPE already uppercase (or all missing).

NOTE: There were 83652 observations read from the data set WORK._PC_COMP.
NOTE: The data set WORK._PC_COMP has 83652 observations and 115 variables.
NOTE: DATA statement used (Total process time):
      real time           0.14 seconds
      user cpu time       0.03 seconds
      system cpu time     0.12 seconds
      memory              3630.00k
      OS Memory           33704.00k
      Timestamp           08/26/2026 09:49:40 PM
      Step Count                        1948  Switch Count  10
      Page Faults                       0
      Page Reclaims                     633
      Page Swaps                        0
      Voluntary Context Switches        33
      Involuntary Context Switches      3
      Block Input Operations            0
      Block Output Operations           357128
      

NOTE: [ADLB] Key USUBJID upcased and stripped on _pc_comp for case-safe match

179                                                        The SAS System                     Wednesday, August 26, 2026 02:49:40 PM

NOTE: There were 83652 observations read from the data set WORK._PC_COMP.
NOTE: The data set WORK._PC_COMP has 83652 observations and 115 variables.
NOTE: DATA statement used (Total process time):
      real time           0.15 seconds
      user cpu time       0.04 seconds
      system cpu time     0.11 seconds
      memory              3626.18k
      OS Memory           33704.00k
      Timestamp           08/26/2026 09:49:40 PM
      Step Count                        1949  Switch Count  2
      Page Faults                       0
      Page Reclaims                     633
      Page Swaps                        0
      Voluntary Context Switches        11
      Involuntary Context Switches      5
      Block Input Operations            0
      Block Output Operations           357128
      

NOTE: [ADLB] Key PARAMCD upcased and stripped on _pc_comp for case-safe match

NOTE: There were 83652 observations read from the data set WORK._PC_COMP.
NOTE: The data set WORK._PC_COMP has 83652 observations and 115 variables.
NOTE: DATA statement used (Total process time):
      real time           0.15 seconds
      user cpu time       0.03 seconds
      system cpu time     0.13 seconds
      memory              3629.62k
      OS Memory           33704.00k
      Timestamp           08/26/2026 09:49:40 PM
      Step Count                        1950  Switch Count  2
      Page Faults                       0
      Page Reclaims                     633
      Page Swaps                        0
      Voluntary Context Switches        11
      Involuntary Context Switches      4
      Block Input Operations            0
      Block Output Operations           357128
      

NOTE: [ADLB] Key DTYPE upcased and stripped on _pc_comp for case-safe match

NOTE: There were 83652 observations read from the data set WORK._PC_BASE.
NOTE: The data set WORK._PC_BASE has 83652 observations and 115 variables.
NOTE: DATA statement used (Total process time):
      real time           0.07 seconds
      user cpu time       0.02 seconds
      system cpu time     0.05 seconds
      memory              3629.06k
      OS Memory           33704.00k
      Timestamp           08/26/2026 09:49:40 PM
      Step Count                        1951  Switch Count  2
      Page Faults                       0
      Page Reclaims                     633
      Page Swaps                        0
      Voluntary Context Switches        11
      Involuntary Context Switches      1
      Block Input Operations            0
180                                                        The SAS System                     Wednesday, August 26, 2026 02:49:40 PM

      Block Output Operations           170248
      

NOTE: [ADLB] Key USUBJID upcased and stripped on _pc_base for case-safe match

NOTE: There were 83652 observations read from the data set WORK._PC_BASE.
NOTE: The data set WORK._PC_BASE has 83652 observations and 115 variables.
NOTE: DATA statement used (Total process time):
      real time           0.07 seconds
      user cpu time       0.02 seconds
      system cpu time     0.05 seconds
      memory              3632.53k
      OS Memory           33704.00k
      Timestamp           08/26/2026 09:49:40 PM
      Step Count                        1952  Switch Count  2
      Page Faults                       0
      Page Reclaims                     633
      Page Swaps                        0
      Voluntary Context Switches        10
      Involuntary Context Switches      0
      Block Input Operations            0
      Block Output Operations           170248
      

NOTE: [ADLB] Key PARAMCD upcased and stripped on _pc_base for case-safe match

NOTE: There were 83652 observations read from the data set WORK._PC_BASE.
NOTE: The data set WORK._PC_BASE has 83652 observations and 115 variables.
NOTE: DATA statement used (Total process time):
      real time           0.07 seconds
      user cpu time       0.02 seconds
      system cpu time     0.06 seconds
      memory              3628.96k
      OS Memory           33704.00k
      Timestamp           08/26/2026 09:49:40 PM
      Step Count                        1953  Switch Count  2
      Page Faults                       0
      Page Reclaims                     633
      Page Swaps                        0
      Voluntary Context Switches        11
      Involuntary Context Switches      0
      Block Input Operations            0
      Block Output Operations           170248
      

NOTE: [ADLB] Key DTYPE upcased and stripped on _pc_base for case-safe match

NOTE: Missing values were generated as a result of performing an operation on missing values.
      Each place is given by: (Number of times) at (Line):(Column).
      83652 at 3446:60   73 at 3446:60      82967 at 3446:60   
NOTE: There were 83652 observations read from the data set WORK._PC_COMP.
NOTE: The data set WORK._PC_COMP has 83652 observations and 115 variables.
NOTE: DATA statement used (Total process time):
      real time           0.18 seconds
      user cpu time       0.06 seconds
      system cpu time     0.12 seconds
      memory              3658.06k
      OS Memory           33704.00k
181                                                        The SAS System                     Wednesday, August 26, 2026 02:49:40 PM

      Timestamp           08/26/2026 09:49:40 PM
      Step Count                        1954  Switch Count  2
      Page Faults                       0
      Page Reclaims                     633
      Page Swaps                        0
      Voluntary Context Switches        11
      Involuntary Context Switches      1
      Block Input Operations            0
      Block Output Operations           357128
      


NOTE: Missing values were generated as a result of performing an operation on missing values.
      Each place is given by: (Number of times) at (Line):(Column).
      83652 at 3446:60   73 at 3446:60      82967 at 3446:60   
NOTE: There were 83652 observations read from the data set WORK._PC_BASE.
NOTE: The data set WORK._PC_BASE has 83652 observations and 115 variables.
NOTE: DATA statement used (Total process time):
      real time           0.10 seconds
      user cpu time       0.04 seconds
      system cpu time     0.06 seconds
      memory              3657.50k
      OS Memory           33704.00k
      Timestamp           08/26/2026 09:49:40 PM
      Step Count                        1955  Switch Count  2
      Page Faults                       0
      Page Reclaims                     633
      Page Swaps                        0
      Voluntary Context Switches        11
      Involuntary Context Switches      1
      Block Input Operations            0
      Block Output Operations           170248
      

NOTE: [ADLB] m_qc_norm_dtm_scale starting on _pc_comp vars=TRTSDTM TRTEDTM

NOTE: There were 83652 observations read from the data set WORK._PC_COMP.
NOTE: The data set WORK._PC_COMP has 83652 observations and 115 variables.
NOTE: DATA statement used (Total process time):
      real time           0.15 seconds
      user cpu time       0.03 seconds
      system cpu time     0.12 seconds
      memory              3648.71k
      OS Memory           33704.00k
      Timestamp           08/26/2026 09:49:41 PM
      Step Count                        1956  Switch Count  2
      Page Faults                       0
      Page Reclaims                     633
      Page Swaps                        0
      Voluntary Context Switches        11
      Involuntary Context Switches      3
      Block Input Operations            0
      Block Output Operations           357128
      

NOTE: [ADLB] Promoted date-scale *DTM on _pc_comp - vars=TRTSDTM TRTEDTM n_scale=0 n_midnight=83579 (XPT Date vs SAS datetime).
NOTE: [ADLB] m_qc_norm_dtm_scale starting on _pc_base vars=TRTSDTM TRTEDTM

182                                                        The SAS System                     Wednesday, August 26, 2026 02:49:41 PM

NOTE: There were 83652 observations read from the data set WORK._PC_BASE.
NOTE: The data set WORK._PC_BASE has 83652 observations and 115 variables.
NOTE: DATA statement used (Total process time):
      real time           0.07 seconds
      user cpu time       0.01 seconds
      system cpu time     0.07 seconds
      memory              3654.71k
      OS Memory           33704.00k
      Timestamp           08/26/2026 09:49:41 PM
      Step Count                        1957  Switch Count  2
      Page Faults                       0
      Page Reclaims                     633
      Page Swaps                        0
      Voluntary Context Switches        11
      Involuntary Context Switches      0
      Block Input Operations            0
      Block Output Operations           170248
      

NOTE: [ADLB] Promoted date-scale *DTM on _pc_base - vars=TRTSDTM TRTEDTM n_scale=167231 n_midnight=0 (XPT Date vs SAS datetime).

NOTE: There were 83652 observations read from the data set WORK._PC_COMP.
NOTE: The data set WORK._PC_COMP has 83652 observations and 115 variables.
NOTE: PROCEDURE SORT used (Total process time):
      real time           0.27 seconds
      user cpu time       0.05 seconds
      system cpu time     0.22 seconds
      memory              189972.68k
      OS Memory           218736.00k
      Timestamp           08/26/2026 09:49:41 PM
      Step Count                        1958  Switch Count  2
      Page Faults                       0
      Page Reclaims                     46931
      Page Swaps                        0
      Voluntary Context Switches        12
      Involuntary Context Switches      1
      Block Input Operations            0
      Block Output Operations           357128
      


NOTE: There were 83652 observations read from the data set WORK._PC_COMP.
NOTE: The data set WORK._PC_COMP has 83652 observations and 116 variables.
NOTE: DATA statement used (Total process time):
      real time           0.15 seconds
      user cpu time       0.04 seconds
      system cpu time     0.12 seconds
      memory              3640.68k
      OS Memory           33704.00k
      Timestamp           08/26/2026 09:49:41 PM
      Step Count                        1959  Switch Count  2
      Page Faults                       0
      Page Reclaims                     633
      Page Swaps                        0
      Voluntary Context Switches        11
      Involuntary Context Switches      1
      Block Input Operations            0
      Block Output Operations           363016
183                                                        The SAS System                     Wednesday, August 26, 2026 02:49:41 PM

      


NOTE: There were 83652 observations read from the data set WORK._PC_COMP.
NOTE: The data set WORK._PC_COMP has 83652 observations and 116 variables.
NOTE: PROCEDURE SORT used (Total process time):
      real time           0.28 seconds
      user cpu time       0.09 seconds
      system cpu time     0.20 seconds
      memory              189971.40k
      OS Memory           218736.00k
      Timestamp           08/26/2026 09:49:41 PM
      Step Count                        1960  Switch Count  2
      Page Faults                       0
      Page Reclaims                     46931
      Page Swaps                        0
      Voluntary Context Switches        12
      Involuntary Context Switches      3
      Block Input Operations            0
      Block Output Operations           363016
      


NOTE: There were 83652 observations read from the data set WORK._PC_BASE.
NOTE: The data set WORK._PC_BASE has 83652 observations and 115 variables.
NOTE: PROCEDURE SORT used (Total process time):
      real time           0.14 seconds
      user cpu time       0.04 seconds
      system cpu time     0.09 seconds
      memory              94162.78k
      OS Memory           123096.00k
      Timestamp           08/26/2026 09:49:42 PM
      Step Count                        1961  Switch Count  2
      Page Faults                       0
      Page Reclaims                     23177
      Page Swaps                        0
      Voluntary Context Switches        11
      Involuntary Context Switches      0
      Block Input Operations            0
      Block Output Operations           170248
      


NOTE: There were 83652 observations read from the data set WORK._PC_BASE.
NOTE: The data set WORK._PC_BASE has 83652 observations and 116 variables.
NOTE: DATA statement used (Total process time):
      real time           0.08 seconds
      user cpu time       0.02 seconds
      system cpu time     0.07 seconds
      memory              3650.71k
      OS Memory           33704.00k
      Timestamp           08/26/2026 09:49:42 PM
      Step Count                        1962  Switch Count  2
      Page Faults                       0
      Page Reclaims                     633
      Page Swaps                        0
      Voluntary Context Switches        12
      Involuntary Context Switches      0
184                                                        The SAS System                     Wednesday, August 26, 2026 02:49:42 PM

      Block Input Operations            0
      Block Output Operations           171528
      


NOTE: There were 83652 observations read from the data set WORK._PC_BASE.
NOTE: The data set WORK._PC_BASE has 83652 observations and 116 variables.
NOTE: PROCEDURE SORT used (Total process time):
      real time           0.14 seconds
      user cpu time       0.05 seconds
      system cpu time     0.09 seconds
      memory              95175.65k
      OS Memory           124108.00k
      Timestamp           08/26/2026 09:49:42 PM
      Step Count                        1963  Switch Count  2
      Page Faults                       0
      Page Reclaims                     23366
      Page Swaps                        0
      Voluntary Context Switches        11
      Involuntary Context Switches      0
      Block Input Operations            0
      Block Output Operations           171528
      

NOTE: PROCEDURE SQL used (Total process time):
      real time           0.06 seconds
      user cpu time       0.00 seconds
      system cpu time     0.06 seconds
      memory              6884.18k
      OS Memory           36264.00k
      Timestamp           08/26/2026 09:49:42 PM
      Step Count                        1964  Switch Count  2
      Page Faults                       0
      Page Reclaims                     544
      Page Swaps                        0
      Voluntary Context Switches        6
      Involuntary Context Switches      0
      Block Input Operations            0
      Block Output Operations           0
      

NOTE: [ADLB] Sort key USUBJID PARAMCD AVISITN DTYPE ADT is unique on both sides.
NOTE: [PROC COMPARE ADLB] Applying m_qc_norm_dtm_scale on _pc_base/_pc_comp before PROC COMPARE.
NOTE: [ADLB_pc_base] m_qc_norm_dtm_scale starting on _pc_base vars=TRTSDTM TRTEDTM

NOTE: There were 83652 observations read from the data set WORK._PC_BASE.
NOTE: The data set WORK._PC_BASE has 83652 observations and 116 variables.
NOTE: DATA statement used (Total process time):
      real time           0.08 seconds
      user cpu time       0.03 seconds
      system cpu time     0.06 seconds
      memory              3655.84k
      OS Memory           33704.00k
      Timestamp           08/26/2026 09:49:42 PM
      Step Count                        1965  Switch Count  2
      Page Faults                       0
      Page Reclaims                     633
      Page Swaps                        0
185                                                        The SAS System                     Wednesday, August 26, 2026 02:49:42 PM

      Voluntary Context Switches        11
      Involuntary Context Switches      1
      Block Input Operations            0
      Block Output Operations           171528
      

NOTE: [ADLB_pc_base] Promoted date-scale *DTM on _pc_base - vars=TRTSDTM TRTEDTM n_scale=0 n_midnight=0 (XPT Date vs SAS datetime).
NOTE: [ADLB_pc_comp] m_qc_norm_dtm_scale starting on _pc_comp vars=TRTSDTM TRTEDTM

NOTE: There were 83652 observations read from the data set WORK._PC_COMP.
NOTE: The data set WORK._PC_COMP has 83652 observations and 116 variables.
NOTE: DATA statement used (Total process time):
      real time           0.15 seconds
      user cpu time       0.02 seconds
      system cpu time     0.13 seconds
      memory              3651.31k
      OS Memory           33704.00k
      Timestamp           08/26/2026 09:49:42 PM
      Step Count                        1966  Switch Count  2
      Page Faults                       0
      Page Reclaims                     633
      Page Swaps                        0
      Voluntary Context Switches        12
      Involuntary Context Switches      3
      Block Input Operations            0
      Block Output Operations           363016
      

NOTE: [ADLB_pc_comp] Promoted date-scale *DTM on _pc_comp - vars=TRTSDTM TRTEDTM n_scale=0 n_midnight=0 (XPT Date vs SAS datetime).

NOTE: There were 83652 observations read from the data set WORK._PC_BASE.
NOTE: There were 83652 observations read from the data set WORK._PC_COMP.
NOTE: The data set WORK._PC_OUT has 0 observations and 117 variables.
NOTE: PROCEDURE COMPARE used (Total process time):
      real time           0.28 seconds
      user cpu time       0.23 seconds
      system cpu time     0.06 seconds
      memory              4257.28k
      OS Memory           33452.00k
      Timestamp           08/26/2026 09:49:42 PM
      Step Count                        1967  Switch Count  2
      Page Faults                       0
      Page Reclaims                     738
      Page Swaps                        0
      Voluntary Context Switches        11
      Involuntary Context Switches      1
      Block Input Operations            0
      Block Output Operations           264
      


WARNING: Multiple lengths were specified for the BY variable PARAMCD by input data sets. This might cause unexpected results.
WARNING: Multiple lengths were specified for the BY variable DTYPE by input data sets. This might cause unexpected results.
NOTE: There were 83652 observations read from the data set WORK._PC_BASE.
NOTE: There were 83652 observations read from the data set WORK._PC_COMP.
NOTE: The data set WORK._PC_OB has 0 observations and 6 variables.
NOTE: The data set WORK._PC_OC has 0 observations and 6 variables.
NOTE: DATA statement used (Total process time):
186                                                        The SAS System                     Wednesday, August 26, 2026 02:49:43 PM

      real time           0.08 seconds
      user cpu time       0.03 seconds
      system cpu time     0.06 seconds
      memory              4262.34k
      OS Memory           33712.00k
      Timestamp           08/26/2026 09:49:43 PM
      Step Count                        1968  Switch Count  4
      Page Faults                       0
      Page Reclaims                     778
      Page Swaps                        0
      Voluntary Context Switches        20
      Involuntary Context Switches      0
      Block Input Operations            0
      Block Output Operations           528
      

NOTE: PROCEDURE SQL used (Total process time):
      real time           0.00 seconds
      user cpu time       0.00 seconds
      system cpu time     0.00 seconds
      memory              5519.28k
      OS Memory           35240.00k
      Timestamp           08/26/2026 09:49:43 PM
      Step Count                        1969  Switch Count  0
      Page Faults                       0
      Page Reclaims                     90
      Page Swaps                        0
      Voluntary Context Switches        0
      Involuntary Context Switches      0
      Block Input Operations            0
      Block Output Operations           0
      


NOTE: There were 0 observations read from the data set WORK._PC_OUT.
NOTE: The data set WORK._PC_OD has 0 observations and 117 variables.
NOTE: DATA statement used (Total process time):
      real time           0.00 seconds
      user cpu time       0.00 seconds
      system cpu time     0.00 seconds
      memory              1116.87k
      OS Memory           30376.00k
      Timestamp           08/26/2026 09:49:43 PM
      Step Count                        1970  Switch Count  2
      Page Faults                       0
      Page Reclaims                     118
      Page Swaps                        0
      Voluntary Context Switches        10
      Involuntary Context Switches      0
      Block Input Operations            0
      Block Output Operations           264
      

NOTE: PROCEDURE SQL used (Total process time):
      real time           0.00 seconds
      user cpu time       0.00 seconds
      system cpu time     0.00 seconds
      memory              5478.28k
187                                                        The SAS System                     Wednesday, August 26, 2026 02:49:43 PM

      OS Memory           35240.00k
      Timestamp           08/26/2026 09:49:43 PM
      Step Count                        1971  Switch Count  0
      Page Faults                       0
      Page Reclaims                     52
      Page Swaps                        0
      Voluntary Context Switches        0
      Involuntary Context Switches      0
      Block Input Operations            0
      Block Output Operations           0
      

NOTE: [PROC COMPARE ADLB] diffs=0 base_only=0 compare_only=0

NOTE: The data set WORK._PC_ROW has 1 observations and 4 variables.
NOTE: DATA statement used (Total process time):
      real time           0.00 seconds
      user cpu time       0.00 seconds
      system cpu time     0.00 seconds
      memory              819.46k
      OS Memory           30392.00k
      Timestamp           08/26/2026 09:49:43 PM
      Step Count                        1972  Switch Count  2
      Page Faults                       0
      Page Reclaims                     156
      Page Swaps                        0
      Voluntary Context Switches        10
      Involuntary Context Switches      0
      Block Input Operations            0
      Block Output Operations           272
      


NOTE: Appending WORK._PC_ROW to WORK.QC_PROCOMPARE_DIGEST.
NOTE: There were 1 observations read from the data set WORK._PC_ROW.
NOTE: 1 observations added.
NOTE: The data set WORK.QC_PROCOMPARE_DIGEST has 6 observations and 4 variables.
NOTE: PROCEDURE APPEND used (Total process time):
      real time           0.00 seconds
      user cpu time       0.01 seconds
      system cpu time     0.00 seconds
      memory              864.18k
      OS Memory           30636.00k
      Timestamp           08/26/2026 09:49:43 PM
      Step Count                        1973  Switch Count  0
      Page Faults                       0
      Page Reclaims                     116
      Page Swaps                        0
      Voluntary Context Switches        0
      Involuntary Context Switches      0
      Block Input Operations            0
      Block Output Operations           8
      


NOTE: The data set WORK._PC_BVARS has 115 observations and 1 variables.
NOTE: PROCEDURE CONTENTS used (Total process time):
      real time           0.00 seconds
188                                                        The SAS System                     Wednesday, August 26, 2026 02:49:43 PM

      user cpu time       0.00 seconds
      system cpu time     0.00 seconds
      memory              2398.75k
      OS Memory           31660.00k
      Timestamp           08/26/2026 09:49:43 PM
      Step Count                        1974  Switch Count  2
      Page Faults                       0
      Page Reclaims                     375
      Page Swaps                        0
      Voluntary Context Switches        16
      Involuntary Context Switches      0
      Block Input Operations            0
      Block Output Operations           272
      


NOTE: The data set WORK._PC_CVARS has 115 observations and 1 variables.
NOTE: PROCEDURE CONTENTS used (Total process time):
      real time           0.00 seconds
      user cpu time       0.00 seconds
      system cpu time     0.00 seconds
      memory              2396.81k
      OS Memory           31660.00k
      Timestamp           08/26/2026 09:49:43 PM
      Step Count                        1975  Switch Count  2
      Page Faults                       0
      Page Reclaims                     375
      Page Swaps                        0
      Voluntary Context Switches        16
      Involuntary Context Switches      0
      Block Input Operations            0
      Block Output Operations           272
      


NOTE: There were 115 observations read from the data set WORK._PC_BVARS.
NOTE: The data set WORK._PC_BVARS has 115 observations and 1 variables.
NOTE: DATA statement used (Total process time):
      real time           0.00 seconds
      user cpu time       0.00 seconds
      system cpu time     0.00 seconds
      memory              808.84k
      OS Memory           30376.00k
      Timestamp           08/26/2026 09:49:43 PM
      Step Count                        1976  Switch Count  2
      Page Faults                       0
      Page Reclaims                     120
      Page Swaps                        0
      Voluntary Context Switches        10
      Involuntary Context Switches      0
      Block Input Operations            0
      Block Output Operations           264
      


NOTE: There were 115 observations read from the data set WORK._PC_CVARS.
NOTE: The data set WORK._PC_CVARS has 115 observations and 1 variables.
NOTE: DATA statement used (Total process time):
189                                                        The SAS System                     Wednesday, August 26, 2026 02:49:43 PM

      real time           0.00 seconds
      user cpu time       0.00 seconds
      system cpu time     0.00 seconds
      memory              808.84k
      OS Memory           30376.00k
      Timestamp           08/26/2026 09:49:43 PM
      Step Count                        1977  Switch Count  2
      Page Faults                       0
      Page Reclaims                     120
      Page Swaps                        0
      Voluntary Context Switches        11
      Involuntary Context Switches      0
      Block Input Operations            0
      Block Output Operations           264
      

NOTE: Table WORK._PC_VARCLASS created, with 115 rows and 3 columns.

NOTE: PROCEDURE SQL used (Total process time):
      real time           0.00 seconds
      user cpu time       0.01 seconds
      system cpu time     0.00 seconds
      memory              5833.68k
      OS Memory           35500.00k
      Timestamp           08/26/2026 09:49:43 PM
      Step Count                        1978  Switch Count  2
      Page Faults                       0
      Page Reclaims                     167
      Page Swaps                        0
      Voluntary Context Switches        11
      Involuntary Context Switches      0
      Block Input Operations            0
      Block Output Operations           288
      


NOTE: There were 115 observations read from the data set WORK._PC_VARCLASS.
NOTE: The data set WORK._PC_VARCLASS has 115 observations and 4 variables.
NOTE: DATA statement used (Total process time):
      real time           0.00 seconds
      user cpu time       0.00 seconds
      system cpu time     0.00 seconds
      memory              827.75k
      OS Memory           30376.00k
      Timestamp           08/26/2026 09:49:43 PM
      Step Count                        1979  Switch Count  2
      Page Faults                       0
      Page Reclaims                     118
      Page Swaps                        0
      Voluntary Context Switches        10
      Involuntary Context Switches      0
      Block Input Operations            0
      Block Output Operations           264
      

NOTE: PROCEDURE SQL used (Total process time):
      real time           0.00 seconds
      user cpu time       0.00 seconds
190                                                        The SAS System                     Wednesday, August 26, 2026 02:49:43 PM

      system cpu time     0.00 seconds
      memory              5802.84k
      OS Memory           35240.00k
      Timestamp           08/26/2026 09:49:43 PM
      Step Count                        1980  Switch Count  0
      Page Faults                       0
      Page Reclaims                     128
      Page Swaps                        0
      Voluntary Context Switches        0
      Involuntary Context Switches      0
      Block Input Operations            0
      Block Output Operations           0
      

NOTE: [PROC COMPARE ADLB] VARCLASS=20260826A value_unequal=0 pva_only=0 sas_only=0

NOTE: There were 115 observations read from the data set WORK._PC_VARCLASS.
NOTE: DATA statement used (Total process time):
      real time           0.00 seconds
      user cpu time       0.01 seconds
      system cpu time     0.00 seconds
      memory              644.53k
      OS Memory           30116.00k
      Timestamp           08/26/2026 09:49:43 PM
      Step Count                        1981  Switch Count  0
      Page Faults                       0
      Page Reclaims                     57
      Page Swaps                        0
      Voluntary Context Switches        0
      Involuntary Context Switches      1
      Block Input Operations            0
      Block Output Operations           0
      

NOTE: [PROC COMPARE ADLB] var_class - no value_unequal, no PVA-only, no SAS-only.

NOTE: The file WORK._PC_OD_VARS (memtype=DATA) was not found, but appears on a DELETE statement.
NOTE: The file WORK._PC_VARFREQ (memtype=DATA) was not found, but appears on a DELETE statement.
NOTE: The file WORK._PC_VARCLASS2 (memtype=DATA) was not found, but appears on a DELETE statement.
NOTE: Deleting WORK._PC_BASE (memtype=DATA).
NOTE: Deleting WORK._PC_COMP (memtype=DATA).
NOTE: Deleting WORK._PC_OUT (memtype=DATA).
NOTE: Deleting WORK._PC_OB (memtype=DATA).
NOTE: Deleting WORK._PC_OC (memtype=DATA).
NOTE: Deleting WORK._PC_OD (memtype=DATA).
NOTE: Deleting WORK._PC_ROW (memtype=DATA).
NOTE: Deleting WORK._PC_BVARS (memtype=DATA).
NOTE: Deleting WORK._PC_CVARS (memtype=DATA).
NOTE: Deleting WORK._PC_VARCLASS (memtype=DATA).
NOTE: PROCEDURE DATASETS used (Total process time):
      real time           0.03 seconds
      user cpu time       0.00 seconds
      system cpu time     0.02 seconds
      memory              347.81k
      OS Memory           30116.00k
      Timestamp           08/26/2026 09:49:43 PM
      Step Count                        1982  Switch Count  20
      Page Faults                       0
191                                                        The SAS System                     Wednesday, August 26, 2026 02:49:43 PM

      Page Reclaims                     49
      Page Swaps                        0
      Voluntary Context Switches        90
      Involuntary Context Switches      4
      Block Input Operations            0
      Block Output Operations           16
      


NOTE: There were 6 observations read from the data set WORK.QC_PROCOMPARE_DIGEST.
NOTE: PROCEDURE PRINT used (Total process time):
      real time           0.00 seconds
      user cpu time       0.01 seconds
      system cpu time     0.00 seconds
      memory              600.62k
      OS Memory           30116.00k
      Timestamp           08/26/2026 09:49:43 PM
      Step Count                        1983  Switch Count  0
      Page Faults                       0
      Page Reclaims                     61
      Page Swaps                        0
      Voluntary Context Switches        0
      Involuntary Context Switches      0
      Block Input Operations            0
      Block Output Operations           0
      


NOTE: There were 2 observations read from the data set WORK._QC_ALL_MIS.
NOTE: PROCEDURE PRINT used (Total process time):
      real time           0.01 seconds
      user cpu time       0.01 seconds
      system cpu time     0.00 seconds
      memory              591.25k
      OS Memory           29860.00k
      Timestamp           08/26/2026 09:49:43 PM
      Step Count                        1984  Switch Count  0
      Page Faults                       0
      Page Reclaims                     61
      Page Swaps                        0
      Voluntary Context Switches        0
      Involuntary Context Switches      1
      Block Input Operations            0
      Block Output Operations           0
      


